text,category,priority,source,category_encoded,priority_encoded
vpn intermittently disconnects during remote work connections drop every 20 30 minutes while on client calls please review vpn logs and stability for my profile,IT Support,Medium,complaint_triage,0,0
request to map departmental research share i need read write access to the biology research drive the path in the wiki returns access denied could you confirm my group membership and map the drive no elevated privileges required,IT Support,Low,complaint_triage,0,1
canvas submission blocked by sso loop right before deadline sign in passes then loops to login again tried different browsers and cleared cache please break the loop or provide a temporary bypass this is time critical for my grade,IT Support,High,complaint_triage,0,2
matlab license request for course project i need matlab installed with the university license could you assist with activation on a managed laptop,IT Support,Low,complaint_triage,0,1
onedrive for education sync conflicts across lab and office pcs edits on the lab machine create conflicted copy when opened in my office i reinstalled the client and cleared cache issue persists version history shows parallel edits despite single user workflow please review client version throttling and campus network egress preserving version history is important for compliance happy to share log files and affected folder ids kindly propose a safe clean up process,IT Support,Medium,complaint_triage,0,0
library printer queue stuck at processing jobs appear in the queue but nothing prints i restarted the spooler and re added the printer toner and paper are full please check device status and backend print server,IT Support,Medium,complaint_triage,0,0
mfa reset needed after phone replacement authenticator app on new device not recognized urgent reset required to access email and lms,IT Support,High,complaint_triage,0,2
trackpad lag on loaner laptop pointer stutters especially when zoom is open i updated drivers and toggled precision settings it s making note taking oddly frustrating any recommended fixes,IT Support,Low,complaint_triage,0,1
sharepoint course folder permission missing after enrollment i enrolled yesterday folder link says i lack permission classmates can open it fine signed out in and tried different browsers ta verified my email is on the list still blocked with the same error could you grant access so i can download lab files i m catching up on lectures,IT Support,Medium,complaint_triage,0,0
software center installs failing with generic error several updates show retry without details please push remediation or advise steps,IT Support,Low,complaint_triage,0,1
teams audio device not detected before thesis defense headset shows in system settings but not in teams checked privacy permissions and drivers defense starts in an hour please assist urgently policy refresh or workaround needed,IT Support,High,complaint_triage,0,2
ssl warning on internal faculty dashboard browser reports certificate name mismatch peers report identical interstitial warnings is this a renewal delay or misconfiguration please confirm san entries and chain trust provide guidance if pinning affects clients a short post incident note would help prefer resolution before grade submission week,IT Support,Medium,complaint_triage,0,0
request for lightweight image editor on lab pc i only need crop resize for a class assignment if there s a standard tool please deploy to my profile open source is fine no admin rights necessary if via portal,IT Support,Low,complaint_triage,0,1
proxy blocks vendor documentation site docs subdomain is categorized incorrectly please review and allow if appropriate,IT Support,Medium,complaint_triage,0,0
reported phishing fake bursar notice targeting students email requests payment via a suspicious external portal i did not click links others may have received it please initiate campus wide alert and filter updates headers available for analysis kindly confirm incident response steps time sensitive to prevent credential theft appreciate quick action,IT Support,High,complaint_triage,0,2
brightness hotkeys stopped after update display is stuck too bright in lecture halls please help restore hotkey functionality,IT Support,Low,complaint_triage,0,1
power bi workspace contributor access request need to publish departmental dashboards read only currently blocks refresh and edits please add my account to the correct security group workspace id ready to share,IT Support,Medium,complaint_triage,0,0
exam portal times out on campus wi fi works on hotspot sign in spins indefinitely on eduroam cleared cache tried multiple browsers exam closes in 45 minutes please fix routing or provide an immediate workaround,IT Support,High,complaint_triage,0,2
scheduled script misses run when laptop sleeps task is set for 3 a m local time if the laptop sleeps it never catches up wake the computer seems ineffective is there a recommended policy for this could this run on a server instead looking for reliability not urgent thanks for best practice guidance,IT Support,Low,complaint_triage,0,1
webcam turns off randomly during zoom seminars camera disconnects mid call and won t reconnect it s awkward in presentations please advise,IT Support,Medium,complaint_triage,0,0
new ra onboarding bundle of standard academic tools research assistant starts monday please provision accounts licenses and mfa sharepoint and git access aligned with project asset tag to follow,IT Support,Low,complaint_triage,0,1
sis login failing for multiple faculty members authentication errors began this morning message shows invalid sso token cache cookie clears did not help please check idp health and federation trust provide eta and any workaround this blocks grading submissions escalation requested,IT Support,High,complaint_triage,0,2
library printer shows quota exceeded unexpectedly i printed very little this month could you review and reset my quota,IT Support,Medium,complaint_triage,0,0
outlook search misses recent messages i can see them manually but search finds nothing index rebuild didn t help it slows me down open to a profile recreation if needed please advise a reliable fix,IT Support,Low,complaint_triage,0,1
restore request deleted lab dataset folder a research folder was removed from the network share today please restore from last night s backup needed for an irb review this afternoon path and timestamp available,IT Support,High,complaint_triage,0,2
bsods started after recent driver bundle blue screen roughly once per day event viewer indicates driver power state failure display driver rollback did not fix it please advise stable driver versions or rollback plan memory disk diagnostics passed logs are available moderate recurring impact,IT Support,Medium,complaint_triage,0,0
temporary admin rights for approved research tool need same day install of a vendor sdk approval attached please assign jit elevation,IT Support,Low,complaint_triage,0,1
wi fi drops in auditorium during live guest lecture signal reads strong yet connection resets intermittently audience can t view shared content when it drops please stabilize access points currently disruptive live session in progress,IT Support,High,complaint_triage,0,2
can t see course teams channel after being added roster shows me enrolled but the channel is missing signed out in and cleared cache peers see it fine i need this for group assignment planning please check policy sync and group membership would appreciate a quick fix thanks,IT Support,Medium,complaint_triage,0,0
legacy web app only works in ie mode buttons don t render in chrome edge ie mode works but prompts repeatedly can you confirm recommended settings we ll document for the department,IT Support,Low,complaint_triage,0,1
ransomware alert on shared research drive endpoint security flagged mass renames the suspected workstation was isolated request incident response engagement and scoping validate signatures and protect affected shares backups confirmed last week need restore readiness status updates every 30 minutes please high impact to research continuity,IT Support,High,complaint_triage,0,2
external monitor flickers at 60 hz in lab noticeable flicker causing eye strain any driver or refresh rate fix,IT Support,Medium,complaint_triage,0,0
access to campus research ssid requested approved for a research group mac address available if needed please grant access to run measurements thank you,IT Support,Low,complaint_triage,0,1
build server offline ci failing for capstone teams all builds queued with no agents available portal times out after restart blocks deployment to staging urgent attention requested,IT Support,High,complaint_triage,0,2
send as permission for departmental mailbox our staff needs send as for the advising mailbox read only at present is insufficient please grant via security group rather than individuals audit trail is maintained confirmation upon completion appreciated no time critical impact thank you,IT Support,Low,complaint_triage,0,1
password about to expire without prompts not receiving expiry notices as usual please push reset or extend grace period,IT Support,Medium,complaint_triage,0,0
lab pcs rejecting logins during scheduled practical multiple students can t sign in to desktops error user profile service failed the sign in practical begins in 30 minutes tried alternate stations same error please refresh the profile service and reimage if needed any immediate workaround is appreciated time sensitive for the course,IT Support,High,complaint_triage,0,2
calendar time zone mismatch for cross campus meetings invitees see incorrect times on recurring events it s caused a few missed sessions could someone verify dst and policy handling sample events available,IT Support,Low,complaint_triage,0,1
renew expiring certificate for internal app monitoring shows the cert expires in 10 days please renew and deploy across environments include intermediate chain validation kindly confirm completion,IT Support,Medium,complaint_triage,0,0
sso down for student services portal students cannot sign in enrollment impact likely please check idp status and recent changes,IT Support,High,complaint_triage,0,2
headset not recognized on library desktops usb headset lights up but no audio any quick policy or driver fix,IT Support,Low,complaint_triage,0,1
autocad sluggish after lab image update large drawings now take minutes to pan zoom disabling hardware acceleration didn t help gpu drivers appear current please suggest stable versions or configs deadlines are approaching this stresses the workflow logs available if needed thanks for your help,IT Support,Medium,complaint_triage,0,0
distribution list ownership change request assign primary ownership to the department lead enable moderation for external senders no immediate urgency we ll update documentation,IT Support,Low,complaint_triage,0,1
proctoring tool crashes during camera check app closes after verifying webcam reinstall didn t help and i m mid exam window please provide a stable build or workaround urgent please,IT Support,High,complaint_triage,0,2
rdp client error 0x204 to vdi gateway connection fails after credentials kindly review gateway or policy changes,IT Support,Medium,complaint_triage,0,0
persistent coil whine on assigned laptop there s a high pitched tone under light load not critical but distracting in quiet study rooms temperatures and performance are normal is a replacement warranted bios and firmware updated already open to testing another power adapter thanks for reviewing,IT Support,Low,complaint_triage,0,1
git repo access with lfs objects blocked can clone code but lfs files deny access please add me to the lfs enabled group this blocks reproducing builds repo name available,IT Support,Medium,complaint_triage,0,0
production api throttled after waf change clients receive http 429 across endpoints suspect new rate limit policy please confirm limits and burst behavior funding portal calls are throttled need rollback or higher quotas asap we ll adjust client backoff accordingly eta requested,IT Support,High,complaint_triage,0,2
projector not detected via hdmi in seminar room cable works on a different laptop my device mirrors briefly then disconnects any recommended adapter or driver weekly seminars depend on this,IT Support,Low,complaint_triage,0,1
teams notifications randomly silent missing mentions causes confusion in group work any stable fix would help,IT Support,Medium,complaint_triage,0,0
security alert unfamiliar login to student email alert shows sign in from another region password changed immediately please review account activity and enforce sign out mfa policy check requested,IT Support,High,complaint_triage,0,2
keyboard intermittently repeats keys e and backspace repeat occasionally causes frequent typos cleaned keycaps and updated firmware if covered can we arrange a keyboard swap not urgent but inconvenient i can visit the service desk thanks,IT Support,Low,complaint_triage,0,1
adobe license shows expired despite portal assignment acrobat pro won t open pdfs portal says license assigned app disagrees please resync the license need to edit a submission today,IT Support,Medium,complaint_triage,0,0
guest access request for shared site external collaborator needs two week access enable sharing for the specific library only,IT Support,Low,complaint_triage,0,1
critical spreadsheet corrupted after sync workbook opens with a corruption error auto save shows multiple conflicting versions urgently need a clean version restored please check revision history and backups due today for committee review exact path and timestamps available thank you for fast recovery,IT Support,High,complaint_triage,0,2
proxy authentication prompts hourly frequent prompts interrupt workflow please review sso session lifetimes,IT Support,Medium,complaint_triage,0,0
accessibility tools disabled on lab image narrator and high contrast are unavailable i rely on them for reading navigation is there an accessibility profile you can enable i can use a designated station if needed not urgent but important please advise the approved process thanks for supporting accessibility,IT Support,Low,complaint_triage,0,1
vpn split tunneling misroutes cloud storage cloud drive is very slow unless vpn is off impacts large file sync for coursework please review split routes and dns high priority due to deadlines,IT Support,High,complaint_triage,0,2
web sessions sign out too quickly forms lose data when timeouts hit re entering everything is discouraging could sso stickiness be improved any guidance appreciated,IT Support,Medium,complaint_triage,0,0
add me to cybersecurity awareness program please include me in monthly simulations i d like the training materials,IT Support,Low,complaint_triage,0,1
lab vpn failing during remote proctor setup exam requires lab resources via vpn currently failing window opens in 1 hour urgent help please,IT Support,High,complaint_triage,0,2
jenkins job failing after credential rotation logs show expired credentials for artifact storage secrets rotated last week per policy please update jenkins credential binding builds block integration tests we need it green for today s release i can share credential id and job name confirm once updated,IT Support,Medium,complaint_triage,0,0
mouse pointer vanishes after sleep i toggle touchpad to bring it back minor but breaks flow any driver or power setting fix thanks,IT Support,Low,complaint_triage,0,1
time sync drift on classroom pc clock lags by minutes each day causes meeting join issues please verify ntp source and policy thanks for checking,IT Support,Medium,complaint_triage,0,0
endpoint quarantined during research compute security agent isolated my device mid run please review and release if safe,IT Support,High,complaint_triage,0,2
bios password reset for surplus laptop purchased approved surplus device need bios reset to enable virtualization,IT Support,Low,complaint_triage,0,1
video calls stutter when screen sharing audio is fine until sharing starts then frames drop and lag appears bandwidth tests look strong this is stressful in presentations any gpu scheduling or teams optimization tips happy to run diagnostics thanks,IT Support,Medium,complaint_triage,0,0
static ip reservation for lab instrument we need a reserved ip on the local vlan mac and switch port available no internet access required please advise the process,IT Support,Low,complaint_triage,0,1
ta access denied to grading dashboard i m assigned as ta but can t access grading students await feedback today please add correct role or elevate access time sensitive,IT Support,High,complaint_triage,0,2
bitlocker recovery key requested after normal reboot unexpected key prompt appeared please provide key or explain trigger,IT Support,Medium,complaint_triage,0,0
legacy updater popup on login every day a legacy prompt appears at each login clicking it does nothing useful minor but breaks focus daily could we remove the startup task or retire the tool no functional need anymore happy to test post removal thanks for the cleanup,IT Support,Low,complaint_triage,0,1
shared mailbox search inconsistent searching by sender returns no results intermittently other users see the same behavior can indexing be rebuilt server side please advise,IT Support,Medium,complaint_triage,0,0
power bi data gateway offline refresh failures scheduled refreshes fail with gateway unreachable affects dean s dashboards please restart restore gateway services need eta for next successful refresh kindly share root cause when available business critical thank you,IT Support,High,complaint_triage,0,2
join request for student developer git org i m on the course roster please add me to the dev students team needed for assignment repos thanks,IT Support,Low,complaint_triage,0,1
vpn disconnects after sleep waking the laptop drops the tunnel small hassle many times a day,IT Support,Medium,complaint_triage,0,0
hello my z drive is gone today it was there yesterday i need my files for the 10am meeting please fix this asap i restarted twice and still nothing,IT Support,High,complaint_triage,0,2
hey can u guys unblock emails from partner corp com my boss says they sent the contract but i don t see it anywhere probably in the spam thing,IT Support,Low,complaint_triage,0,1
i am stuck in a loop i do the mfa on my phone it says success then the website just asks me to log in again over and over i tried chrome and safari my roommate is logged in fine on the same wifi so idk what the deal is help,IT Support,Medium,complaint_triage,0,0
my computer keeps making a random ding sound when i m typing and the keys start acting weird i think i have a virus or something it s really annoying during class,IT Support,Low,complaint_triage,0,1
urgent the compiler says no license found for the lab software i have a deadline tonight and i can t build my project can i get a temporary code or something,IT Support,High,complaint_triage,0,2
why can t i change my background on zoom anymore the button is grey i m in a shared house and it s messy behind me i really need this enabled for privacy,IT Support,Medium,complaint_triage,0,0
tablet pen wont connect to the pc in room 302 it worked last week i tried clicking the button on the top but nothing happens,IT Support,Low,complaint_triage,0,1
my lecture slides for the faculty presentation just stoped working it shows the splash screen then disappears i tried safe mode like google said but it didnt help i m presenting in 90 minutes please help me,IT Support,High,complaint_triage,0,2
i need to see the hr sharepoint for the audit thing my boss said i should have access for the next two weeks,IT Support,Medium,complaint_triage,0,0
getting insufficient privileges on the portal i did the training last month why is it still blocking me there are no cases yet but i need to make sure i m ready to go,IT Support,Low,complaint_triage,0,1
my thesis backup failed and says quota exceeded i literally cannot lose this data can you just give me more space for like a week,IT Support,High,complaint_triage,0,2
every time i switch from my speakers to my jabra headset the whole app freezes and i have to task manager it is there a driver update or something this is ruining my calls,IT Support,Medium,complaint_triage,0,0
we have a bunch of old teams from the seniors who graduated last year can we just archive them all they re just cluttering up the list,IT Support,Low,complaint_triage,0,1
the webhook for the grading tool is timing out it started after the maintenance window last night i m seeing tcp resets can someone check the firewall rules it s blocking grade posts,IT Support,Medium,complaint_triage,0,0
why is the marketplace timed out i m trying to install a python extension on the campus wifi and it just spins,IT Support,Low,complaint_triage,0,1
my laptop sounds like a jet engine just reading news articles no heavy apps open is there a fix for this it s embarrassing in the library,IT Support,Low,complaint_triage,0,1
hey i saw a weird account name in the last modified section of our research folder i don t recognize the user can you guys check the logs i m worried we got hacked,IT Support,Medium,complaint_triage,0,0
my vdi session closes every hour on the dot i m literally typing and it just disconnects takes forever to get back in,IT Support,Medium,complaint_triage,0,0
add me to lab equipment booking calendar can u add me to the spectrometer booking calendar i can see it but it wont let me add my name to a slot,IT Support,Low,complaint_triage,0,1
password reset link expired mid process i tried to reset my password but the link expired before i could click it now i m locked out of my email right before my tutorial starts pls reset,IT Support,Low,complaint_triage,0,1
saml assertion too large for vendor integration i m getting a saml response exceeds size error when trying to log into the vendor portal is that a me problem or a system problem,IT Support,Medium,complaint_triage,0,0
decommission unused service account we don t need the auto bot 01 account anymore it s for a project that ended delete it whenever,IT Support,Low,complaint_triage,0,1
locked out of university git after losing 2fa device i lost my phone at the gym and i didn t save my backup codes for git i need to submit my assignment by midnight i have my student id to prove who i am help,IT Support,Low,complaint_triage,0,1
conference room console can t join sip h 323 bridge the console in the conference room wont join the sip bridge it just says unable to connect we have a big meeting on friday need a workaround if it s not fixable,IT Support,Low,complaint_triage,0,1
night light toggles off after reboot my screen keeps going bright every time i reboot i turn on night light but it doesn t stay on my eyes are hurting lol,IT Support,Low,complaint_triage,0,1
broken main door lock in block c room 214 the latch on my room door snapped this morning and i cannot lock it from the outside i have expensive lab equipment inside and a lecture to attend please send maintenance to replace the lock immediately as i cannot leave my belongings unsecured,Hostels,High,complaint_triage,1,2
electrical sparks coming from the bathroom geyser in block b every time i switch on the water heater there is a loud pop and visible blue sparks this is a massive fire risk and someone could get electrocuted i have turned off the mains but this needs an emergency electrician right now,Hostels,High,complaint_triage,1,2
emergency sewage overflow in the ground floor corridor of girls hostel block a the drains have completely backed up and foul smelling water is entering the rooms it is a major health hazard and making the wing uninhabitable please dispatch a plumbing team before it ruins more furniture,Hostels,High,complaint_triage,1,2
hostel fee portal error on the final payment day i have been trying to pay the mess and room charges for three hours but the transaction keeps failing at the final step today is the deadline to avoid the heavy late fee and loss of room allotment i need a manual override or a link that actually works before midnight,Hostels,High,complaint_triage,1,2
security breach near the back entrance of block d i saw an unidentified individual wandering near the stairwell who did not have a student id or a visitor pass when approached they ran toward the laundry area we need the security guards to check the perimeter and verify the gate logs immediately,Hostels,High,complaint_triage,1,2
total power outage in wing 4 during exam week all the lights and sockets in our wing have been dead since 8 pm while the rest of the building is fine we have a major end term paper tomorrow morning and none of our laptops are charged this is a critical situation for at least 40 students,Hostels,High,complaint_triage,1,2
aggressive behavior from a non resident in the common room a person who doesn t live in this hostel is currently in a heated argument with students and refusing to leave the situation is escalating and might turn into a physical fight security needs to intervene at block e right away,Hostels,High,complaint_triage,1,2
strong smell of gas near the mess kitchen area while walking past the dining hall i noticed a very thick smell of lpg this is extremely dangerous given the number of students nearby please check the cylinders and kitchen connections before there is an accident,Hostels,High,complaint_triage,1,2
missing fire extinguisher in the east wing i noticed the wall bracket near room 405 is empty with the recent short circuit incidents in the block this is a serious safety violation we need a replacement unit installed before the end of the day,Hostels,High,complaint_triage,1,2
ceiling plaster falling in room 102 of the old block a large chunk of the ceiling fell onto my study table this morning if i had been sitting there i would have been seriously injured the rest of the ceiling looks cracked and ready to collapse i need an emergency room shift or repair,Hostels,High,complaint_triage,1,2
unauthorized entry into my room while i was at the library i came back to find my cupboard open and some cash missing from my desk the window latch appears to have been tampered with from the outside this is a criminal matter and needs the warden s immediate attention,Hostels,High,complaint_triage,1,2
continuous water supply cut for over 24 hours in block f we have no water for drinking cleaning or the washrooms the hygiene levels are becoming unbearable for everyone in the building please fix the pump or arrange for a tanker immediately,Hostels,High,complaint_triage,1,2
severe allergic reaction reported due to pest control spray in block b my roommate is having trouble breathing after the maintenance team sprayed the rooms earlier today we were not given sufficient warning to vacate we need medical assistance and the room aired out now,Hostels,High,complaint_triage,1,2
broken window pane in ground floor room 005 someone threw a ball and shattered the glass completely since the room is on the ground floor anyone can climb in from the garden i cannot sleep here tonight until it is boarded up or replaced,Hostels,High,complaint_triage,1,2
medical emergency and elevator failure in the high rise block a student has fainted on the 8th floor and the only working lift has just jammed we cannot carry them down the stairs safely please get the lift technician and the campus ambulance to the site,Hostels,High,complaint_triage,1,2
infected water from the main cooler in block c multiple students have reported stomach cramps and fever after drinking from the ground floor filter today the water looks cloudy and needs to be tested and the tank cleaned before more people get sick,Hostels,High,complaint_triage,1,2
stray dogs entering the mess hall and biting incidents a dog entered the dining area during lunch and bit a student on the leg this is the third time animals have entered the eating area we need the gates secured and the student needs help with the medical report,Hostels,High,complaint_triage,1,2
exposed live wires in the laundry room the insulation on the heavy duty dryer cable has melted away someone using the machine is going to get a shock this needs to be cordoned off and fixed before the evening rush,Hostels,High,complaint_triage,1,2
hostel gate closed early preventing entry for lab students a group of us were working on a project in the cse lab and arrived 5 mins before curfew but the guard has locked the gates and is refusing entry it is raining and we are stuck outside please instruct him to let us in,Hostels,High,complaint_triage,1,2
lost my room keys and phone inside the locked room i am locked out of room 332 and have no way to contact anyone or access my meds which are inside i need the master key or a locksmith to help me get back in urgently,Hostels,High,complaint_triage,1,2
fumes in the basement of block g there is a strange chemical smell coming from the storage area under the stairs it is making people on the first floor feel dizzy please check if there is a chemical leak or something burning,Hostels,High,complaint_triage,1,2
fallen tree blocking the hostel exit a branch has snapped and is leaning against the main gate of block b it is unstable and could fall on anyone trying to leave for their 9 am exam maintenance needs to clear this path immediately,Hostels,High,complaint_triage,1,2
intruder alarm sounding in the girls wing the emergency buzzer has been going off for 10 minutes and no warden is visible we are unsure if we should evacuate or if there is a genuine threat please clarify and send security,Hostels,High,complaint_triage,1,2
roommate has locked themselves in and is not responding i have been knocking for an hour and can hear their alarm going off i am worried about their health we need a master key to check on them immediately,Hostels,High,complaint_triage,1,2
basement flooding near the electrical panel heavy rain has caused water to pool around the main circuit breakers for the hostel if the water level rises another inch the whole building will short circuit need a pump here now,Hostels,High,complaint_triage,1,2
laundry machine malfunction in block b three of the five washing machines have been out of order for over a week now the queues are getting ridiculous and students are fighting over the remaining two please get these repaired as it s been far too long,Hostels,Medium,complaint_triage,1,0
persistent ant infestation in room 442 i have complained twice to the floor supervisor about the ants coming from the wall cracks i have kept my food sealed but they are everywhere now this needs a proper professional pest control treatment not just a spray,Hostels,Medium,complaint_triage,1,0
poor quality of food in the mess for the last few days the rotis are consistently burnt and the dal is extremely watery several of us have spoken to the mess manager but there has been no improvement in the service we pay for a balanced diet and this is not it,Hostels,Medium,complaint_triage,1,0
geyser in the second floor bathroom has been cold since monday it s impossible to take a shower in this weather with cold water i reported it to the caretaker three days ago and he said it would be fixed by tuesday it is now thursday and still no hot water,Hostels,Medium,complaint_triage,1,0
incessant noise from the room above mine late at night the residents of 305 have been hosting loud gatherings every night this week i have tried talking to them but they don t listen it is affecting my sleep and my ability to study for my upcoming internals,Hostels,Medium,complaint_triage,1,0
broken study table chair in room 112 one of the legs of my chair is completely loose and i can t sit on it to do my assignments i ve been using my bed as a desk for four days and it s giving me back pain please provide a replacement chair,Hostels,Medium,complaint_triage,1,0
clogged washbasin in the common bathroom the sink on the left side has been standing with dirty water for two days it is starting to smell and is very unhygienic for everyone using the washroom maintenance needs to clear the blockage,Hostels,Medium,complaint_triage,1,0
tube light flickering in the balcony area the light outside my room has started flickering constantly which makes it very distracting while i m trying to study it also attracts a lot of bugs at night requesting a bulb replacement,Hostels,Medium,complaint_triage,1,0
shortage of cleaning supplies for the floor cleaners i noticed the staff is only using water to mop the floors because they ran out of disinfectant days ago the bathrooms are not being cleaned properly and it s starting to show please restock the supplies,Hostels,Medium,complaint_triage,1,0
request for a fan repair in room 201 the ceiling fan is making a very loud grinding noise on high speed it feels like it might fall or the motor might burn out soon it s getting too warm to sleep without it please have a technician look at it,Hostels,Medium,complaint_triage,1,0
dampness and mold growth on the north wall after the rains a large patch of black mold has appeared in the corner of my room it is causing a musty smell and i am worried about the air quality this needs to be cleaned and the wall waterproofed,Hostels,Medium,complaint_triage,1,0
inaccurate mess billing for the month of september i was away for two weeks on a sanctioned leave and submitted my mess off application yet i have been charged the full amount i have the approved slip from the warden please adjust my balance,Hostels,Medium,complaint_triage,1,0
gym equipment in the hostel basement is poorly maintained two of the treadmills have frayed belts and the weights are rusting it s becoming unsafe for us to use the facility we would appreciate it if maintenance could oil the machines and check the cables,Hostels,Medium,complaint_triage,1,0
intermittent internet connectivity in block e the signal keeps dropping every 15 minutes making it impossible to participate in online quizzes or research for our projects this has been happening for three days please check the router on the 3rd floor,Hostels,Medium,complaint_triage,1,0
water cooler filter needs replacement the water from the dispenser in block d has a metallic taste lately the change filter light has been red for a week can we get this serviced so we have clean drinking water again,Hostels,Medium,complaint_triage,1,0
curtain rods falling off in the common room the heavy drapes are sagging because the brackets have come loose from the wall one side actually fell yesterday and almost hit someone please secure them properly,Hostels,Medium,complaint_triage,1,0
request for replacement of a torn mattress the mattress provided at the start of the semester has a huge rip in the center and the springs are poking through it is very uncomfortable and i am unable to get a good night s rest can i get a new one from the store,Hostels,Medium,complaint_triage,1,0
common room tv remote is missing or broken we haven t been able to change the channel or adjust the volume for several days it s a small issue but it makes the space unusable for the evening news or sports please provide a new remote,Hostels,Medium,complaint_triage,1,0
bicycle rack in the parking area is overflowing there isn t enough space for everyone to park their cycles securely and people are now locking them to the main fence which blocks the path we need an additional rack installed in the block c parking zone,Hostels,Medium,complaint_triage,1,0
dustbins in the corridor are not being emptied daily by the evening the trash is overflowing onto the floor and attracting flies the cleaning schedule seems to have changed and it s not working please ensure the bins are cleared every morning,Hostels,Medium,complaint_triage,1,0
mirror in the washroom is cracked the large mirror above the sinks in the west wing has a big crack across the middle it looks like it might shatter if someone bumps into it for safety reasons it should be replaced soon,Hostels,Medium,complaint_triage,1,0
suggestion for better lighting in the backyard path the walkway between the hostel and the mess is very dark after 7 pm it s easy to trip on the uneven pavement there adding a couple of led lamps would make it much safer for everyone,Hostels,Medium,complaint_triage,1,0
lock on the balcony door is jammed i can t open the door to air out my room or dry my clothes it s been stuck for three days now please send someone with some lubricant or tools to fix the sliding mechanism,Hostels,Medium,complaint_triage,1,0
inconsistent hot water timings in the morning the boilers are supposed to be on from 6 am to 9 am but lately the water is lukewarm by 8 am this is a problem for those of us with later classes please ensure the heating cycle is fully completed,Hostels,Medium,complaint_triage,1,0
exhaust fan in the mess is not working the dining area gets incredibly smoky and hot during lunch hour because the ventilation system isn t clearing the air it makes eating there very uncomfortable please repair the exhaust units,Hostels,Medium,complaint_triage,1,0
request for window mesh repair the mosquito netting in my room has a hole in it and insects are getting in at night i ve tried taping it but it doesn t hold i would appreciate it if a new mesh could be fitted,Hostels,Medium,complaint_triage,1,0
vending machine in the lobby is eating coins i tried to buy a snack last night and it took my money without dispensing anything this has happened to three other students today the machine needs to be serviced or disabled until fixed,Hostels,Medium,complaint_triage,1,0
stairwell railing is loose between the 2nd and 3rd floors the wooden handrail wobbles when you put weight on it it s a safety hazard especially when people are carrying heavy laundry bags up and down please tighten the brackets,Hostels,Medium,complaint_triage,1,0
water pressure in the showers is very low it takes forever to wash up because the water just trickles out of the showerheads on the top floor we think there might be an air lock in the pipes could the plumber check the pressure valves,Hostels,Medium,complaint_triage,1,0
wall clock in the study hall has stopped working it s been stuck at 4 15 for two days it s helpful to have a working clock during timed practice sessions please replace the battery or the clock,Hostels,Medium,complaint_triage,1,0
hostel garden area is overgrown and attracting snakes the grass hasn t been cut in weeks and it s becoming a bit scary to walk near the hedges at night we ve seen a few large lizards and are worried about snakes please send the gardener,Hostels,Medium,complaint_triage,1,0
pigeon droppings in the balcony area there is a huge mess on the 4th floor ledge that is attracting flies and smells bad we need a professional cleaning and maybe some netting to keep the birds away from the residential area,Hostels,Medium,complaint_triage,1,0
microwave in the pantry is sparking when i tried to heat my food i saw sparks inside the unit even though i didn t use any metal i ve unplugged it for safety it needs to be checked or replaced before someone else uses it,Hostels,Medium,complaint_triage,1,0
library books in the hostel reading room are disorganized people are leaving them everywhere and the shelves are a mess we need a proper system or a student coordinator to manage the small collection we have here,Hostels,Medium,complaint_triage,1,0
drinking water tastes like chlorine the latest batch of water in the block g cooler has a very strong chemical smell and taste it s almost undrinkable please check if the purification system was over treated,Hostels,Medium,complaint_triage,1,0
request for more hangers in the drying room most of the existing ones are broken or missing it s a small thing but it would help us manage our laundry better during the busy weekend rush,Hostels,Low,complaint_triage,1,1
suggestion for a water dispenser on the 3rd floor currently we have to go down to the ground floor every time we need to refill our bottles having one on each floor would be much more convenient for the residents,Hostels,Low,complaint_triage,1,1
the clock in the mess hall is five minutes fast it causes a bit of confusion during breakfast when we are trying to catch the early campus shuttle it would be great if it could be synced with the actual time,Hostels,Low,complaint_triage,1,1
request for a shoe rack near the entrance a lot of students leave their muddy shoes near the door and it makes the lobby look untidy a simple wooden rack would help keep the area organized,Hostels,Low,complaint_triage,1,1
the common room curtains are very dusty i think they haven t been laundered in a long time and it s triggering my dust allergy when i sit there perhaps they could be cleaned during the next break,Hostels,Low,complaint_triage,1,1
can we get a few more magazines for the reading area the current selection is quite old and it would be nice to have some updated tech or science journals to browse through during our free time,Hostels,Low,complaint_triage,1,1
suggestion for a mirror in the elevator it s a small addition but most modern lifts have one and it makes the space feel a bit larger and less cramped when there are many people inside,Hostels,Low,complaint_triage,1,1
the paint in the study room is peeling in one corner it s not a major issue but it makes the room look a bit neglected it would be nice to have it touched up during the next maintenance cycle,Hostels,Low,complaint_triage,1,1
can we have a dedicated spot for food delivery pickups currently the delivery drivers just wait at the gate and it gets crowded a small table near the security post would be a perfect delivery drop off point,Hostels,Low,complaint_triage,1,1
the soap dispensers in the washroom are often empty by sunday evening it would be helpful if they could be topped up more generously on friday to last through the weekend when the cleaning staff is reduced,Hostels,Low,complaint_triage,1,1
the lighting in the laundry room is a bit dim it s hard to see if the clothes are properly cleaned or if there are any stains left replacing the current bulb with a brighter led would be a big help,Hostels,Low,complaint_triage,1,1
request for a bulletin board in block b we currently stick all the notices on the walls and it leaves a lot of tape marks a proper cork board would look much cleaner and hold the posters better,Hostels,Low,complaint_triage,1,1
the door to the terrace makes a loud squeaking sound it s a bit annoying for the students living in the rooms right next to the stairs a little bit of oil on the hinges should solve it easily,Hostels,Low,complaint_triage,1,1
can we get a few more indoor plants for the lobby it would make the entrance look more welcoming and improve the atmosphere of the hostel a few low maintenance palms would be great,Hostels,Low,complaint_triage,1,1
the channel list on the common room tv is missing a few sports networks we were hoping to watch the upcoming tournament but those channels aren t subscribed is it possible to add them to our package,Hostels,Low,complaint_triage,1,1
request for a suggestion box in the mess it would be easier for students to give feedback on the daily menu if there was a place to drop small notes for the mess committee to review,Hostels,Low,complaint_triage,1,1
the whiteboards in the study hall are getting stained and hard to erase can we get some proper whiteboard cleaner or a fresh set of markers and erasers for the residents to use,Hostels,Low,complaint_triage,1,1
the floor mats at the entrance are quite worn out they don t really clean our shoes anymore and they slip around on the tiles it might be time to get some new heavy duty rubber mats,Hostels,Low,complaint_triage,1,1
could we have more frequent pest control in the garden there are a lot of grasshoppers and small bugs that fly into the ground floor rooms in the evening it s a bit of a nuisance when the windows are open,Hostels,Low,complaint_triage,1,1
the benches in the courtyard could use a fresh coat of varnish the wood is starting to look a bit weathered from the sun and rain it would help preserve them for the coming years,Hostels,Low,complaint_triage,1,1
the water pressure in the bidet showers is a bit too high it s a bit uncomfortable to use maybe the valves could be adjusted slightly during the next plumbing check up,Hostels,Low,complaint_triage,1,1
request for more power outlets in the study room most of us have laptops and chargers and the current four sockets are always occupied an extension cord or a power strip would be a great addition,Hostels,Low,complaint_triage,1,1
the ceiling fan in the common room is a bit dusty it s blowing a lot of dust around when it s turned on it just needs a quick wipe down by the cleaning staff during their next round,Hostels,Low,complaint_triage,1,1
can we get a small rack for umbrellas near the gate during the rainy season people bring wet umbrellas into the corridor and it makes the floor very slippery a stand would keep the water at the entrance,Hostels,Low,complaint_triage,1,1
the emergency exit signs are a bit faded for safety compliance it might be good to give them a fresh coat of glow in the dark paint so they are clearly visible if the lights ever go out,Hostels,Low,complaint_triage,1,1
the waste bins in the study area don t have lids it would be better to have lidded bins to prevent any smell or trash from being visible keeping the study environment more pleasant,Hostels,Low,complaint_triage,1,1
request for a wall mounted fan in the gym area the corner with the free weights gets very stuffy because the main ac doesn t reach that spot perfectly a small fan would make a big difference,Hostels,Low,complaint_triage,1,1
the windows in the mess hall are a bit smudgy it would be nice if they could be cleaned on the outside once in a while so we can see the garden clearly while having our meals,Hostels,Low,complaint_triage,1,1
suggestion for a small lost and found shelf near the warden s office people often find keys or id cards and don t know where to leave them a designated shelf would make it easy to reclaim lost items,Hostels,Low,complaint_triage,1,1
the hand dryers in the washroom take a long time to start there s a bit of a delay with the sensor it s not a big deal but maybe the sensitivity could be adjusted by the maintenance team,Hostels,Low,complaint_triage,1,1
can we have a bike pump available at the security desk many of us cycle to class and it s a hassle to go to the main gate every time we need to check the tire pressure a basic hand pump would be enough,Hostels,Low,complaint_triage,1,1
the music in the mess hall is sometimes a bit too loud during breakfast it s hard to have a quiet conversation before heading to a 9 am lecture maybe the volume could be kept a bit lower in the mornings,Hostels,Low,complaint_triage,1,1
request for better signage for the different blocks visitors often get confused between block a and block b because the letters on the buildings are small and hard to read from the road,Hostels,Low,complaint_triage,1,1
the tiles in the laundry area are a bit uneven it doesn t cause any major issues but you have to be careful when walking with a heavy basket maybe they can be leveled during future renovations,Hostels,Low,complaint_triage,1,1
can we get a few more newspapers for the common room currently we only get one copy of the local paper and it s usually taken by 8 am having a second copy or a national daily would be great,Hostels,Low,complaint_triage,1,1
the coat hooks in the bathroom are a bit loose i m worried they might fall off if i hang a heavy towel on them they just need a quick tightening with a screwdriver,Hostels,Low,complaint_triage,1,1
suggestion for a small bookshelf in the lobby for book crossing residents could leave books they ve finished reading for others to pick up it would be a nice community feature for the hostel,Hostels,Low,complaint_triage,1,1
the doorbell for the warden s residence is very quiet sometimes people have to knock very loudly to get an answer a slightly louder buzzer would be more effective for student inquiries,Hostels,Low,complaint_triage,1,1
the lighting in the parking lot has a yellow tint that is a bit dim switching to white led bulbs would make it much easier to find our vehicles and see the locks at night,Hostels,Low,complaint_triage,1,1
request for a few more dustbins in the backyard people often hang out there in the evening and there s nowhere to throw small wrappers or bottles one or two extra bins would help keep the grass clean,Hostels,Low,complaint_triage,1,1
lms portal crashed ten minutes before the final project submission deadline my entire group has been trying to upload our documentation and source code for the last hour but the server keeps timing out this project is worth 40 of our final grade and the portal is supposed to close at midnight we need an immediate extension or an alternative email address to send our files,Academics,High,complaint_triage,2,2
major discrepancy in my end term marks for data structures the portal shows i have failed the course but i calculated my internals and they were well above the passing threshold i suspect my paper was swapped or there was a massive data entry error at the controller s office i need to see my evaluated script immediately before the re registration window closes tomorrow,Academics,High,complaint_triage,2,2
clash in the final exam schedule for two core subjects both operating systems and database management are scheduled for tomorrow morning in the same time slot i have raised this with the department clerk twice this week but the hall ticket still shows both i cannot miss either exam as it will result in a year back please resolve this conflict and update my schedule now,Academics,High,complaint_triage,2,2
scholarship verification link is expiring today and my documents are still pending at the hod office if the department doesn t digitally sign the verification by 5 pm i will lose my funding for the next semester and won t be able to pay the tuition i am standing outside the office but no one is available to help this is time critical for my education,Academics,High,complaint_triage,2,2
professor is refusing to accept my medical certificate for a missed mid sem i was hospitalized during the exam and have provided all the official hospital discharge papers and doctor s notes but the instructor says he has already submitted the marks to the portal i need the academic dean to intervene so i can sit for a make up test before the semester ends,Academics,High,complaint_triage,2,2
incorrect grade assigned due to a clerical error in the mark sheet my internal marks for the lab component were recorded as 0 out of 30 even though i attended every session and submitted all reports this error has dropped my cgpa significantly affecting my eligibility for the upcoming placement drive starting on monday please fix the records urgently,Academics,High,complaint_triage,2,2
the proctoring software for my online certification exam is failing to recognize my id i am currently in the 15 minute login window and if i don t get in now the exam will be marked as a forfeit i have tried three different browsers and restarted my system i need a bypass code or technical support immediately to save my exam attempt,Academics,High,complaint_triage,2,2
missing hall ticket for the external practicals starting tomorrow my name is missing from the eligibility list even though i have no dues and 85 attendance the lab assistant says he cannot let me perform the experiments without the official slip please verify my status and issue the hall ticket before the 9 am batch starts,Academics,High,complaint_triage,2,2
final year thesis portal is not accepting the turnitin report every time i upload it says service unavailable but the deadline for the final submission is this evening without this report my thesis won t be sent for external evaluation i need the it coordinator to reset my submission link or verify the server status immediately,Academics,High,complaint_triage,2,2
wrong question paper distributed during the current minor exam we are sitting in the hall for theory of computation but the paper provided is for compiler design the invigilator is not allowing us to leave or talk this is wasting our limited time and causing immense stress someone from the academics cell needs to bring the correct papers now,Academics,High,complaint_triage,2,2
digital signature failed on my provisional degree certificate i need this document for a visa interview scheduled for tomorrow morning the copy i downloaded has an invalid watermark on the university seal i need a corrected verified pdf sent to my registered email within the next hour,Academics,High,complaint_triage,2,2
attendance portal shows shortage despite attending all remedial classes i was told these extra sessions would clear my debarment but the system hasn t updated and i am being blocked from downloading my end term admit card the exams start the day after tomorrow i need a manual override from the department head,Academics,High,complaint_triage,2,2
credit transfer from my mooc course was rejected without reason i completed the nptel certification as per the university guidelines to replace a core elective today is the last day to finalize credits for the graduation list if this isn t added i won t have enough credits to graduate this year urgent review requested,Academics,High,complaint_triage,2,2
the lab evaluation for the afternoon batch was cancelled due to a power cut but the marks have been uploaded as absent we were told the viva would be rescheduled but the portal is already finalized we need the marks removed and the session rescheduled before the internal marks are frozen tonight,Academics,High,complaint_triage,2,2
sso login loop preventing access to the course selection portal the elective registration opened at 10 am and the popular courses are filling up in minutes i am stuck on the login screen while my peers are already finishing their selections this is unfair and i need my account access restored before all seats are gone,Academics,High,complaint_triage,2,2
harassment from a faculty member during the viva voce the examiner was making personal comments and used unprofessional language then threatened to fail me regardless of my answers i want to lodge a formal complaint and request a re evaluation with a different panel before the results are finalized,Academics,High,complaint_triage,2,2
plagiarism flag on a completely original assignment the software claims 90 similarity with a paper that doesn t exist the professor has given me a zero and reported me to the disciplinary committee i have a hearing tomorrow and i need the raw log files from the academic server to prove it was a system glitch,Academics,High,complaint_triage,2,2
university email account deactivated during the job application window i am expecting interview invites and test links on my student id but i can t log in this is the peak of placement season and being locked out for even a day could cost me a job please reactivate the account immediately,Academics,High,complaint_triage,2,2
payment for the backlog exam was deducted but the status is still unpaid the registration portal closes in two hours if i don t get the confirmation i won t be able to sit for the carry over paper this semester i have the bank transaction id and need a manual update to my profile,Academics,High,complaint_triage,2,2
course coordinator changed the project requirements 24 hours before the submission we have spent two months on the original brief and it is impossible to redo the entire architecture in one day this will lead to a mass failure for the entire batch we need the original rubric restored or a one week extension,Academics,High,complaint_triage,2,2
lost my physical answer script for the internal test the teacher says she doesn t have it but i signed the attendance sheet in the exam hall i refuse to take a zero for a mistake made by the department we need to find the paper or allow me a retest with full marks potential,Academics,High,complaint_triage,2,2
calculated sgpa on the result portal is mathematically incorrect it shows a 6 5 when it should be an 8 2 based on the grades displayed this is a critical error in the portal s logic that is affecting the entire branch s ranking please pause the results and recalculate before the official transcripts are printed,Academics,High,complaint_triage,2,2
the link for the online end term viva is not working there are 20 students waiting in the virtual lobby but the external examiner is not present and the link says meeting ended this was our only chance to finish the lab component we need a new link and a status update now,Academics,High,complaint_triage,2,2
security token for the academic portal is not being sent to my phone i need to register for the supplementary exams by tonight without the otp i can t even enter the site i ve tried multiple times and checked my network please send the code to my email instead,Academics,High,complaint_triage,2,2
degree name is misspelled on the final convocation list it says btech cse instead of btech cse ai ml i have paid for the specialized degree and this must be corrected before the certificates go to print this afternoon,Academics,High,complaint_triage,2,2
the reference books mentioned in the syllabus are not available in the central library there is only one copy for a batch of 120 students and it has been issued for the last month we have a research paper due next week and cannot complete the bibliography please order more copies or provide an e book link,Academics,Medium,complaint_triage,2,0
inconsistency in the lecture schedule for the third floor seminar hall sometimes the class is moved to a different block without any notice on the portal or the notice board we waste 15 minutes of the lecture just wandering around looking for the professor can we have a stabilized timetable,Academics,Medium,complaint_triage,2,0
the microphone in lt 2 is constantly buzzing during the advanced algorithms class we can barely hear the professor s explanations from the back rows this has been an issue for two weeks and the technician hasn t fixed it despite several verbal complaints it s affecting our understanding of complex topics,Academics,Medium,complaint_triage,2,0
internal marks for the python lab have not been uploaded even though the semester is almost over we have no idea where we stand in terms of our internals and it s making it hard to prioritize our study plan for the finals can the department ensure the instructor updates the portal by this friday,Academics,Medium,complaint_triage,2,0
the elective cloud computing was cancelled after we already attended three lectures now we are being told to choose a different course that clashes with our existing lab sessions the academic office needs to provide a better alternative or adjust the lab timings to accommodate us,Academics,Medium,complaint_triage,2,0
professor is taking extra classes during the lunch break every day we don t have enough time to eat or refresh between the morning and afternoon sessions while we appreciate the extra help it s becoming physically draining can these sessions be moved to the official zero hour,Academics,Medium,complaint_triage,2,0
the study material provided on the lms for theory of computation is just a series of scanned images that are unreadable we cannot search for keywords or use screen readers could the department provide proper digital pdfs or a standard textbook reference that matches the slides,Academics,Medium,complaint_triage,2,0
waitlist for the machine learning elective hasn t moved in two weeks i am at position 2 and there are several students who have dropped the course the system isn t automatically pulling people from the waitlist into the enrolled list please manually update the roster,Academics,Medium,complaint_triage,2,0
the rubric for the final year project is very vague we don t know the weightage for the implementation versus the documentation different guides are telling us different things we need a standardized evaluation sheet so we can prepare our presentation accordingly,Academics,Medium,complaint_triage,2,0
the air conditioning in the main computer lab is not working with 60 systems running the room gets incredibly hot and the computers are starting to lag due to thermal throttling it s hard to focus on our coding assignments for more than 30 minutes please repair the cooling system,Academics,Medium,complaint_triage,2,0
feedback for the first assignment was never provided we have already submitted the second assignment without knowing what we did wrong in the first one this defeats the purpose of continuous evaluation please ask the ta to release the comments and marks as soon as possible,Academics,Medium,complaint_triage,2,0
the guest lecture series on blockchain was scheduled during our mid term week most of us couldn t attend because we were studying since this was a mandatory part of our professional development credits can the recordings be uploaded to the portal,Academics,Medium,complaint_triage,2,0
request for a change in the lab partner for the os project my current partner has not attended a single session and is not responding to any communications i cannot finish the multi threaded application alone i would like to join another group or work solo if possible,Academics,Medium,complaint_triage,2,0
the industrial visit planned for this semester has been postponed three times we have already paid the registration fee and arranged for our own transport to the hub we need a clear final date and an itinerary or a full refund of the collected fees,Academics,Medium,complaint_triage,2,0
the software required for the digital image processing lab is not installed on the systems we were told it would be ready by the second week but we are still using trial versions that expire every few days this is interrupting our practical work,Academics,Medium,complaint_triage,2,0
the academic calendar on the website is different from the one sent via email one shows the mid semester break starting next monday while the other shows it starting the following friday we need a clarification so we can book our travel tickets home,Academics,Medium,complaint_triage,2,0
the projector in room 402 has a very dim lamp the slides are barely visible even with the lights turned off this is a core theory room and we have four lectures there every day please replace the bulb or the projector unit,Academics,Medium,complaint_triage,2,0
my attendance for the professional communication class was marked absent for the entire last week even though i was present i checked the manual register and my signature is there the faculty says i need to contact the portal admin to get it corrected,Academics,Medium,complaint_triage,2,0
the question bank provided for the microprocessor course contains several errors in the solved examples students are getting confused while practicing for the internals can a corrected version be vetted by a senior faculty member and re uploaded,Academics,Medium,complaint_triage,2,0
the add drop link for courses is not appearing on my student dashboard my friends are able to see it and change their electives but my page just shows an error i need to swap one of my subjects before the deadline on wednesday,Academics,Medium,complaint_triage,2,0
request for a special doubt clearing session for discrete mathematics the last few topics like graph theory were covered very quickly and most of the batch is struggling with the practice problems a two hour weekend session would be very helpful,Academics,Medium,complaint_triage,2,0
the digital library access through the vpn is extremely slow it takes minutes to download a single research paper from ieee xplore this is hampering our literature survey for the final year project is there a way to improve the bandwidth for the library gateway,Academics,Medium,complaint_triage,2,0
the internship noc no objection certificate request has been sitting with the department for a week the company needs the signed document to finalize my joining date i have already provided the offer letter please expedite the signature process,Academics,Medium,complaint_triage,2,0
there is a lot of background noise in the pre recorded lectures for software engineering we can hear construction sounds and other people talking which makes it very hard to follow the instructor could the audio be cleaned up or the videos re recorded,Academics,Medium,complaint_triage,2,0
the laboratory manuals for the analog electronics lab have not been distributed yet we are being asked to write our journals based on verbal instructions which is leading to many mistakes can we get the official pdf guides by the next lab session,Academics,Medium,complaint_triage,2,0
the seating plan for the minor exams is very congested there is almost no space to keep our stationery or calculators without them falling off the desks can the department use a larger hall or leave an empty seat between students,Academics,Medium,complaint_triage,2,0
the course coordinator for human values is not responding to emails regarding the group project we have a question about the case study but haven t received a reply in five days we need guidance before we proceed with the final report,Academics,Medium,complaint_triage,2,0
the wi fi signal in the study hall of block 2 is very weak we use that space for group studies between classes but we can t access any online resources or the lms a signal booster or a new access point is needed in that area,Academics,Medium,complaint_triage,2,0
request for a copy of the previous year s question papers for the new elective cyber laws since this is the first time it s being offered we don t have any reference for the exam pattern any sample papers or mock tests would be greatly appreciated,Academics,Medium,complaint_triage,2,0
the water dispenser near the main auditorium is always empty during the afternoon lectures it s the only one in that wing and students have to walk to the other side of the building for water can the refilling frequency be increased,Academics,Medium,complaint_triage,2,0
the outcomes section on my transcript is blank for the last semester even though the grades are there the credits earned column shows zero this is a technical bug that needs to be fixed before i apply for my internship,Academics,Medium,complaint_triage,2,0
the seminar on career opportunities in ai was overbooked many of us had registered but were turned away at the door because the room was full can the department organize a second session or move it to the main auditorium,Academics,Medium,complaint_triage,2,0
the faculty advisor has changed three times this semester every time we have to explain our project progress and academic issues to a new person from scratch we need a stable mentor for the rest of the academic year,Academics,Medium,complaint_triage,2,0
the grading scale for the data science course was changed mid way through the semester we were originally told it would be a relative grading system but now it s been moved to absolute this significantly changes how we need to perform to get an a,Academics,Medium,complaint_triage,2,0
the late entry policy for the 8 am lecture is being applied inconsistently some students are allowed in at 8 15 while others are marked absent at 8 05 we need a clear uniform rule for the entire department to avoid confusion,Academics,Medium,complaint_triage,2,0
the font size used in the computer networks slides is very small even from the middle of the classroom it s hard to read the diagrams and text it would be helpful if the professor could use a larger font or share the slides before the class,Academics,Low,complaint_triage,2,1
suggestion to add more charging ports in the library s individual study cubicles most of us work on laptops for long hours and there are only a few desks with working power outlets it would make the space much more functional,Academics,Low,complaint_triage,2,1
the news section on the student portal hasn t been updated since last month old event flyers are still pinned to the top making it hard to find the latest academic notices a quick cleanup of the landing page would be appreciated,Academics,Low,complaint_triage,2,1
the staplers provided in the assignment submission room are always out of pins it s a small inconvenience but it would be great if the department could keep a small stock of staples there for the students,Academics,Low,complaint_triage,2,1
request to extend the library hours during the week before the mid semester exams closing at 8 pm is a bit early when we have back to back tests staying open until 10 pm for just that one week would be a huge help,Academics,Low,complaint_triage,2,1
the chalk used in the basic electrical class is very dusty and leaves a lot of residue on the front row desks maybe the department could switch to dust free chalk or provide whiteboards for the older classrooms,Academics,Low,complaint_triage,2,1
the academic handbook pdf on the website has a few broken links in the table of contents you have to scroll manually through 50 pages to find the relevant section fixing the internal links would make it easier to navigate,Academics,Low,complaint_triage,2,1
can we have a few more benches in the shaded area outside the cse block it s a popular spot for students to sit and discuss assignments between lectures but there isn t enough seating for everyone,Academics,Low,complaint_triage,2,1
the automated voice on the university s academic helpline is a bit too fast it s hard to follow the menu options for result inquiries slowing down the recording slightly would make the system more user friendly,Academics,Low,complaint_triage,2,1
suggestion to organize a small workshop on latex for the first year students most of us are struggling with formatting our lab reports and a basic one hour introductory session would be very beneficial,Academics,Low,complaint_triage,2,1
the clocks in the east wing classrooms are not synchronized some are a few minutes behind others which makes it confusing to know exactly when the lecture is supposed to end a quick battery check and sync would be good,Academics,Low,complaint_triage,2,1
the water cooler in the faculty wing is much colder than the ones in the student areas it would be nice if the student coolers could be adjusted to the same temperature especially during the summer months,Academics,Low,complaint_triage,2,1
request for a designated quiet zone in the department lobby it s a good place to read between classes but it gets very noisy when people are talking loudly on their phones a few silence please signs might help,Academics,Low,complaint_triage,2,1
the markers used in the tutorial rooms are often dried out it would be helpful if the department could provide a fresh set to the class representatives at the start of each month to ensure the board work is visible,Academics,Low,complaint_triage,2,1
can the department post the faculty office hours on the doors of the staff rooms currently we have to keep checking or asking around to know when a professor is available for doubt clearing,Academics,Low,complaint_triage,2,1
the career counseling emails are sent too frequently sometimes three in a day it would be better if they could be consolidated into a single weekly newsletter so our inboxes don t get cluttered with identical info,Academics,Low,complaint_triage,2,1
the lighting in the back corner of the library is a bit dim for reading a single extra tube light or a stronger bulb in that area would make it a much better spot for focusing on our textbooks,Academics,Low,complaint_triage,2,1
suggestion to add a feedback button directly on the lms for each lecture it would be an easy way for students to let the professor know if they found a particular topic too fast or too slow in real time,Academics,Low,complaint_triage,2,1
the paper quality of the internal test sheets is very thin ink from gel pens often bleeds through to the other side making it messy to write on both pages using a slightly thicker paper would be better,Academics,Low,complaint_triage,2,1
the academic achievement board in the main hallway hasn t been updated with this year s winners it would be motivating for the current students to see the latest photos and projects displayed there,Academics,Low,complaint_triage,2,1
request for a digital map of the academic blocks to be added to the student app the campus is large and new students often get lost trying to find specific labs or faculty rooms in the first few weeks,Academics,Low,complaint_triage,2,1
the door to the advanced coding lab is very heavy and makes a loud slamming noise when it closes a simple door closer or a rubber bumper would prevent the noise from disrupting the students working inside,Academics,Low,complaint_triage,2,1
can we have more trash cans specifically for paper waste in the printer room most of the bins are filled with plastic bottles making it hard to collect the discarded paper for recycling,Academics,Low,complaint_triage,2,1
the student profile section on the portal doesn t allow us to upload a new photograph the one from our first year is quite old and we d like to update it with a more professional one for our ids,Academics,Low,complaint_triage,2,1
the chairs in the communication lab are a bit squeaky it s a minor distraction during presentations when everyone is moving around a bit of oiling on the chair bases would probably fix the issue,Academics,Low,complaint_triage,2,1
suggestion to add a common abbreviations sheet to the project management course there are a lot of acronyms used in the lectures and a quick reference guide would be helpful for the new students,Academics,Low,complaint_triage,2,1
the blinds in room 305 are stuck and cannot be fully closed this causes a glare on the whiteboard during the afternoon sessions making it hard to see the professor s notes a quick repair of the pulley would help,Academics,Low,complaint_triage,2,1
the water fountain in the sports wing of the academic block has a very low arc it s hard to drink from it directly without touching the metal adjusting the water pressure slightly would be more hygienic,Academics,Low,complaint_triage,2,1
request for more frequent cleaning of the whiteboards in the student lounge they are often left with old marker stains from previous days making it hard for new groups to use them for brainstorming,Academics,Low,complaint_triage,2,1
the course evaluation forms are a bit too long if they were simplified to 5 6 key questions more students would likely take the time to provide thoughtful feedback at the end of the semester,Academics,Low,complaint_triage,2,1
the hand sanitizer dispenser outside the main library has been empty for a few days it s a good habit to use it before entering the common area so it would be great if it could be refilled,Academics,Low,complaint_triage,2,1
can we have a small book exchange shelf in the department lobby students could leave their old textbooks or novels for others to read promoting a culture of sharing within the branch,Academics,Low,complaint_triage,2,1
the notices on the bulletin board are often pinned on top of each other it would be better if the older expired notices were removed weekly to make room for the new academic announcements,Academics,Low,complaint_triage,2,1
the digital notice board in the entrance hall has a few dead pixels it s not affecting the readability yet but it s a bit distracting when watching the departmental news scrolls,Academics,Low,complaint_triage,2,1
request for a clock to be installed in the outdoor open classroom area we often have informal tutorials there and it s hard to keep track of the time without checking our phones constantly,Academics,Low,complaint_triage,2,1
the study group sign up sheets on the wall are always falling off because of the wind using a proper clipboard or a magnetic board would keep the information more secure for the students,Academics,Low,complaint_triage,2,1
suggestion to add a language of the week corner in the cse block showing simple code snippets in different programming languages it would be a fun low key way to spark interest in new tech,Academics,Low,complaint_triage,2,1
the soap in the academic block washrooms has a very strong scent a more neutral or unscented soap would be better for students who are sensitive to strong fragrances in enclosed spaces,Academics,Low,complaint_triage,2,1
the floor in the microbiology theory room is a bit slippery when wet a caution sign or a more absorbent mat at the entrance during rainy days would prevent any accidental slips,Academics,Low,complaint_triage,2,1
can we have a few more coat hooks in the seminar hall when it s raining everyone has wet jackets and there s nowhere to hang them except over the back of the chairs which makes the seats damp,Academics,Low,complaint_triage,2,1
double deduction on the tuition fee portal today i tried paying my semester dues of 45 000 via the gateway but the first transaction showed a timeout i tried again and now both amounts have been debited from my father s bank account this is our entire savings for the month and we need the extra 45 000 reversed immediately to pay for medical bills please verify the transaction ids and initiate the refund,Fees / Finance,High,complaint_triage,3,2
scholarship disbursement missing for the final semester my name was on the approved list for the merit cum means grant but the funds haven t hit my bank account today is the last date to clear all dues to be eligible for the placement drive starting tomorrow morning if my balance isn t cleared by 5 pm i will be blocked from the interview please check the disbursement status urgently,Fees / Finance,High,complaint_triage,3,2
hostel fee payment not reflecting on the portal despite successful bank transfer i have the utr number and the bank confirmation but the accounts office still says my no dues certificate is pending curfew for the convocation registration is tonight and i can t apply without this clearance i ve been running between the bank and the finance desk all day with no resolution,Fees / Finance,High,complaint_triage,3,2
wrongful defaulter tag on my student id the system claims i owe 12 000 in library fines and lab breakages from three years ago which is completely false because of this error my final degree is being withheld and i have a visa interview in two days where i must present my original transcripts please clear this ghost balance so i can collect my documents,Fees / Finance,High,complaint_triage,3,2
bank loan disbursement rejected due to incorrect university account details the finance office provided a bank branch code that is no longer active my education loan has been stalled and the bank says they will cancel the sanction if the correct details aren t provided by this evening i cannot afford the semester fees out of pocket i need the corrected bank mandate immediately,Fees / Finance,High,complaint_triage,3,2
convocation fee portal is charging me twice the amount listed in the brochure today is the absolute last day to register for the ceremony and i don t have the extra funds if i don t pay now i won t get my degree on stage please fix the price logic for my roll number before the portal closes at midnight,Fees / Finance,High,complaint_triage,3,2
finance portal showing transaction failed but money deducted from upi i paid the supplementary exam fee of 1 500 just now the exam starts in two hours and the invigilator says i need a paid status to enter the hall i have the screenshot of the deduction but the system is stuck please manually verify and update my status so i don t miss the test,Fees / Finance,High,complaint_triage,3,2
incorrect late fee penalty applied to my account i paid my dues on the 10th which was the deadline but the system recorded it as the 11th and added a 2 000 fine this fine is preventing me from downloading my hall ticket for tomorrow s external viva please remove the penalty and unlock my admit card,Fees / Finance,High,complaint_triage,3,2
urgent refund for cancelled course not processed after 6 months i withdrew from the elective with full approval but the 8 000 fee is still sitting as a credit in the portal i need this money for my commute this week i ve sent ten emails with no response i am coming to the office today for a cheque or an immediate transfer,Fees / Finance,High,complaint_triage,3,2
financial block on my account prevents me from accessing the lms for the mid sem test the portal says i have an outstanding balance of 500 which is a mistake as i have already cleared all dues the test starts in 30 minutes if i can t log in i ll get a zero please clear the block immediately,Fees / Finance,High,complaint_triage,3,2
placement registration blocked due to incomplete fee status my bank statement shows all payments are up to date but the accounts branch says there s a 50 rupee discrepancy from 2023 this tiny error is stopping me from applying to the top 3 companies visiting campus tomorrow please resolve this technical glitch now,Fees / Finance,High,complaint_triage,3,2
backlog registration fee deducted thrice the server crashed while i was trying to register for my re exams now 4 500 is gone instead of 1 500 i need those funds back to pay for my mess bill which is due today please check the logs and initiate the reversal of the two extra charges,Fees / Finance,High,complaint_triage,3,2
major error in the fee structure for international students the portal is calculating my dues in usd but using a conversion rate from five years ago making it 20 higher than the current market rate i have to pay by tonight to avoid de enrollment please update the exchange rate logic for the payment gateway,Fees / Finance,High,complaint_triage,3,2
noc not issued due to unverified late fine i cleared all my library and hostel fines last month but the finance clerk says the sync hasn t happened i am graduating and moving out of the state tomorrow morning i need my no objection certificate today or i won t be able to collect my security deposit,Fees / Finance,High,complaint_triage,3,2
transaction id mismatch for semester payment i used a third party app to pay the fees and while the bank says success the university portal doesn t recognize the id format the deadline is in one hour if it s not resolved i ll be charged a 5 000 late fine please assist in manual mapping,Fees / Finance,High,complaint_triage,3,2
identity theft alert someone else used my student id to pay their fees via a stolen card and now my account is flagged for fraud i am being threatened with suspension i need the finance department to verify the payment source and clear my name before the hearing tomorrow,Fees / Finance,High,complaint_triage,3,2
excess fee payment for the lab component i accidentally added an extra zero and paid 50 000 instead of 5 000 my parents are extremely upset as this was for our home rent i need the 45 000 refunded to the source account within 24 hours,Fees / Finance,High,complaint_triage,3,2
the university s online payment server is down on the last day of fee submission thousands of us are trying to pay but getting 404 errors if the deadline isn t extended by tonight we will all be hit with late fines please confirm the extension or fix the server,Fees / Finance,High,complaint_triage,3,2
missing mess off refund from the previous break i stayed home for a month during the holidays and filed the paperwork but the credit isn t showing i need that 3 000 to pay for my current month s food bill or i ll be barred from the mess hall tonight,Fees / Finance,High,complaint_triage,3,2
tuition waiver not applied to my profile as a staff child i am entitled to a 50 discount but the portal shows the full amount of 1 2 lakhs the payment link expires this evening i need the corrected invoice before i can make the payment,Fees / Finance,High,complaint_triage,3,2
bank challan not accepted at the counter i stood in line for three hours only to be told the format changed this morning no one informed the students i have the cash and the old form and today is the deadline please accept the payment or provide a grace period,Fees / Finance,High,complaint_triage,3,2
emergency refund needed for medical withdrawal my brother is undergoing surgery and i need to withdraw my admission to support my family today is the final eligibility day for a full refund if this isn t processed today i lose 2 lakhs please expedite the file,Fees / Finance,High,complaint_triage,3,2
finance office lost my original demand draft i submitted it last week for the exam fee and have the receipt but now they say they can t find it and i need to pay again or i won t be allowed in the exam hall i cannot afford to pay twice please find the dd or accept my receipt as proof,Fees / Finance,High,complaint_triage,3,2
system error scholarship adjusted against the wrong semester the 20 000 grant was supposed to cover this semester s tuition but it was applied to a future semester instead now i have a due of 20 000 and i am being blocked from the library please fix the allocation today,Fees / Finance,High,complaint_triage,3,2
the atm inside the campus swallowed my card while i was trying to withdraw fee money the bank branch says they need an official letter from the university finance head to release the machine logs and give me my card back i need this today as all my funds are tied to that account,Fees / Finance,High,complaint_triage,3,2
request for a breakdown of the general amenities fee every year we pay 15 000 for this but there is no transparency on what it covers the gym is broken and the common rooms are dusty we would like an itemized list of where this money is being spent before the next installment is due,Fees / Finance,Medium,complaint_triage,3,0
the fee receipt generated by the portal is missing the university seal i need to submit this to my father s office for his hra and education allowance but they rejected the current pdf can the finance department provide a digitally signed version with the official stamp,Fees / Finance,Medium,complaint_triage,3,0
delay in refunding the caution money for passed out students it has been three months since i submitted my bank details for the 10 000 security deposit return all my batchmates have received theirs but mine is still in process please check the status of my application,Fees / Finance,Medium,complaint_triage,3,0
the pay in installments option is not appearing on my dashboard i was told that students with financial difficulties could opt for a 3 part payment plan but my portal only shows full payment i have already submitted my income certificate to the warden please enable the option,Fees / Finance,Medium,complaint_triage,3,0
discrepancy in the fine calculation for late book return the library says i owe 450 but the finance portal is showing 1 200 i have the return slips showing the actual dates the accounts branch needs to sync the data with the library system to reflect the correct amount,Fees / Finance,Medium,complaint_triage,3,0
scholarship status remains pending for over a month i ve submitted all the documents for the state scholarship but the university hasn t forwarded my application to the government portal yet if this delay continues the government portal will close please expedite the verification,Fees / Finance,Medium,complaint_triage,3,0
the fee payment history on my student profile is incomplete it shows payments for the 1st and 3rd years but the 2nd year data is missing even though i have the physical receipts this could cause issues during my final clearance next semester can you update the digital record,Fees / Finance,Medium,complaint_triage,3,0
inquiry regarding the development fee hike we noticed a 10 increase in the current semester s bill without any prior notice or explanation as students we would like to know the reason for this sudden change especially since the campus facilities remain the same,Fees / Finance,Medium,complaint_triage,3,0
the atm on campus has been out of cash for three consecutive days this is the only way for many of us to pay for small expenses and some of the smaller lab fees that are cash only can the finance department coordinate with the bank to ensure it s refilled,Fees / Finance,Medium,complaint_triage,3,0
need a duplicate copy of the first semester fee challan i lost my original file and the bank requires a copy to process my current loan top up the online portal doesn t show records that old can the accounts office issue a stamped duplicate this week,Fees / Finance,Medium,complaint_triage,3,0
request to adjust excess mess fees against the next semester s tuition i have a credit of 4 000 from the last semester and instead of a refund i d prefer it to be used to reduce my next bill i was told i need a written request for this please confirm if this is approved,Fees / Finance,Medium,complaint_triage,3,0
the finance helpdesk phone number is never answered i have been calling for three days to ask about my scholarship status and it just rings or goes to voicemail it s very difficult for us to keep visiting the office during lecture hours just for small queries,Fees / Finance,Medium,complaint_triage,3,0
inconsistency in the convocation fee for regular vs distance students some of my friends are being charged less for the same degree we need a clear clarification on the pricing policy for the 2025 batch to ensure everyone is being billed fairly,Fees / Finance,Medium,complaint_triage,3,0
the online payment gateway charges a 2 convenience fee for credit cards this adds up to nearly 2 000 rupees on a full semester bill are there any plans to introduce a zero fee payment method like imps or a direct university bank transfer for the students,Fees / Finance,Medium,complaint_triage,3,0
difficulty in generating a no dues certificate for a semester break i am taking a medical leave and need to show i ve cleared all finances the portal says i have library dues but the library says i m clear this cross departmental sync is taking forever,Fees / Finance,Medium,complaint_triage,3,0
the fee structure pdf on the website is outdated it still shows the 2023 rates which is confusing for those of us trying to plan our finances for the upcoming year can the accounts department upload the 2025 26 fee schedule as soon as possible,Fees / Finance,Medium,complaint_triage,3,0
request for a formal letter from the finance office for an external scholarship the ngo providing my funding needs a letter on university letterhead stating my total annual expenses i have the format ready when can i pick this up,Fees / Finance,Medium,complaint_triage,3,0
the fine waiver request i submitted last week hasn t been processed i was ill and couldn t pay the mess dues on time and i provided a doctor s note to the accounts manager the 500 late fine is still there can someone please review the case,Fees / Finance,Medium,complaint_triage,3,0
duplicate entry in the misc fees section i ve been billed for id card replacement twice this month even though i only requested it once and paid at the counter please remove the second charge of 250 from my outstanding balance,Fees / Finance,Medium,complaint_triage,3,0
need clarification on the alumni fund charge i am only in my second year but i see a 1 000 rupee deduction for the alumni association is this an annual charge or a one time thing it wasn t mentioned in the original prospectus we received,Fees / Finance,Medium,complaint_triage,3,0
the bank branch inside the campus is understaffed during the fee payment week the queues are so long that students are missing 2 3 lectures just to get a challan stamped can the finance office request the bank to open an extra counter during peak hours,Fees / Finance,Medium,complaint_triage,3,0
my fee receipt shows the wrong course name it says b sc instead of b tech which is causing issues with my education loan provider as they think i ve changed my stream i need a corrected receipt with the right department name,Fees / Finance,Medium,complaint_triage,3,0
the direct debit setup for my monthly mess bill failed this month i have enough balance in my account so the issue might be on the university s end i don t want to be hit with a late fine for a technical error please check the mandate status,Fees / Finance,Medium,complaint_triage,3,0
request for a fee concession form for siblings studying in the same university my younger sister just joined the architecture department and we were told there s a family discount where can we download the form and what are the required documents,Fees / Finance,Medium,complaint_triage,3,0
the finance portal doesn t allow for partial payments i want to pay 20 000 now and the rest next week but the gateway only allows the full amount to be entered this is a problem for students who are waiting for their parents salaries to be credited,Fees / Finance,Medium,complaint_triage,3,0
inquiry about the caution money interest since the university holds our 10 000 deposit for four years we would like to know if that interest is used for student welfare or if it s credited back to us this was a point of discussion in the last student council meeting,Fees / Finance,Medium,complaint_triage,3,0
the late fee keeps increasing every day even though the bank was closed for a public holiday we couldn t make the transfer because the servers were down and the branch was shut we request a two day extension on the grace period for the july batch,Fees / Finance,Medium,complaint_triage,3,0
my scholarship amount was credited but it s 2 000 less than the sanctioned amount is there a processing fee or a tax deduction that i wasn t aware of i need an itemized statement of the disbursement for my personal records,Fees / Finance,Medium,complaint_triage,3,0
the online finance portal has a very confusing ui it s hard to find where the previous semester s receipts are stored a simple download all button for the yearly statements would be very helpful for our income tax filings,Fees / Finance,Medium,complaint_triage,3,0
request to update the bank account details for my stipend i have closed my old account and need the research grant to be sent to my new idfc account from next month i have the cancelled cheque and the bank passbook copy ready,Fees / Finance,Medium,complaint_triage,3,0
inconsistency in the mess bill for vegetarians i noticed that the monthly charge is the same for everyone regardless of whether we opt for the non veg special meals can we have a tiered billing system that reflects our actual consumption,Fees / Finance,Medium,complaint_triage,3,0
the no dues clearance for the sports department is not reflecting in the finance system i returned all my equipment last friday but my portal still shows an outstanding amount of 2 500 please sync the records so i can register for exams,Fees / Finance,Medium,complaint_triage,3,0
i was charged a convenience fee for an offline cash deposit at the bank i thought these charges were only for online transactions can the finance branch clarify if this is a new policy for the current academic year,Fees / Finance,Medium,complaint_triage,3,0
request for a fee estimate for the next academic year i need to apply for a bank loan extension and they require an official projected cost for tuition and hostel who should i contact to get this document stamped,Fees / Finance,Medium,complaint_triage,3,0
need an explanation for the insurance premium deduction i noticed a 500 rupee charge for student insurance but i never received any policy documents or details on what it covers can the accounts office send us the digital policy copy,Fees / Finance,Medium,complaint_triage,3,0
the ink on the printed fee receipts is very faint by the time the semester ends the text is almost invisible it would be better if the finance office used higher quality printers or gave us a digital copy alongside the physical one,Fees / Finance,Low,complaint_triage,3,1
suggestion for an auto pay feature for the monthly mess bills it s a bit of a hassle to log in every month just to pay a small amount a recurring payment option through upi or net banking would be a great convenience for everyone,Fees / Finance,Low,complaint_triage,3,1
the lighting in the accounts office waiting area is a bit dim when we are trying to fill out the challan forms it s hard to see the small text adding one or two extra lights would make the process much easier for us,Fees / Finance,Low,complaint_triage,3,1
could we have a fee calculator on the university website sometimes it s hard to figure out the total amount including labs and electives a simple tool where we select our branch and semester would be very useful,Fees / Finance,Low,complaint_triage,3,1
the notice regarding the exam fee was posted very late on the bulletin board most of us only saw it a day before the deadline it would be better if these announcements were sent via sms or app notification as well,Fees / Finance,Low,complaint_triage,3,1
request for a small table near the bank counter currently there is nowhere to keep our bags or files while we are filling out the deposit slips a simple standing desk would make the queue much more organized,Fees / Finance,Low,complaint_triage,3,1
the finance section on the student app is quite slow it takes a long time to load the payment history a quick optimization update for the mobile version of the portal would be appreciated by the student community,Fees / Finance,Low,complaint_triage,3,1
can the university start accepting international cards for the application fees i have a foreign exchange card from my travel and it would be easier to use that than to keep converting currency for small academic charges,Fees / Finance,Low,complaint_triage,3,1
the fee payment window is only open from 10 am to 3 pm since most of us have labs during these hours it s hard to visit the office extending the window by just one hour until 4 pm would be a huge help,Fees / Finance,Low,complaint_triage,3,1
the digital display showing the token numbers in the finance lobby is flickering it makes it hard to know whose turn it is it probably just needs a loose cable to be tightened or the screen replaced,Fees / Finance,Low,complaint_triage,3,1
suggestion to add a frequently asked questions section for scholarships on the portal many of us have the same questions about eligibility and deadlines and a simple faq page would save a lot of time for the staff,Fees / Finance,Low,complaint_triage,3,1
the water cooler near the finance office is often out of paper cups in the afternoon since students spend a lot of time waiting in line there it would be nice if the supplies were restocked more frequently,Fees / Finance,Low,complaint_triage,3,1
can we have a separate fast track line for students who just need to pick up a pre printed receipt currently everyone stands in the same queue regardless of whether they are paying or just collecting a document,Fees / Finance,Low,complaint_triage,3,1
the scholarship notification emails sometimes end up in the spam folder because of the sender s address maybe the university can use a more recognized domain so we don t miss out on important financial deadlines,Fees / Finance,Low,complaint_triage,3,1
request for a few more pens to be kept at the challan counter often there are none available and we have to keep asking other students it s a small thing but it would make the experience smoother for everyone,Fees / Finance,Low,complaint_triage,3,1
the chairs in the finance waiting area are quite old and some are broken replacing them with a few rows of sturdy benches would provide more seating for the students during the busy admission weeks,Fees / Finance,Low,complaint_triage,3,1
the transaction fee for various online modes isn t clearly listed before we reach the final payment page it would be better to see the comparison of charges upfront,Fees / Finance,Low,complaint_triage,3,1
suggestion for a digital queue management system instead of standing in a physical line we could get a token on our phones and come back when it s our turn this would prevent the hallway from getting overcrowded,Fees / Finance,Low,complaint_triage,3,1
the annual report on student welfare funds hasn t been posted in the lobby this year we always like to see how the student activity fees are being utilized for campus events and sports equipment,Fees / Finance,Low,complaint_triage,3,1
the staff at the information desk in the finance wing are sometimes a bit curt when we ask about refund timelines a bit more patience with our queries would be appreciated,Fees / Finance,Low,complaint_triage,3,1
can we have a small bin specifically for the discarded challan carbon copies near the bank people usually just leave them on the desks which makes the area look quite untidy by the end of the day,Fees / Finance,Low,complaint_triage,3,1
the help icon on the payment portal is broken when you click it nothing happens it would be good if it linked to a support email for students facing technical issues during payment,Fees / Finance,Low,complaint_triage,3,1
request for a few more ceiling fans in the accounts branch hallway it gets very hot during the july fee submission week and the current ventilation isn t enough for the number of students standing in line,Fees / Finance,Low,complaint_triage,3,1
the fee due alerts on the mobile app are sent at 2 am it s a bit startling to get a notification in the middle of the night scheduling these for during the day would be a much better user experience,Fees / Finance,Low,complaint_triage,3,1
the finance news ticker on the lobby tv is moving too fast it s almost impossible to read the scholarship dates before they scroll off the screen slowing it down by half would be very helpful,Fees / Finance,Low,complaint_triage,3,1
suggestion to allow mobile wallet payments for the cafeteria and the small stationary shop on campus currently they only take cash which is a bit inconvenient for quick purchases,Fees / Finance,Low,complaint_triage,3,1
the scholarship form pdf is not editable we have to print it out fill it by hand and then scan it again making it a fillable pdf form would be a much more modern and efficient way to handle the process,Fees / Finance,Low,complaint_triage,3,1
request to move the fee deposit box to a more visible location it s currently hidden behind a pillar and many new students miss it and end up standing in the wrong line just to drop off a cheque,Fees / Finance,Low,complaint_triage,3,1
the transaction receipt we get via sms doesn t include the student id number adding that small detail would make it much easier to track the payment if there s ever a dispute,Fees / Finance,Low,complaint_triage,3,1
can the university provide a small finance handbook for the freshmen it would be great to have all the bank details payment dates and refund policies in one place,Fees / Finance,Low,complaint_triage,3,1
the no dues stamp used by the office is very blurry it s hard to read the date and signature on the final clearance form replacing the old rubber stamp with a new one would make the document look more official,Fees / Finance,Low,complaint_triage,3,1
request for a few more staplers at the document submission desk students often forget to staple their challans to their registration forms leading to lost papers a few fixed staplers would prevent this,Fees / Finance,Low,complaint_triage,3,1
the finance section website takes a long time to load on mobile browsers since many of us check our balance on the go a lite version of the site would be very useful,Fees / Finance,Low,complaint_triage,3,1
could the finance office post a holiday list on the main door sometimes we travel from far away only to find the bank and the accounts branch closed for a local festival a clear schedule would save us the trip,Fees / Finance,Low,complaint_triage,3,1
the carpet in the waiting area of the accounts office is quite worn out and has a few trip hazards it might be time to replace it with some easy to clean tiling or a new rug,Fees / Finance,Low,complaint_triage,3,1
suggestion for a feedback box specifically for the accounts department it would be a nice way for students to share their experiences with the fee payment process and suggest improvements,Fees / Finance,Low,complaint_triage,3,1
the instruction stickers on the atm are peeling off it s hard to see which slot is for the card and which is for the receipt a fresh set of stickers would make the machine easier to use for new students,Fees / Finance,Low,complaint_triage,3,1
can the finance office start sending payment successful notifications via the university s official whatsapp bot it s a more reliable way to keep a record than just relying on the website portal,Fees / Finance,Low,complaint_triage,3,1
the privacy screen on the finance office counters is a bit too opaque it s hard to hear the staff through the glass a small speaking hole or an intercom system would make communication much better,Fees / Finance,Low,complaint_triage,3,1
request for a clock in the finance office waiting area it helps us keep track of how long we ve been waiting and ensures we don t miss our next lecture if the queue is moving slowly,Fees / Finance,Low,complaint_triage,3,1
the main water pipe in the basement of block b has burst and is flooding the server room there is about two inches of water on the floor already and it is rising toward the power backup units if the water hits the electrical mains the entire building will short circuit we need a plumbing team and a heavy duty pump here immediately to prevent a total blackout and equipment damage,Maintenance,High,complaint_triage,4,2
gas leak detected near the chemistry lab storage area there is a very strong distinct smell of lpg wafting into the corridor of the west wing this is an extreme fire hazard especially with students performing experiments nearby i have evacuated the immediate area but we need a technician to shut off the main valve and check the pipes right now,Maintenance,High,complaint_triage,4,2
elevator stuck between the 5th and 6th floors with four students inside the emergency alarm is ringing but the lift car isn t moving and the fan has stopped working one of the students is starting to panic due to the heat and lack of ventilation we need the lift technician to manually override the system and rescue them before they run out of air,Maintenance,High,complaint_triage,4,2
exposed high voltage wires in the laundry room after the heavy rain the insulation on the main dryer cable has frayed and is sparking near a puddle of water on the floor anyone walking in there to collect their clothes is at risk of electrocution this area needs to be cordoned off and the power cut immediately for repairs,Maintenance,High,complaint_triage,4,2
main entrance glass door shattered in the girls hostel a heavy gust of wind slammed the door and it has broken into large sharp shards across the lobby since it is the ground floor entrance anyone can enter the premises now and students are walking barefoot near the glass we need an emergency cleanup and a temporary board installed for security,Maintenance,High,complaint_triage,4,2
ceiling plaster fell on a student s bed in room 302 of the old wing a large chunk of the roof collapsed this morning and the rest of the ceiling looks severely cracked and water damaged it is unsafe for the residents to stay in that room as another collapse is imminent we need an immediate structural assessment and a room shift for the occupants,Maintenance,High,complaint_triage,4,2
total power failure in the medical wing of the campus clinic the backup generator is not kicking in and there are temperature sensitive vaccines stored in the refrigerators if the power isn t restored in the next hour thousands of dollars worth of medication will be ruined please send an emergency electrician to bypass the faulty breaker,Maintenance,High,complaint_triage,4,2
heavy sewage backup in the ground floor washrooms of block c foul water is overflowing from the drains and entering the residential rooms it is a massive health risk and the smell is becoming unbearable for the entire block we need a professional drainage clearing team to address this blockage immediately,Maintenance,High,complaint_triage,4,2
broken window latch on a ground floor room facing the main road the lock snapped and the window can now be opened from the outside by anyone this is a major security breach for the student living there especially at night i cannot leave my room unattended please send a carpenter to fix the latch before sunset,Maintenance,High,complaint_triage,4,2
fire alarm system is malfunctioning and sounding continuously in block d it has been going off for 20 minutes but there is no fire however because it won t stop students are ignoring it which is dangerous if a real emergency occurs we need the system reset and the faulty sensor replaced immediately,Maintenance,High,complaint_triage,4,2
main gate of the faculty residential area is jammed and won t open an ambulance is trying to get through for an emergency call but the electronic gates are unresponsive we need someone to manually release the gears or cut the lock right now to allow the emergency vehicle through,Maintenance,High,complaint_triage,4,2
large tree limb has fallen across the power lines near the cafeteria the lines are sagging dangerously low and are humming loudly if they snap they will hit the crowded walkway below maintenance needs to clear the branch and secure the lines before someone gets hurt,Maintenance,High,complaint_triage,4,2
smoke coming from the central air conditioning vent in the auditorium during the seminar we noticed a burning smell and grey smoke emitting from the ceiling units we have turned off the ac but we need a technician to inspect the motor for a fire before the next session begins,Maintenance,High,complaint_triage,4,2
structural crack widened significantly on the 2nd floor balcony after the minor tremor last night the gap in the concrete has doubled in size we are worried about the balcony s weight bearing capacity please cordon off the area and send a civil engineer to inspect the stability today,Maintenance,High,complaint_triage,4,2
water tank overflow is flooding the stairwell of block e the float valve has failed and hundreds of gallons of water are cascading down the stairs making them extremely slippery this is wasting a massive amount of water and creating a fall hazard for everyone in the building,Maintenance,High,complaint_triage,4,2
basement flooding near the main circuit breakers rainwater is seeping through the foundation and pooling around the electrical panels if the water level rises another inch it will trigger a mass short circuit we need sandbags and a suction pump here now,Maintenance,High,complaint_triage,4,2
corroded railing on the 4th floor terrace has snapped a student leaned on it and a section of the metal gave way thankfully they didn t fall but that entire side of the roof is now unprotected this needs to be welded or replaced urgently before tonight,Maintenance,High,complaint_triage,4,2
the emergency exit door in the library is jammed shut in case of a fire people on the second floor would be trapped as the main stairs would be the only exit this is a serious safety violation the door needs to be unjammed and the hinges lubricated today,Maintenance,High,complaint_triage,4,2
steam pipe leak in the mess kitchen a high pressure valve has started leaking hot steam near the cooking vats it is too dangerous for the staff to prepare dinner we need a mechanical technician to replace the valve so the kitchen can resume operations,Maintenance,High,complaint_triage,4,2
unstable scaffolding left by the painting crew the metal structure near the entrance is swaying in the wind and looks like it might tip over onto the student walkway it needs to be secured or dismantled immediately before it causes an accident,Maintenance,High,complaint_triage,4,2
chemical spill in the basement storage room a shelf collapsed and several containers of industrial cleaning agents have leaked and are reacting there are localized fumes and we need a hazmat trained maintenance member to neutralize the spill,Maintenance,High,complaint_triage,4,2
the main boiler has reached critical pressure levels the gauge is in the red and the pressure release valve isn t popping we need a boiler technician to bleed the system immediately to prevent a rupture in the basement,Maintenance,High,complaint_triage,4,2
bees nest in the air vent of room 412 swarms of bees are entering the room through the ac duct and my roommate has already been stung twice she is allergic to stings we need an exterminator and the duct sealed before we can re enter the room,Maintenance,High,complaint_triage,4,2
sinkhole appearing in the parking lot a section of the asphalt has collapsed near the drain and is about three feet deep it is right in the path of incoming cars we need it cordoned off and filled before a vehicle falls in,Maintenance,High,complaint_triage,4,2
the overhead water tank lid has blown off in the storm birds and debris are falling into our drinking water supply this is an immediate hygiene issue for the 200 residents of this block please secure the lid or install a new one today,Maintenance,High,complaint_triage,4,2
the air conditioning in the computer lab is not cooling properly with 40 students and all the machines running the temperature is reaching 30 degrees it is becoming very difficult to focus on our coding lab the filters probably need cleaning or the gas needs a refill,Maintenance,Medium,complaint_triage,4,0
persistent dampness on the wall of room 215 ever since the rains started a large wet patch has appeared and mold is starting to grow it smells very musty and is affecting my breathing at night we need a waterproofing specialist to check the exterior wall,Maintenance,Medium,complaint_triage,4,0
one of the four burners in the hostel pantry is not working the ignition sparks but the flame won t catch so there is always a faint smell of gas when someone tries to use it it makes cooking very slow during the evening rush please have it serviced,Maintenance,Medium,complaint_triage,4,0
the communal shower in the north wing has a very weak flow it takes forever to get the soap off because the water just trickles out we think the showerhead is clogged with lime scale could maintenance replace the head or descale the pipes this week,Maintenance,Medium,complaint_triage,4,0
squeaky ceiling fan in the study hall the fan in the corner makes a loud metallic grinding noise whenever it s on speed 3 or higher it is very distracting for everyone trying to study in silence a simple oiling of the motor should fix the issue,Maintenance,Medium,complaint_triage,4,0
the hallway lights on the 3rd floor of block g have been dead for three days it is pitch black at night and we have to use our phone torches to find our room keys it s a safety issue for the students please replace the tube lights or check the starter,Maintenance,Medium,complaint_triage,4,0
slow drainage in the mess washbasin every time we wash our hands before lunch the water pools up and takes 10 minutes to go down it s getting quite dirty and leaves a lot of residue the u bend under the sink likely needs to be cleared of debris,Maintenance,Medium,complaint_triage,4,0
the door closer in the library is too tight the door slams shut with a loud bang every time someone enters which is constant it disrupts the quiet environment and might eventually break the glass please adjust the hydraulic tension on the arm,Maintenance,Medium,complaint_triage,4,0
exhaust fan in the bathroom is not rotating the room stays very humid and the mirrors are constantly fogged up which is leading to more mold on the tiles i ve checked the switch but the motor seems to be burnt out requesting a replacement,Maintenance,Medium,complaint_triage,4,0
the floor tiles in the lobby are loose several of the large marble tiles near the reception desk wobble when you step on them someone is going to trip if they aren t re cemented soon this has been an issue for over a week now,Maintenance,Medium,complaint_triage,4,0
window pane is vibrating loudly during high winds the glass in room 504 seems to have come loose from the putty or the frame it makes a very annoying rattling sound all night can maintenance apply some sealant to stop the vibration,Maintenance,Medium,complaint_triage,4,0
the gym treadmill has a frayed belt it s starting to slip when you run at higher speeds which could cause someone to fall off the machine is otherwise fine but the belt definitely needs to be replaced before it snaps completely,Maintenance,Medium,complaint_triage,4,0
pest control needed for the common room we have seen cockroaches and silverfish near the sofas and under the tv cabinet it s getting a bit unhygienic for us to sit there and eat snacks please schedule a professional spray for the weekend,Maintenance,Medium,complaint_triage,4,0
the water cooler in the faculty block is leaking there is a constant puddle of water on the wooden floor which is starting to warp the planks it looks like the internal drainage pipe is disconnected please fix the leak to save the flooring,Maintenance,Medium,complaint_triage,4,0
broken towel rack in the washroom the metal bar has come off the wall on one side because the screws have pulled out of the drywall i have no place to hang my clothes while showering can maintenance re install it with better anchors,Maintenance,Medium,complaint_triage,4,0
the clock in the main hallway is stuck it s been showing 10 15 for two days it s a small thing but it s the only clock we have to check if we are on time for our lectures please replace the battery or the unit,Maintenance,Medium,complaint_triage,4,0
bicycle rack is rusting and one of the bars has snapped it has a sharp edge that could scratch someone s leg or puncture a tire it needs a quick weld and a fresh coat of anti rust paint to make it usable again,Maintenance,Medium,complaint_triage,4,0
request for better weather stripping on the balcony door during the rain yesterday water seeped under the door and soaked my rug a simple rubber strip at the bottom of the door would prevent this from happening again,Maintenance,Medium,complaint_triage,4,0
the paint is peeling off the radiator in my room the old flakes are falling onto my bed and it looks very untidy since the radiator is still working it just needs a quick scrape and a heat resistant touch up before the winter starts,Maintenance,Medium,complaint_triage,4,0
automatic hand dryer in the cafeteria is not sensing anything it stays off even when you put your hands directly under it this leads to people using a lot of paper towels which is wasteful please check the ir sensor,Maintenance,Medium,complaint_triage,4,0
loose door handle on the seminar room you have to jiggle it several times to get it to latch properly sometimes students get locked in for a few seconds because it won t turn it just needs the internal screws tightened,Maintenance,Medium,complaint_triage,4,0
the outdoor benches in the courtyard are splintering the wood has weathered poorly and it s impossible to sit on them without catching your clothes or getting a splinter they need to be sanded down and revarnished for the students,Maintenance,Medium,complaint_triage,4,0
the water pressure in the bidet spray is way too high it s almost painful to use and it splashes water everywhere in the stall could the plumber adjust the pressure valve for the ground floor washrooms,Maintenance,Medium,complaint_triage,4,0
intermittent buzzing from the fluorescent lights in lt 1 one of the ballasts is failing and the constant hum is making it hard to hear the professor s voice clearly can maintenance replace the faulty ballast after classes end,Maintenance,Medium,complaint_triage,4,0
the lock on the post box is jammed i can t get my mail out because the key won t turn in the cylinder i ve tried using some oil but it didn t help i need a locksmith or the maintenance team to open it and replace the lock,Maintenance,Medium,complaint_triage,4,0
the privacy screen in the girls shower area is torn it s a thick plastic curtain but the rings have pulled through the top it provides very little privacy now requesting a new heavy duty curtain to be installed,Maintenance,Medium,complaint_triage,4,0
stairwell railing is loose between the 3rd and 4th floors the metal pipe wobbles when you hold it for support this is a safety concern for anyone carrying heavy books or laundry please tighten the wall brackets,Maintenance,Medium,complaint_triage,4,0
the microwave in the student pantry is not heating food evenly one side of the plate stays cold while the other is boiling it might be the rotating base or the magnetron failing can we have it checked by an appliance technician,Maintenance,Medium,complaint_triage,4,0
dust accumulation in the ac vents of the reading room whenever the air turns on it blows out a cloud of dust that triggers my allergies the vents haven t been vacuumed in a long time please schedule a cleaning of the duct covers,Maintenance,Medium,complaint_triage,4,0
the mirror in the washroom has developed black spots it looks like the silvering is coming off from the back due to the moisture it makes it very hard to see clearly it s time for a new mirror to be fitted,Maintenance,Medium,complaint_triage,4,0
one of the stalls in the men s room has a broken latch you have to hold the door with one hand while using the facility this has been broken for a month a simple sliding bolt would fix this easily,Maintenance,Medium,complaint_triage,4,0
the water dispenser is making a loud vibrating noise every time it chills the water the whole unit rattles against the wall it s very annoying for the students in the adjacent study room please check the compressor mounts,Maintenance,Medium,complaint_triage,4,0
the window mesh in room 108 is torn mosquitoes are getting in at night even when the glass is closed because the screen is loose i would appreciate it if maintenance could replace the mesh with a new one,Maintenance,Medium,complaint_triage,4,0
request for a doorstopper in the common room the door keeps swinging shut because of the draft and then people have to keep opening it a simple wedge or a floor mounted stopper would be a great addition,Maintenance,Medium,complaint_triage,4,0
the floor boards in the old music room are creaking loudly every time someone walks across the floor it makes a piercing sound we think some of the nails have come loose can maintenance secure the loose planks,Maintenance,Medium,complaint_triage,4,0
the paint in the study room is a bit scuffed it s not a major issue but the walls look a bit dirty from where chairs have rubbed against them a fresh coat of white paint would make the room feel much brighter and cleaner,Maintenance,Low,complaint_triage,4,1
the door handle to the terrace is a bit stiff it works fine but you have to use a bit more force than usual to turn it a quick spray of wd 40 on the mechanism would probably make it move smoothly again,Maintenance,Low,complaint_triage,4,1
request for more coat hooks in the individual study carrels currently there is nowhere to hang a jacket or a bag so they end up on the floor adding two small hooks to each booth would be a very helpful upgrade,Maintenance,Low,complaint_triage,4,1
the signage for the different wings is starting to fade new students are getting confused because the block b sign is hard to read from the entrance it would be nice to have them repainted or replaced with bolder text,Maintenance,Low,complaint_triage,4,1
could we have a few more mats at the entrance of the hostel during the rainy season the existing ones get soaked very quickly and then people just track mud into the hallway two extra rubber mats would help keep the floors clean,Maintenance,Low,complaint_triage,4,1
the clock in the cafeteria is five minutes slow it s not a big deal but it does cause some confusion for students trying to get to their 1 pm lectures on time it just needs to be synced with the digital campus clock,Maintenance,Low,complaint_triage,4,1
one of the legs on the common room coffee table is slightly uneven it wobbles just a little bit when you put a drink on it a small felt pad under the short leg would easily fix the balance,Maintenance,Low,complaint_triage,4,1
the window handles in the seminar hall are a bit dusty it looks like they were missed during the last cleaning round a quick wipe down with a damp cloth is all they need to look new again,Maintenance,Low,complaint_triage,4,1
suggestion for a small lost and found shelf near the maintenance office people often find keys or small tools and don t know where to drop them off a designated wooden shelf would be very useful for the community,Maintenance,Low,complaint_triage,4,1
the lighting in the laundry room is a bit yellow switching to a cool white led would make it much easier to see if there are any stains left on our white lab coats it s a minor preference but it would help,Maintenance,Low,complaint_triage,4,1
the door to the pantry makes a slight squeak when it opens it s not loud enough to bother most people but a drop of oil on the hinges would make the environment a bit quieter during late night study sessions,Maintenance,Low,complaint_triage,4,1
request for a bulletin board in the maintenance hallway we currently tape all our repair requests to the door which leaves sticky residue a proper cork board would be a much tidier way to manage the notices,Maintenance,Low,complaint_triage,4,1
the trash cans in the courtyard don t have lids this means that sometimes the wind blows lighter pieces of paper back onto the grass switching to bins with flap lids would keep the area looking much neater,Maintenance,Low,complaint_triage,4,1
the floor in the gym area has a few scuff marks from where the weights were moved it doesn t affect the usage but a good buffing or a deep clean would make the facility look much more professional,Maintenance,Low,complaint_triage,4,1
could we have a few more plants in the lobby area it s a bit stark at the moment and some greenery would make the maintenance office entrance look much more welcoming for the students,Maintenance,Low,complaint_triage,4,1
the stapler at the reception desk is always running out of pins it would be great if the maintenance staff could keep a small box of staples nearby so students don t have to keep asking around,Maintenance,Low,complaint_triage,4,1
the handrails in the stairwell are a bit sticky it seems like something was spilled on them recently a quick cleaning with some disinfectant would make them much more pleasant to use,Maintenance,Low,complaint_triage,4,1
the maintenance sign on the office door is slightly crooked it s a very minor aesthetic issue but leveling it out would give a better impression of the department s attention to detail,Maintenance,Low,complaint_triage,4,1
suggestion to add a suggestion box for infrastructure improvements we often have ideas for small things like better bike racks or extra benches and a box would be a great way to collect those thoughts,Maintenance,Low,complaint_triage,4,1
the water pressure in the water fountain near the gym is a bit low it s hard to fill up a large bottle quickly it s not a major problem but a small adjustment to the valve would be appreciated,Maintenance,Low,complaint_triage,4,1
the blinds in the computer lab have a small cord that is fraying they still work fine for now but the cord might snap in a few months it would be good to replace it before it becomes a real problem,Maintenance,Low,complaint_triage,4,1
the paint on the courtyard benches is starting to look a bit dull a fresh coat of varnish next semester would help protect the wood from the sun and keep them looking nice for the students,Maintenance,Low,complaint_triage,4,1
request for a few more mirrors in the common washrooms currently there is only one for four sinks which causes a bit of a queue in the morning adding two more would speed up our morning routine,Maintenance,Low,complaint_triage,4,1
the digital clock in the lobby has a very bright blue display that is a bit piercing at night if there s a way to dim it or switch it to a softer color like red or amber it would be much better,Maintenance,Low,complaint_triage,4,1
one of the tiles in the shower area has a small chip it s not sharp enough to cut anyone but it s a bit of an eyesore filling it with a bit of white grout would make the floor look perfect again,Maintenance,Low,complaint_triage,4,1
the doorstop in room 204 has come loose the rubber part fell off so the door hits the wall now it just needs to be screwed back in or replaced with a new one to prevent wall damage,Maintenance,Low,complaint_triage,4,1
could the maintenance team check the alignment of the lockers in block c some of them are slightly slanted which makes the whole row look a bit disorganized it s a very minor structural fix,Maintenance,Low,complaint_triage,4,1
the caution wet floor signs are looking a bit dirty since they are used in the main lobby it would be good to give them a scrub so they look professional and are clearly visible to everyone,Maintenance,Low,complaint_triage,4,1
request for a small rack for wet umbrellas at the entrance of the maintenance wing it would stop people from bringing dripping umbrellas inside and making the floor slippery for the staff,Maintenance,Low,complaint_triage,4,1
the lighting in the back corner of the study hall is a bit dim for reading textbooks replacing the 40w bulb with a 60w one would make it a much more usable space for late night sessions,Maintenance,Low,complaint_triage,4,1
the door to the storage room has a few old stickers on it that are half peeled removing them and cleaning the adhesive would make the hallway look much tidier and more official,Maintenance,Low,complaint_triage,4,1
suggestion to add a few more no smoking signs in the garden area some people are ignoring the current ones because they are small larger clearer signs would help enforce the campus policy,Maintenance,Low,complaint_triage,4,1
the sink in the pantry has a small scratch in the stainless steel it doesn t affect the function at all but using a bit of metal polish might help minimize the appearance of the mark,Maintenance,Low,complaint_triage,4,1
request for more frequent weeding of the small flower beds near the hostel entrance a few weeds are starting to poke through the mulch and it would look much nicer if they were pulled,Maintenance,Low,complaint_triage,4,1
the power outlets in the common room are a bit loose in the wall they work fine but they wiggle a bit when you plug in a charger tightening the faceplate screws would solve the issue,Maintenance,Low,complaint_triage,4,1
the exit sign over the side door is slightly dim it s still readable but it might need a new bulb soon to stay compliant with the safety regulations for the building,Maintenance,Low,complaint_triage,4,1
the library sign in the east wing has a slightly loose bracket it s not in danger of falling yet but it rattles a bit when the ac kicks in tightening the two screws on the side would make it perfectly stable again,Maintenance,Low,complaint_triage,4,1
request to reposition the trash bin in the common area by a few feet currently it s placed right under the light switch which makes it a bit awkward to reach for the button in the dark moving it to the corner would be a better layout,Maintenance,Low,complaint_triage,4,1
the whiteboards in the student lounge have some ghosting from old markers a standard cleaning spray doesn t seem to work could the maintenance staff provide a bottle of professional board restorer for us to use,Maintenance,Low,complaint_triage,4,1
the door to the faculty restroom has a coat of paint that is slightly uneven near the bottom it s a very minor aesthetic flaw that probably occurred during the last touch up re sanding and a quick thin coat would smooth it out,Maintenance,Low,complaint_triage,4,1
the morning shuttle at 8 30 am is always completely packed many students are forced to stand right next to the driver s seat or wait for the next one which makes them late for their first lecture it would be great if an extra bus could be added for this specific slot,Transport,Low,complaint_triage,5,1
i think it would be a good idea to put a bench at the north gate pickup point there is currently nowhere to sit while waiting for the loop bus which is a bit of a hassle when you re carrying heavy books or a laptop bag,Transport,Low,complaint_triage,5,1
the 9 00 pm shuttle driver was driving incredibly fast through the pedestrian zone near the library i almost got hit while crossing this kind of reckless behavior is terrifying and someone is going to get seriously hurt if this isn t addressed immediately,Transport,High,complaint_triage,5,2
i m currently stranded at the campus perimeter because the 5 00 pm bus never showed up and i have a final exam starting in 15 minutes there s no other way to get to the hall on time please help me get there before the doors close,Transport,High,complaint_triage,5,2
for the third day in a row the ac in bus number 12 isn t working it s nearly 40 degrees outside and the cabin is like an oven it s very difficult to focus on my notes when i m sweating through my clothes before i even reach the department,Transport,Medium,complaint_triage,5,0
my student id card isn t being recognized by the scanner on the blue route buses every time i board i have to explain the situation to the driver which holds up the line i ve already been to the admin office and they said the card is fine so it must be the bus scanners,Transport,Medium,complaint_triage,5,0
can we get a digital tracker for the shuttle sometimes the bus arrives five minutes early and we miss it and other times it s ten minutes late and we re just standing there wondering if it s coming at all,Transport,Low,complaint_triage,5,1
the stairs on the 42nd street bus are becoming loose and wobbly i saw a student trip and nearly fall off the vehicle this morning this needs to be fixed before the metal completely gives way,Transport,High,complaint_triage,5,2
i noticed that the bike racks on the front of the campus shuttles are often full maybe we could look into installing a few more racks so more people are encouraged to cycle instead of taking their cars,Transport,Low,complaint_triage,5,1
the evening route home is consistently skipping the stop near the engineering block we wait there for ages and watch the bus go by on the main road without turning in this has happened four times this week and it s very frustrating,Transport,Medium,complaint_triage,5,0
i left my blue umbrella on the 2 15 pm shuttle today i sat near the back if the driver found it could you let me know where i can go to pick it up,Transport,Low,complaint_triage,5,1
the shuttle driver was using his phone to watch videos while driving the highway stretch between campuses he was barely looking at the road and drifting between lanes i felt completely unsafe and had to get off early,Transport,High,complaint_triage,5,2
there s a strange burning smell coming from the engine of the morning bus that runs through the south campus it s been happening for a few days now and it makes me worried about the vehicle s maintenance,Transport,Medium,complaint_triage,5,0
the weekend shuttle schedule is very confusing the timings posted on the website don t match the actual times the bus arrives could the pdf be updated to reflect the current routes,Transport,Low,complaint_triage,5,1
during the rain yesterday the roof of the bus was leaking right over the middle seats my bag and laptop got soaked this is a basic maintenance issue that shouldn t be happening,Transport,Medium,complaint_triage,5,0
someone spilled coffee all over the back row of the 10 00 am shuttle and it s still there sticky and smelling bad it would be nice if the interiors were cleaned more frequently during the day,Transport,Low,complaint_triage,5,1
the driver of the midday loop was incredibly rude to an international student today he shouted at her because she didn t understand how the pass system worked it was very unprofessional and made everyone on the bus uncomfortable,Transport,Medium,complaint_triage,5,0
is there any way to extend the shuttle service by one hour on friday nights many of us stay late at the lab and having to walk back to the dorms in the dark feels unsafe,Transport,Low,complaint_triage,5,1
the brakes on the bus ending in plate 442 are screeching very loudly every time it stops it sounds like the pads are completely worn out and it s quite alarming to hear when the bus is full of people,Transport,High,complaint_triage,5,2
i ve noticed the shuttle stops aren t very well lit at night as a student who works late shifts at the library waiting at the north stop feels very sketchy installing even one small light would make a big difference for safety,Transport,High,complaint_triage,5,2
why does the bus driver always take a 20 minute break at the student center it s right in the middle of the route and it makes everyone late for their next class can the shift changes happen at the terminus instead,Transport,Low,complaint_triage,5,1
i lost my wallet on the bus this morning it s a brown leather one with my license and some cash if it s been turned in please let me know i really need those ids back for my internship interview tomorrow,Transport,Medium,complaint_triage,5,0
the 8 00 am bus simply didn t show up today a group of about 30 of us were left waiting and most of us missed our mid term presentations we need a more reliable service for morning peak hours,Transport,High,complaint_triage,5,2
the bus stop sign near the gymnasium has fallen over it s lying in the grass and new students don t know where to stand to catch the shuttle,Transport,Low,complaint_triage,5,1
there was a physical altercation between two students on the bus this afternoon and the driver didn t do anything to intervene or call security it was a very scary environment and i didn t feel safe staying on the vehicle,Transport,High,complaint_triage,5,2
the shuttle route is too long by the time it reaches the outskirts of the campus it s already 40 minutes into the trip maybe splitting it into two smaller loops would be more efficient for everyone,Transport,Low,complaint_triage,5,1
i noticed that the handicap ramp on the main campus bus is broken a student in a wheelchair couldn t board today and had to wait for the next bus which also had a faulty ramp this is a major accessibility issue,Transport,Medium,complaint_triage,5,0
i m very upset because the driver closed the doors right in my face even though he saw me running i was only two feet away now i m going to be late for my lab and my grade will be docked,Transport,Medium,complaint_triage,5,0
the bus windows are so dirty you can barely see out of them it s hard to know which stop we re at especially when it s dark outside a simple wash once a week would help,Transport,Low,complaint_triage,5,1
the 11 00 pm shuttle stop is located in a very isolated area with no cctv i saw someone suspicious hanging around there last night and i think the stop should be moved closer to the well lit main road for student safety,Transport,High,complaint_triage,5,2
every time the bus hits a pothole the entire overhead rack rattles like it s going to fall off it s very distracting when trying to read,Transport,Low,complaint_triage,5,1
the shuttle service keeps changing the route without updating the app i waited for an hour today at a stop that apparently isn t being used anymore please communicate these changes better,Transport,Medium,complaint_triage,5,0
there is a huge crack in the windshield of the bus that does the inter campus run it s right in the driver s line of sight and seems like a major safety hazard if a rock hits it,Transport,High,complaint_triage,5,2
could we have more frequent buses during finals week the library is packed 24 7 and the current shuttle frequency isn t enough to handle the number of students leaving at 2 00 am,Transport,Medium,complaint_triage,5,0
the driver was smoking inside the bus while waiting at the terminus the whole cabin smelled like cigarettes when we boarded which is gross and also against campus policy,Transport,Low,complaint_triage,5,1
the morning bus is consistently 15 minutes late if this continues i m going to have to start paying for ubers because i can t keep missing the start of my 9 00 am seminar,Transport,Medium,complaint_triage,5,0
i accidentally dropped my keys down the gap in the folding doors of the bus i need them to get into my apartment tonight is there any way for maintenance to check the door mechanism,Transport,Medium,complaint_triage,5,0
the bus was so overcrowded today that students were literally pressed against the doors if the driver had to brake suddenly those doors could have given way this is a disaster waiting to happen,Transport,High,complaint_triage,5,2
i d like to suggest adding a request stop button to the older buses right now you have to shout to the driver or pull a string that doesn t always work,Transport,Low,complaint_triage,5,1
the heater on the bus is stuck on full blast it s already warm outside and we re all suffocating in there the driver says he can t turn it off because the knob is broken,Transport,Medium,complaint_triage,5,0
i saw a group of non students using the shuttle to get across town this made the bus too full for actual students who pay for this service through their fees there should be an id check,Transport,Low,complaint_triage,5,1
the driver started driving before a student with crutches had a chance to sit down she fell over and hit her head we need drivers who are more mindful of students with mobility issues,Transport,High,complaint_triage,5,2
the 4 00 pm shuttle route takes a very long detour through the construction site it adds 15 minutes to the trip for no reason is there a more direct path available,Transport,Low,complaint_triage,5,1
my bus pass was overcharged this month i usually pay for the student discount rate but the system took the full faculty amount i need a refund of the difference,Transport,Medium,complaint_triage,5,0
i witnessed a student being harassed by a group of people on the late night shuttle the driver didn t notice because he had headphones in we need better monitoring on the night routes,Transport,High,complaint_triage,5,2
the seats in the back of the bus are ripped and the foam is coming out it looks terrible and makes the whole campus look bad to visitors,Transport,Low,complaint_triage,5,1
the bus driver refused to let me on with my project model even though it wasn t that big i had to walk 20 minutes in the wind and it got damaged i don t understand why there isn t a clearer policy on luggage,Transport,Medium,complaint_triage,5,0
i missed my flight home because the airport shuttle provided by the university broke down on the highway and no backup was sent for two hours i had to buy a new ticket which cost me 300,Transport,High,complaint_triage,5,2
can we have a lost and found section on the transport website it would be much easier than calling the office every time someone loses a hat or a glove,Transport,Low,complaint_triage,5,1
the bus driver was being very aggressive with his horn and yelling at other drivers in traffic it was very embarrassing and made the university look bad,Transport,Medium,complaint_triage,5,0
the shuttle at 7 30 am is always empty maybe that resource could be moved to the 10 00 am slot when the buses are overflowing,Transport,Low,complaint_triage,5,1
i think i left my phone on the seat of the green line bus it s a black iphone if anyone finds it please call the admin office i need it for my multi factor authentication for my exams,Transport,High,complaint_triage,5,2
the bus stop signs are fading and you can t read the route numbers anymore it would be helpful to have them repainted or replaced,Transport,Low,complaint_triage,5,1
the driver missed the turn for the east dorms and refused to go back he told us we had to walk from the next stop which is over a mile away in the dark,Transport,Medium,complaint_triage,5,0
i feel like the drivers need more training on how to operate the new electric buses they are very jerky with the brakes and it makes a lot of people feel motion sick,Transport,Medium,complaint_triage,5,0
the 3 00 pm shuttle is always 10 minutes late which means i miss my connection to the city bus could the schedule be adjusted to be more realistic,Transport,Low,complaint_triage,5,1
there was a large dog on the bus today that wasn t a service animal it was barking at people and made many students uncomfortable aren t pets supposed to be in carriers,Transport,Low,complaint_triage,5,1
i am writing to report a driver who was making inappropriate comments to female students as they boarded the bus this is a huge safety and harassment issue and needs to be handled immediately,Transport,High,complaint_triage,5,2
the bus schedule on the mobile app is completely different from the one printed at the bus stop which one are we supposed to follow,Transport,Low,complaint_triage,5,1
i had a flat tire on my bike and tried to use the bus but the bike rack was broken and wouldn t lock i had to leave my bike behind and now it s been stolen,Transport,Medium,complaint_triage,5,0
the 8 00 am bus broke down on the main bridge and we were stuck there for 45 minutes i missed my 8 30 am quiz which is 10 of my grade is there any way to get a formal note for my professor,Transport,High,complaint_triage,5,2
the floor of the bus is extremely slippery when it rains i saw several people almost wipe out today maybe some non slip mats could be installed near the doors,Transport,Medium,complaint_triage,5,0
i noticed that the shuttle doesn t run during the spring break some of us stay on campus to work or study and it s very hard to get around without the buses,Transport,Low,complaint_triage,5,1
the bus driver almost hit a cyclist because he didn t check his blind spot before turning into the campus gate he didn t even stop to see if the guy was okay,Transport,High,complaint_triage,5,2
there is a lot of litter on the night buses it would be great if there were small trash cans installed near the exits so people don t just leave their bottles on the floor,Transport,Low,complaint_triage,5,1
the bus driver keeps skipping the stop at the medical center he says no one is ever there but i ve been there twice this week and had to wave him down frantically just to get him to stop,Transport,Medium,complaint_triage,5,0
is there a way to track the shuttle s carbon emissions it would be a cool project for our environmental science class if that data was made public,Transport,Low,complaint_triage,5,1
the emergency exit handle on bus 309 looks like it s been tampered with it s hanging by a thread and might fall off which seems like a major safety violation,Transport,High,complaint_triage,5,2
the shuttle route is very bumpy near the construction site it s hard to write or work on a laptop during the commute could the path be rerouted slightly,Transport,Low,complaint_triage,5,1
i was overcharged for my parking permit this semester i was supposed to get the early bird discount but the system charged me the full price,Transport,Medium,complaint_triage,5,0
the driver was driving with the door open while the bus was moving a student was standing right there and could have easily fallen out this is a total disregard for safety,Transport,High,complaint_triage,5,2
the bus stop at the stadium doesn t have a roof when it s raining we all get soaked while waiting for the shuttle a simple shelter would be amazing,Transport,Low,complaint_triage,5,1
the bus driver told me i couldn t board because the bus was full but i could clearly see several empty seats in the back i think he just wanted to leave early,Transport,Medium,complaint_triage,5,0
someone left a bag of groceries on the bus there are perishables like milk and eggs in there it s been sitting there since the 11 00 am run,Transport,Low,complaint_triage,5,1
i missed my graduation ceremony because the special event shuttle never arrived at the designated parking lot i am beyond devastated and want to know why there was no backup plan,Transport,High,complaint_triage,5,2
the seats on the new buses are very narrow it s quite uncomfortable when the bus is full and you re squeezed in between two other people,Transport,Low,complaint_triage,5,1
my bus pass stopped working after i put it near my phone is there a way to get a replacement without paying the 20 fee since it s just a technical error,Transport,Medium,complaint_triage,5,0
the driver of the afternoon shuttle was yelling at a student for asking a simple question about the route it was very aggressive and uncalled for,Transport,Medium,complaint_triage,5,0
the bus stop at the north end is obscured by overgrown bushes drivers can t see students waiting there and often drive right past,Transport,Low,complaint_triage,5,1
there was a group of people drinking alcohol on the bus last night they were being loud and spilling drinks on the seats the driver didn t seem to care,Transport,High,complaint_triage,5,2
the shuttle frequency during the summer term is way too low waiting 40 minutes for a bus when it s 100 degrees outside is miserable,Transport,Medium,complaint_triage,5,0
i found a set of car keys on the 9 00 am bus they have a toyota keychain i gave them to the driver just letting the office know in case someone calls,Transport,Low,complaint_triage,5,1
the 5 30 pm bus is always late because of the traffic at the main intersection maybe the route could be changed to avoid that light,Transport,Low,complaint_triage,5,1
the driver didn t wait for me to get off the bus and closed the door on my arm i have a huge bruise and it really hurts this is incredibly dangerous,Transport,High,complaint_triage,5,2
i was waiting for the bus for 30 minutes and then two buses arrived at the exact same time this happens almost every day the spacing needs to be better,Transport,Medium,complaint_triage,5,0
the bus stop near the library is always full of trash it would be nice if there was a bigger bin there that got emptied more often,Transport,Low,complaint_triage,5,1
i saw a student s backpack get caught in the bus door as it was pulling away the driver didn t notice until we all started screaming we need better sensors on those doors,Transport,High,complaint_triage,5,2
the shuttle service to the off campus housing is very unreliable sometimes it comes sometimes it doesn t we pay a lot for this and expect better,Transport,Medium,complaint_triage,5,0
can we get some posters on the bus about basic etiquette like letting people off before boarding and not playing music without headphones,Transport,Low,complaint_triage,5,1
the bus driver was speeding in a school zone near the campus daycare there were kids everywhere and he was going at least 40 in a 20 zone,Transport,High,complaint_triage,5,2
the ac in the bus is so cold that i have to bring a jacket even when it s hot outside can the temperature be set to something more reasonable,Transport,Low,complaint_triage,5,1
the bus driver missed my stop even though i pulled the cord well in advance when i told him he just shrugged and told me to get off at the next one,Transport,Medium,complaint_triage,5,0
i left my lab notebook on the bus yesterday it has all my data for my thesis i am desperate to find it please let me know if it s in the lost and found,Transport,High,complaint_triage,5,2
the shuttle stop at the student union is always crowded and there s no clear line it s just a mass of people shoving to get on we need some railings to organize the queue,Transport,Low,complaint_triage,5,1
the 6 00 pm bus is consistently overcrowded people are standing in the stairwells which is a safety risk we need a larger bus for this time slot,Transport,Medium,complaint_triage,5,0
the bus driver was making very sharp turns and several people fell out of their seats he s driving like he s in a race not carrying students,Transport,High,complaint_triage,5,2
is there a way to get a shuttle to the train station on friday afternoons a lot of us go home for the weekend and it would be much easier than taking a taxi,Transport,Low,complaint_triage,5,1
the bus driver refused to lower the bus for an elderly visitor who was struggling to get up the steps it was very heartless and unnecessary,Transport,Medium,complaint_triage,5,0
the 7 00 am bus has a very loud engine noise that sounds like something is rattling around inside it s been like this for a month,Transport,Low,complaint_triage,5,1
i missed my final project submission because the bus driver took a wrong turn and got stuck in a dead end street for 30 minutes my professor won t accept the late work,Transport,High,complaint_triage,5,2
i noticed that the lock on the side door of the humanities building doesn t click shut properly anyone can just walk in without swiping their id card even after hours,Security / Discipline,Medium,complaint_triage,6,0
there is a group of people at the library entrance who are being very loud and making it hard to study they ve been there for two hours and don t seem to be students,Security / Discipline,Low,complaint_triage,6,1
help a fight just broke out in the courtyard between two guys and one of them looks like he s seriously hurt there is blood on the pavement and nobody is stepping in to stop it please send someone right now,Security / Discipline,High,complaint_triage,6,2
i think i left my wallet in the cafeteria around 12 30 pm it s a small black cardholder with my student id and some cash if anyone turned it in please let me know,Security / Discipline,Low,complaint_triage,6,1
someone has been following me from the lab to my dorm for the past three nights they stay about twenty feet back and hide whenever i turn around i m terrified to walk home alone tonight and i m currently hiding in the lobby,Security / Discipline,High,complaint_triage,6,2
my bike was stolen from the racks outside the science block i locked it at 9 00 am and when i came back at 3 00 pm the lock was cut and the bike was gone this is the second time this month i ve seen a cut lock there,Security / Discipline,Medium,complaint_triage,6,0
i d like to suggest putting more mirrors in the corners of the parking garage stairwells it s very hard to see if someone is coming around the bend and it feels a bit sketchy at night,Security / Discipline,Low,complaint_triage,6,1
someone is currently trying to kick down the door of my dorm room i m locked inside and i don t know who it is but they are screaming threats please get here fast i think the wood is starting to splinter,Security / Discipline,High,complaint_triage,6,2
there are students smoking in the non smoking zone near the gymnasium the smoke drifts right into the vents and makes the whole locker room smell it s a violation of the campus health code,Security / Discipline,Low,complaint_triage,6,1
i witnessed a student being harassed and bullied by a group near the fountain they were filming it and laughing while the person was crying it didn t look like a joke at all and felt very malicious,Security / Discipline,High,complaint_triage,6,2
my laptop was taken from my desk in the library when i went to the restroom for five minutes i have my final thesis on there and no backup is there any way to check the camera footage for that floor,Security / Discipline,Medium,complaint_triage,6,0
there is a very suspicious bag left unattended under the bench at the main bus stop it s been there for over an hour and i haven t seen anyone claim it given the current safety protocols i thought i should report it,Security / Discipline,High,complaint_triage,6,2
can we get more regular patrols around the back of the auditorium it s very dark back there and i ve seen people who don t look like students hanging out and drinking late at night,Security / Discipline,Medium,complaint_triage,6,0
i saw some graffiti on the wall of the new arts building it looks like it was done with permanent marker it would be good to get it cleaned off before more people add to it,Security / Discipline,Low,complaint_triage,6,1
i am trapped in the elevator in the engineering block the emergency button isn t working and it s starting to get really hot in here i ve been stuck for 20 minutes and i m starting to panic,Security / Discipline,High,complaint_triage,6,2
someone is selling what looks like exam answer keys in the student lounge they are charging fifty dollars and targeting freshmen this seems like a major breach of academic integrity,Security / Discipline,Medium,complaint_triage,6,0
the streetlights on the path leading to the north dorms are all flickering or completely out it s pitch black at night and i ve seen people tripping on the uneven pavement,Security / Discipline,Medium,complaint_triage,6,0
i found a set of keys near the sports field they have a class of 2024 keychain i ve left them with the front desk but wanted to make sure there s a record in case the owner calls,Security / Discipline,Low,complaint_triage,6,1
i just saw someone climb through a window on the first floor of the girls hostel they were wearing a hoodie and definitely didn t look like they lived there this happened about two minutes ago,Security / Discipline,High,complaint_triage,6,2
my roommate is bringing unauthorized guests into our room every single night and they stay until 4 00 am it s making it impossible for me to sleep or study and it s against our housing contract,Security / Discipline,Medium,complaint_triage,6,0
there s a drone flying very low near the dormitory windows it feels like a huge invasion of privacy as it s clearly recording inside the rooms can we have a policy on drone usage over living areas,Security / Discipline,Low,complaint_triage,6,1
i was just mugged at knifepoint behind the cafeteria the person took my phone and my bag and ran towards the woods i m shaken up but not physically injured please send help,Security / Discipline,High,complaint_triage,6,2
someone has been scratching cars in the faculty parking lot i found a long key mark on my passenger door this afternoon this is the third car i ve seen with similar damage this week,Security / Discipline,Medium,complaint_triage,6,0
i d like to report a broken window in the basement of the old library it looks like someone threw a rock through it it s a safety hazard because of the glass on the floor,Security / Discipline,Low,complaint_triage,6,1
there is a massive party happening in room 402 of block b there are at least 50 people in a room meant for four and they are throwing bottles off the balcony someone is going to get hit,Security / Discipline,High,complaint_triage,6,2
i suspect my lab partner is stealing chemicals from the supply closet i saw them putting glass vials into their backpack when they thought i wasn t looking this is dangerous and illegal,Security / Discipline,Medium,complaint_triage,6,0
the emergency blue light phone near the lake doesn t seem to be working i tried to test it because the light was out and there was no dial tone or response this is a major safety risk if someone is in trouble,Security / Discipline,High,complaint_triage,6,2
could we have a workshop on basic self defense for students with the recent increase in petty thefts around campus i think a lot of people would feel more confident if they knew some basic moves,Security / Discipline,Low,complaint_triage,6,1
someone is using a fake id to get into the campus bar i saw them showing it to the staff and it was clearly not them i don t want the university to get in trouble for underage drinking,Security / Discipline,Low,complaint_triage,6,1
i m being blackmailed by an ex partner who says they will release private photos of me on the university discord server if i don t give them money i don t know who to talk to about this,Security / Discipline,High,complaint_triage,6,2
the fire exit in the basement of the chemistry lab is blocked by a bunch of old crates and equipment if there was a fire we wouldn t be able to get out please clear this immediately,Security / Discipline,High,complaint_triage,6,2
i ve noticed a lot of non students using the campus gym lately they don t have badges and they are taking up all the equipment that we pay for with our tuition can we have stricter entrance checks,Security / Discipline,Low,complaint_triage,6,1
my locker in the gym was broken into today my watch and my wallet are gone i thought those lockers were supposed to be secure but the door was just pried open,Security / Discipline,Medium,complaint_triage,6,0
there is a stray dog on campus that looks very aggressive it s been growling at people walking to the dining hall and i m worried it might bite a student who isn t paying attention,Security / Discipline,Medium,complaint_triage,6,0
i m getting anonymous threatening emails to my student account they contain my home address and details about my daily schedule i feel like i m being stalked and i m scared to leave my room,Security / Discipline,High,complaint_triage,6,2
i d like to report that the vending machine in the student union has been tampered with the coin slot is jammed with something and it looks like someone tried to pry the front panel off,Security / Discipline,Low,complaint_triage,6,1
there s a strong smell of gas in the hallway of the physics building it s getting stronger and making people feel dizzy we need an evacuation and a check of the lines right now,Security / Discipline,High,complaint_triage,6,2
i saw someone trying to pick the lock on a parked scooter near the main gate when they saw me they tucked a tool into their pocket and walked away quickly toward the city side,Security / Discipline,Medium,complaint_triage,6,0
the back gate of the university is often left propped open with a rock so people can get in without their ids this completely defeats the purpose of having a fenced campus,Security / Discipline,Medium,complaint_triage,6,0
i lost my prescription glasses near the track field they are in a red case if they ve been found please let me know as i literally can t see my lectures without them,Security / Discipline,Low,complaint_triage,6,1
there is an intruder in our dorm building a man who doesn t live here is wandering the halls and knocking on doors asking for the girl in the photo he looks very agitated and is shouting,Security / Discipline,High,complaint_triage,6,2
some students are using the roof of the library as a hangout spot i saw them climbing up the fire escape earlier it s a long drop and they are sitting right on the edge,Security / Discipline,Medium,complaint_triage,6,0
i d like to report a case of identity theft someone is using my student credentials to access the lab equipment and i m getting billed for materials i never used i need my account locked,Security / Discipline,Medium,complaint_triage,6,0
i noticed that the cctv camera in the east parking lot has been spray painted over it s been like that for two days which means that whole area is currently unmonitored,Security / Discipline,Medium,complaint_triage,6,0
a student is being held against their will in a car in the south parking lot i saw them struggling and shouting for help as the car drove off the plate started with xyz please help,Security / Discipline,High,complaint_triage,6,2
the authorized personnel only door in the server room was left wide open today there was nobody inside and all the hardware was exposed this seems like a huge security oversight,Security / Discipline,Medium,complaint_triage,6,0
i think it would be a good idea to have more safe walk volunteers available during finals week the library stays open 24 7 but many people are afraid to walk back to their cars at 4 00 am,Security / Discipline,Low,complaint_triage,6,1
i saw a student handing out flyers for an illegal gambling ring happening in the basement of the dorms they are betting large amounts of money and things are getting tense between players,Security / Discipline,Medium,complaint_triage,6,0
there is an active fire in the trash bin behind the cafeteria the flames are reaching the wooden fence nearby we need a fire extinguisher and professional help immediately,Security / Discipline,High,complaint_triage,6,2
i witnessed a hit and run in the student parking lot a silver suv hit a parked motorcycle and just drove off without leaving a note i have a partial license plate number if you need it,Security / Discipline,Medium,complaint_triage,6,0
i lost my student id card somewhere between the gym and the library i ve already deactivated it but if someone finds it i d like to get it back so i don t have to pay for a new one,Security / Discipline,Low,complaint_triage,6,1
someone is throwing water balloons from the 5th floor of the dorms at people walking below it s annoying and someone s laptop almost got ruined can someone go up there and tell them to stop,Security / Discipline,Low,complaint_triage,6,1
my ex boyfriend is standing outside my classroom and won t let me leave he s yelling and making a scene i have a restraining order against him and he s not supposed to be on campus,Security / Discipline,High,complaint_triage,6,2
there s a group of people using the university s high speed internet to host an illegal file sharing server it s slowing down the connection for everyone else in the building,Security / Discipline,Low,complaint_triage,6,1
i saw a man taking photos of students through the windows of the locker rooms he ran away when he realized i saw him he was wearing a grey hoodie and carrying a professional camera,Security / Discipline,High,complaint_triage,6,2
the emergency exit sign in the auditorium is burnt out if there was a power outage it would be impossible to find the way out in the dark,Security / Discipline,Low,complaint_triage,6,1
someone stole the catalytic converter off my car while it was parked in the overnight lot the car is now making a deafening noise and i can t drive it home this is getting out of hand,Security / Discipline,Medium,complaint_triage,6,0
i noticed that the security guard at the front gate is often asleep during the night shift i ve walked past him three times this week and he didn t even notice i was there,Security / Discipline,Medium,complaint_triage,6,0
there is a person on the roof of the 10 story admin building and they are standing very close to the edge they look like they might jump please send a crisis team immediately,Security / Discipline,High,complaint_triage,6,2
a group of students is using the chemistry lab after hours without supervision to make some kind of homemade fireworks i m worried they are going to cause an explosion,Security / Discipline,High,complaint_triage,6,2
i found a suspicious usb drive plugged into one of the public computers in the library i didn t open it because i was afraid of malware but it looked intentionally hidden,Security / Discipline,Low,complaint_triage,6,1
someone is consistently stealing packages from the mailroom area my textbook was delivered yesterday but when i went to pick it up the box was gone many others are complaining too,Security / Discipline,Medium,complaint_triage,6,0
i was just threatened with a weapon in the park area near the campus entrance the guy told me to give him my watch or he d hurt me i managed to run away but he s still there,Security / Discipline,High,complaint_triage,6,2
the gate to the construction site is wide open and there are kids playing on the scaffolding it s really dangerous and someone is going to fall and get killed,Security / Discipline,High,complaint_triage,6,2
i d like to report a student for plagiarism but they are also threatening me if i tell the professor i feel unsafe and don t know how to handle the disciplinary side of this,Security / Discipline,Medium,complaint_triage,6,0
the panic button in my office isn t responding i tried to do a routine check and the light didn t come on can someone from the technical team come and fix it today,Security / Discipline,Medium,complaint_triage,6,0
there is a large group of people protesting outside the main hall and they are blocking the entrance so nobody can get to their exams things are starting to get heated between students and protesters,Security / Discipline,Medium,complaint_triage,6,0
i saw someone breaking the locks on the vending machines in the basement of the dorms they have a bag full of snacks and cash they are still there right now,Security / Discipline,Medium,complaint_triage,6,0
i am being stalked by a student in my major they follow me to every class and wait outside the bathroom for me i ve told them to stop but they won t i m starting to feel very unsafe,Security / Discipline,High,complaint_triage,6,2
someone spilled oil all over the stairs in the science building and didn t clean it up i saw two people slip and fall already it s a major hazard,Security / Discipline,Medium,complaint_triage,6,0
i d like to suggest more frequent bag checks at the entrance of the stadium for tonight s game there are rumors that some people are planning to bring in prohibited items,Security / Discipline,Low,complaint_triage,6,1
a student just collapsed in the hallway and is having a seizure there s no one around who knows first aid we need medical assistance at the west wing immediately,Security / Discipline,High,complaint_triage,6,2
someone is using the university s name and logo to run a scam on social media asking for tuition deposits via venmo several students have already lost money,Security / Discipline,Medium,complaint_triage,6,0
i witnessed a student being physically assaulted by their partner in the parking lot the person was being pushed against a car and looked like they were in a lot of pain,Security / Discipline,High,complaint_triage,6,2
the backup generator for the security lights in the dorms didn t kick in during the brief power flicker today if the power goes out for real we will be in total darkness,Security / Discipline,Medium,complaint_triage,6,0
there is a drone hovering outside my third story window and it s been there for ten minutes this is a massive breach of my privacy and i want it stopped,Security / Discipline,Medium,complaint_triage,6,0
i found a knife hidden in the bushes near the daycare center i haven t touched it it looks like it was ditched there recently,Security / Discipline,High,complaint_triage,6,2
my roommate has a cat in our dorm room which is strictly against the rules because i have a severe allergy i ve asked them to move it but they refuse i can t breathe in my own room,Security / Discipline,Medium,complaint_triage,6,0
i d like to report a faulty lock on the equipment shed near the athletic fields it s very easy to just pull the door open without a key,Security / Discipline,Low,complaint_triage,6,1
someone is trying to break into the pharmacy in the health center i can hear glass breaking and there are shadows moving inside it s 2 00 am and the center is closed,Security / Discipline,High,complaint_triage,6,2
there is a lot of broken glass in the sand at the campus volleyball court it s very dangerous for people playing barefoot can it be cleaned up,Security / Discipline,Low,complaint_triage,6,1
i received a physical letter in my campus mailbox that contains a death threat it s made of cut out magazine letters i m at the security desk now but it s empty,Security / Discipline,High,complaint_triage,6,2
someone is operating an unauthorized food stall in the quad they aren t wearing gloves and the food doesn t look like it s being kept at the right temperature,Security / Discipline,Low,complaint_triage,6,1
i saw a group of people jumping the fence into the campus pool after it was closed they were drinking and pushing each other into the deep end there s no lifeguard on duty,Security / Discipline,Medium,complaint_triage,6,0
i was just involved in a fender bender near the main gate the other driver is being very aggressive and refusing to show me their insurance i feel threatened by their behavior,Security / Discipline,Medium,complaint_triage,6,0
there s a person in the computer lab who is looking at very disturbing and violent imagery it s making everyone around them feel extremely uncomfortable and unsafe,Security / Discipline,Medium,complaint_triage,6,0
i noticed that the fire extinguishers in the old dorm building are all expired the inspection tags say they were last checked three years ago,Security / Discipline,Medium,complaint_triage,6,0
a student is being bullied in the group chat for our course the messages have turned into threats of physical violence i have screenshots if you need to see them,Security / Discipline,Medium,complaint_triage,6,0
i think someone is living in the basement of the library i found a sleeping bag some food wrappers and personal items tucked behind the old archives,Security / Discipline,Low,complaint_triage,6,1
there is an unattended pressure cooker sitting in the middle of the hallway in the physics department it looks very suspicious and nobody knows who it belongs to,Security / Discipline,High,complaint_triage,6,2
i d like to report a student for using a stolen credit card at the campus bookstore i saw the name on the card and it definitely didn t match their id,Security / Discipline,Low,complaint_triage,6,1
someone is shining a high powered laser pointer into the eyes of drivers entering the campus this is incredibly dangerous and could cause a major accident,Security / Discipline,High,complaint_triage,6,2
i found a backpack full of expensive camera gear in the park i ve brought it to the lost and found but i wanted to make sure it was logged,Security / Discipline,Low,complaint_triage,6,1
my dorm room was ransacked while i was at dinner my jewelry and my passport are missing the door was locked so i don t know how they got in,Security / Discipline,High,complaint_triage,6,2
there is a tree branch that has partially fallen and is hanging over the main walking path it looks like it could fall the rest of the way at any moment,Security / Discipline,Medium,complaint_triage,6,0
i saw someone trying to sell drugs behind the basketball courts they were showing a small bag of pills to a group of younger students,Security / Discipline,High,complaint_triage,6,2
the card reader at the entrance of the girls dorm is broken we have to leave the door propped open so people can get in which means anyone can enter the building,Security / Discipline,High,complaint_triage,6,2
i d like to report a case of harassment by a faculty member they have been sending me inappropriate messages and implying that my grade depends on me meeting them outside of school,Security / Discipline,High,complaint_triage,6,2
someone is using the emergency exit as a regular door in the science building and the alarm keeps going off every five minutes it s making it impossible to focus on the lecture,Security / Discipline,Low,complaint_triage,6,1
i witnessed a student being forced into a van near the edge of campus the van was white and had no plates it happened very fast and they were screaming,Security / Discipline,High,complaint_triage,6,2
i ve been trying to pay my semester tuition for three days now but the portal keeps giving me a server error 500 the payment deadline is today at 5 00 pm and if i don t pay i ll lose my enrollment and my scholarship please i need a manual way to pay or an extension immediately,Administration,High,complaint_triage,7,2
my name is spelled incorrectly on the official graduation list it says jonathon instead of jonathan i ve already submitted the correction form twice but it still hasn t been updated on the portal,Administration,Low,complaint_triage,7,1
i urgently need my official transcript for a visa interview that is happening tomorrow morning i requested it two weeks ago and was told it would be ready by today but the office says it s still in process without this document my study abroad plans are ruined,Administration,High,complaint_triage,7,2
i d like to suggest that the administration office stays open until 6 00 pm on wednesdays many of us have labs all day and can never make it before you close at 4 30 pm,Administration,Low,complaint_triage,7,1
my student portal shows that i owe a 500 library fee but i haven t checked out a single book all year i went to the library and they confirmed i owe nothing so this must be an administrative error on my account,Administration,Medium,complaint_triage,7,0
i m trying to register for my final year electives but the system says i haven t completed the prerequisites for advanced ai even though i passed the introductory course last semester with an a the registration window closes in two hours and the class is almost full,Administration,High,complaint_triage,7,2
i submitted my application for the work study program over a month ago and haven t heard anything back most of my friends already have their assignments could someone please check if my application was even received,Administration,Medium,complaint_triage,7,0
the contact us form on the university website is broken every time i hit submit the page just refreshes and clears all my text it s very frustrating when trying to reach out for help,Administration,Low,complaint_triage,7,1
i was told my scholarship would be disbursed by the first week of the month it s now the third week and i don t have enough money to pay my rent or buy groceries i need to know exactly when the funds will be released,Administration,High,complaint_triage,7,2
i ve noticed that the degree audit tool in the portal is very confusing it says i m missing a core credit that doesn t exist in my curriculum handbook a simple guide on how to read the audit would be very helpful,Administration,Low,complaint_triage,7,1
my student id card has been blocked for administrative reasons but nobody can tell me why i can t get into the lab the library or the dining hall i feel like i m being locked out of the university i pay for,Administration,Medium,complaint_triage,7,0
i just received an email saying i ve been withdrawn from the university for non attendance but i have attended every single lecture there must be a massive mistake in the digital roll call system please fix this before my parents see the notification,Administration,High,complaint_triage,7,2
the printer in the self service admin kiosk is out of ink again i m trying to print my enrollment certificate for a bank loan and i can t wait until monday for a refill,Administration,Low,complaint_triage,7,1
i ve been waiting in the queue at the registrar s office for three hours there is only one person working at the desk while five others are visible in the back just chatting this is a total lack of respect for student time,Administration,Medium,complaint_triage,7,0
my transfer credits from my previous university still haven t appeared on my record after four months this is preventing me from enrolling in upper level courses i ve sent the syllabus three times now,Administration,Medium,complaint_triage,7,0
i m an international student and my i 20 form has a mistake in the funding section i have my flight in two days and i cannot clear customs with an incorrect document this is a critical error that needs to be fixed today,Administration,High,complaint_triage,7,2
can we get a digital version of the student handbook the physical copies are heavy and most of us just end up losing them anyway,Administration,Low,complaint_triage,7,1
the refund for my canceled housing contract hasn t been processed yet it s been 60 days and the policy says it should take 30 i really need that money back for my current living expenses,Administration,Medium,complaint_triage,7,0
i witnessed a staff member at the front desk being extremely dismissive and rude to a student who was struggling with a language barrier it was very unprofessional and didn t reflect well on our campus values,Administration,Medium,complaint_triage,7,0
is there a way to update my emergency contact information online currently the portal says i have to come to the office in person which seems a bit outdated for 2026,Administration,Low,complaint_triage,7,1
my minor in psychology is not showing up on my graduation application i have completed all the requirements but the system only lists my major i don t want to graduate with an incomplete degree,Administration,Medium,complaint_triage,7,0
i am receiving a hold on my account for a medical immunization record that i already uploaded three times i can t register for classes until this hold is removed,Administration,Medium,complaint_triage,7,0
i m trying to change my major from biology to chemistry but the advisor says the admin department hasn t processed the paperwork i signed two months ago now the chemistry classes are all full,Administration,Medium,complaint_triage,7,0
i think the deadline for the late drop should be extended with the flu going around many of us missed the original date because we were too sick to even get out of bed,Administration,Low,complaint_triage,7,1
i just found out that my financial aid was reduced by 50 without any prior notice i can t afford the remaining balance and i ll have to drop out this week if this isn t corrected,Administration,High,complaint_triage,7,2
the university calendar says that monday is a holiday but my professor says we have an exam who is right there is zero consistency in the communications we are getting,Administration,Medium,complaint_triage,7,0
i need a letter confirming my student status for my health insurance provider is there an automated way to generate this or do i have to wait for someone to type it up manually,Administration,Low,complaint_triage,7,1
my student email has been deactivated without warning i have all my project files and communication with recruiters in that inbox i need access restored immediately,Administration,High,complaint_triage,7,2
there is a mistake in the grading for my senior project the professor says they submitted a b but the portal shows a d he told me it s an admin entry error and that i need to talk to you,Administration,Medium,complaint_triage,7,0
i d like to request a change of my student advisor my current one never replies to emails and has missed our last three scheduled zoom appointments,Administration,Low,complaint_triage,7,1
i accidentally paid my fees twice because the website froze and i refreshed the page now i have a negative balance of 4 000 i need this money back in my bank account as soon as possible,Administration,High,complaint_triage,7,2
the queue system in the admin building is broken the numbers on the screen don t match the tickets people are holding and everyone is just shouting over each other,Administration,Medium,complaint_triage,7,0
can the university start accepting apple pay for on campus admin fees carrying around exact change for transcript copies is very inconvenient,Administration,Low,complaint_triage,7,1
i was overcharged for my graduation gown rental i returned it on time but the system says i was three days late and charged me a 100 penalty,Administration,Low,complaint_triage,7,1
i need to report a breach of confidentiality my private medical records were accidentally emailed to the entire student body listserv by an admin assistant this is a massive violation of my privacy,Administration,High,complaint_triage,7,2
the online portal for study abroad applications is incredibly slow it takes five minutes to load a single page and then it often times out and loses all my progress,Administration,Low,complaint_triage,7,1
i m trying to apply for a student loan but the bank says the university hasn t verified my enrollment status despite multiple requests from their side the deadline for the loan is tomorrow,Administration,High,complaint_triage,7,2
i ve been waiting for my replacement student id for three weeks i have to get a temporary pass every single morning which is a waste of time for both me and the security guards,Administration,Medium,complaint_triage,7,0
the policy regarding incomplete grades is very vague can someone please clarify if i have one semester or one year to finish the work before it turns into an f,Administration,Low,complaint_triage,7,1
i just found out my name isn t on the list for the upcoming career fair even though i registered and paid the entrance fee i have an interview scheduled there and i need to be let in,Administration,High,complaint_triage,7,2
my parent s access to the gusest portal isn t working they are trying to help me with my financial planning but they can t see the billing statements,Administration,Low,complaint_triage,7,1
i m being charged for a meal plan that i specifically opted out of during registration i have the confirmation email proving i chose the no meal plan option,Administration,Medium,complaint_triage,7,0
the dean s list certificates were mailed to my old address even though i updated my current one on the portal months ago now my documents are lost in the mail,Administration,Low,complaint_triage,7,1
i m an athlete and i need my eligibility certificate by noon today to play in the tournament tonight admin said they would sign it yesterday but it s still sitting on someone s desk,Administration,High,complaint_triage,7,2
there are several typos in the official university commencement program it s very embarrassing to have misspelled names and titles for such a formal event,Administration,Low,complaint_triage,7,1
i received an academic probation warning but my gpa is 3 8 there is clearly a glitch in the data processing for the faculty of engineering this is causing me a lot of unnecessary stress,Administration,High,complaint_triage,7,2
can we get a clearer map of the administrative building finding the student accounts window is like trying to navigate a maze,Administration,Low,complaint_triage,7,1
the wi fi in the admin lobby is non existent since we have to wait there for hours it would be nice to at least be able to do some homework while we sit,Administration,Low,complaint_triage,7,1
i missed the deadline to apply for my teaching assistantship because the portal was down for maintenance the entire final day this wasn t announced beforehand,Administration,Medium,complaint_triage,7,0
my change of address hasn t been processed so my tax forms were sent to a house i moved out of a year ago i am very worried about my social security number being exposed,Administration,High,complaint_triage,7,2
i d like to know if there are any grants available for students who are attending international conferences the website mentions funding but the link is dead,Administration,Low,complaint_triage,7,1
my diploma arrived in the mail today and it is bent and creased because it was shoved into a small envelope i paid 50 for this and expected it to be handled with care,Administration,Medium,complaint_triage,7,0
i am currently in the registrar s office and they are refusing to let me speak to a supervisor even though the clerk has made a major error on my file i m not leaving until this is resolved,Administration,Medium,complaint_triage,7,0
the system won t let me register for my capstone project because it says i m not a senior but i have 95 credits i need someone to manualy override my status so i can graduate on time,Administration,High,complaint_triage,7,2
why is there a fee for transcript verification most other universities provide this for free as part of their student services it feels like we are being nickel and dimed for everything,Administration,Low,complaint_triage,7,1
i was dropped from my nursing clinicals because the admin office lost my cpr certification card i gave them the original and now they say they never saw it i can t finish my degree without those hours,Administration,High,complaint_triage,7,2
i d like to suggest that the university uses a more modern platform for course registration the current 90s style interface is incredibly hard to use on mobile devices,Administration,Low,complaint_triage,7,1
my financial aid counselor has been changed four times this semester every time i get a new one i have to re explain my entire financial situation from scratch it s exhausting,Administration,Medium,complaint_triage,7,0
i accidentally clicked withdraw from university instead of withdraw from course i need this undone immediately before my visa is revoked and i m forced to leave the country,Administration,High,complaint_triage,7,2
the course catalog for next year still isn t available and we are supposed to start picking our classes next week how are we supposed to plan our schedules,Administration,Medium,complaint_triage,7,0
i found a bug in the student portal that allows me to see other people s grades this is a huge security flaw and needs to be fixed before someone with bad intentions finds it,Administration,High,complaint_triage,7,2
i m trying to apply for the hardship fund but the application requires a signature from a person who is currently on sabbatical is there an alternative signer,Administration,Medium,complaint_triage,7,0
i d like to report that the admin office is frequently closing 15 minutes earlier than the posted time i got there at 4 15 yesterday and the doors were already locked,Administration,Low,complaint_triage,7,1
my parking permit was mailed to the wrong dorm someone else now has a permit that i paid 200 for and i m getting tickets for parking without one,Administration,Medium,complaint_triage,7,0
i ve been trying to call the financial aid office for two hours and the line is just busy do you only have one phone line for 20 000 students,Administration,Low,complaint_triage,7,1
i m a veteran and my gi bill benefits haven t been certified by the university yet the va says they are waiting on you if this isn t done by friday i won t get my housing allowance,Administration,High,complaint_triage,7,2
there is a mistake in the room assignment for my mid term exam the portal says room 302 but the professor says room 105 half the class is going to go to the wrong place,Administration,Medium,complaint_triage,7,0
i d like to request a formal letter of recommendation from the dean s office for a prestigious internship what is the standard procedure for this,Administration,Low,complaint_triage,7,1
my statement of account is completely unreadable it s just a list of codes like fee 01 and ad 99 with no explanation of what i m actually paying for,Administration,Low,complaint_triage,7,1
i am trapped in a loop between the department head and the admin office each says the other is responsible for signing my overload request my class starts in an hour and i m not on the list,Administration,High,complaint_triage,7,2
i was charged a late registration fee even though i registered on the very first day the system time stamp is clearly wrong,Administration,Low,complaint_triage,7,1
i need a copy of my 1098 t form for my taxes the portal says it s available but when i click the link nothing happens my tax deadline is this weekend,Administration,Medium,complaint_triage,7,0
i suspect that my scholarship was revoked by mistake i still meet all the gpa and credit requirements but my account shows i m now paying the out of state rate,Administration,High,complaint_triage,7,2
can the university provide a more detailed breakdown of where our general student fee goes it s a lot of money and we don t see much benefit from it,Administration,Low,complaint_triage,7,1
my student email is being flooded with admin notifications for events i never signed up for is there a way to opt out of these mass emails,Administration,Low,complaint_triage,7,1
i was promised a tuition waiver for my research assistant position but i just got a bill for the full amount my supervisor is out of the country and i can t reach them to verify,Administration,High,complaint_triage,7,2
the student success portal is anything but it has crashed three times while i was trying to upload my mandatory advising worksheet,Administration,Low,complaint_triage,7,1
i need to change my legal name in the system following my marriage i have all the court documents ready can i do this via email or do i have to come in,Administration,Low,complaint_triage,7,1
i missed my chance to study abroad in japan because the admin office took six weeks to sign a simple good standing form by the time i got it the program was full i am extremely disappointed,Administration,High,complaint_triage,7,2
my transcript shows an f for a class i dropped during the add drop period i have the confirmation number from the day i dropped it this is going to ruin my grad school applications,Administration,High,complaint_triage,7,2
the forgot password link on the student portal isn t sending any emails i ve checked my spam and my alternate email i m locked out of my homework assignments,Administration,Medium,complaint_triage,7,0
i d like to suggest that the university uses a more eco friendly paper for its mass mailings or better yet stop mailing us physical letters for things that could be an email,Administration,Low,complaint_triage,7,1
i m being blocked from graduation because of a 5 late fee from three years ago that i was never told about this is ridiculous i ve already paid 80 000 in tuition,Administration,Medium,complaint_triage,7,0
my letter of completion has the wrong graduation date on it my employer needs the correct date to start my contract next week please re issue it today,Administration,High,complaint_triage,7,2
the staff at the records office are taking their lunch break all at the same time leaving the desk unattended for an hour there is a huge line forming,Administration,Low,complaint_triage,7,1
i applied for a course waiver based on my professional experience it s been three months and i still don t have an answer i need to know if i have to take this class or not,Administration,Medium,complaint_triage,7,0
my pell grant disappeared from my financial aid package overnight i haven t changed my status or my income i need to know what happened to my funding,Administration,High,complaint_triage,7,2
is there a way to get my student id photo changed the one i have is from four years ago and i don t even look like that person anymore,Administration,Low,complaint_triage,7,1
i received a bill for damaged property in my dorm but i haven t lived in that dorm for two years the admin office has clearly mixed up my student id with someone else s,Administration,Medium,complaint_triage,7,0
i am being charged in state tuition even though i am an international student i don t want to get in trouble later for a mistake the university made so i m reporting it now,Administration,Medium,complaint_triage,7,0
i need an emergency loan to cover my medical bills after a car accident i saw there is an emergency fund on the website who is the specific admin person i need to speak to,Administration,High,complaint_triage,7,2
the class schedule search tool is down and i need to find the room number for my 9 00 am class it s 8 50 am and i m just standing in the quad lost,Administration,Medium,complaint_triage,7,0
my work study paycheck was short by 10 hours this week my supervisor says he approved all my hours so the error must be in the payroll processing,Administration,Medium,complaint_triage,7,0
i was overcharged for my orientation fee i m a transfer student and i was told the fee would be waived but it was still added to my bill,Administration,Low,complaint_triage,7,1
i need a certificate of english proficiency for an internship in the uk does the administration provide this based on our grades or do i have to take an external test,Administration,Low,complaint_triage,7,1
my enrollment verification was sent to the wrong insurance company now my health coverage is being canceled because they think i m no longer a student,Administration,High,complaint_triage,7,2
the graduation fee is 150 can someone explain why it costs so much just to get a piece of paper that we already earned,Administration,Low,complaint_triage,7,1
i m trying to add a second major but the system says i ve exceeded the maximum credit limit i need an administrative override to continue my studies,Administration,Medium,complaint_triage,7,0
i lost my financial aid award letter and i need it for a housing application today can i come by and get a stamped copy immediately,Administration,Medium,complaint_triage,7,0
my degree was mailed to my parents house and the mailman left it in the rain it s completely ruined since this was an admin choice to mail it without protection will i get a free replacement,Administration,Medium,complaint_triage,7,0
lms is not allowing assignment upload,Academics,Medium,query_test,2,0
how to reset my university portal password,Academics,Medium,query_test,2,0
i cannot download my hall ticket for tomorrow s exam,Academics,High,query_test,2,2
fee payment deadline is today but portal is not working,Library,High,query_test,8,2
my admit card has incorrect details,Academics,High,query_test,2,2
please share syllabus for data science course,Academics,Low,query_test,2,1
i want to change my elective subject,Academics,Medium,query_test,2,0
my exam form is not submitted and tomorrow is the last date,Academics,High,query_test,2,2
how to join student clubs,Academics,Low,query_test,2,1
i have not received my scholarship amount,Academics,High,query_test,2,2
request for internship approval letter,Academics,Medium,query_test,2,0
what is the hostel application procedure,Academics,Low,query_test,2,1
i need a bonafide certificate,Academics,Medium,query_test,2,0
what are university working hours,Academics,Low,query_test,2,1
when will the library issue new id cards,Academics,Low,query_test,2,1
modem email signal internet freeze,IT Support,Low,synth_highacc,0,1
keyboard mouse password desktop cache,IT Support,High,synth_highacc,0,2
download laptop stuck connectivity mouse,IT Support,Low,synth_highacc,0,1
laptop connection software update error,IT Support,High,synth_highacc,0,2
cable internet loose bandwidth server,IT Support,High,synth_highacc,0,2
keyboard protocol typing firewall keyboard,IT Support,Low,synth_highacc,0,1
email connectivity sending freeze wifi,IT Support,Low,synth_highacc,0,1
firewall mouse restricting scanner freeze,IT Support,Low,synth_highacc,0,1
router modem scanner desktop laptop,IT Support,Medium,synth_highacc,0,0
login portal projector projector authentication,IT Support,Medium,synth_highacc,0,0
internet reboot firewall network email,IT Support,Medium,synth_highacc,0,0
email bandwidth browser password patch,IT Support,High,synth_highacc,0,2
protocol dns latency server dns,IT Support,Low,synth_highacc,0,1
internet log update network browser,IT Support,Low,synth_highacc,0,1
keyboard mouse desktop router freeze,IT Support,Medium,synth_highacc,0,0
modem cable signal portal cable,IT Support,Medium,synth_highacc,0,0
router modem log freeze protocol,IT Support,High,synth_highacc,0,2
keyboard computer typing authentication patch,IT Support,Low,synth_highacc,0,1
download error stuck portal reboot,IT Support,Medium,synth_highacc,0,0
install configure patch protocol bandwidth,IT Support,Low,synth_highacc,0,1
antivirus upload blocking printer update,IT Support,Low,synth_highacc,0,1
authentication modem freeze computer,IT Support,Low,synth_highacc,0,1
scanner dns detecting upload software,IT Support,High,synth_highacc,0,2
server modem down bug reboot,IT Support,Low,synth_highacc,0,1
reboot shutdown password error bandwidth,IT Support,High,synth_highacc,0,2
reboot shutdown connectivity mouse connectivity,IT Support,Medium,synth_highacc,0,0
protocol dns update password configure,IT Support,Medium,synth_highacc,0,0
email printer email password login,IT Support,High,synth_highacc,0,2
browser cache mouse download authentication,IT Support,Low,synth_highacc,0,1
wifi router authentication dropping reboot,IT Support,High,synth_highacc,0,2
reboot shutdown bandwidth wifi cache,IT Support,High,synth_highacc,0,2
vpn cache firewall server freeze,IT Support,High,synth_highacc,0,2
driver email browser patch mouse,IT Support,Low,synth_highacc,0,1
login wifi failing crash configure,IT Support,Low,synth_highacc,0,1
software desktop crashing patch download,IT Support,High,synth_highacc,0,2
software authentication crashing server login,IT Support,Medium,synth_highacc,0,0
backup portal restore firewall backup,IT Support,Low,synth_highacc,0,1
cable upload loose install internet,IT Support,Low,synth_highacc,0,1
protocol dns download error printer,IT Support,Low,synth_highacc,0,1
scanner laptop detecting laptop install,IT Support,Low,synth_highacc,0,1
backup firewall restore password password,IT Support,High,synth_highacc,0,2
vpn bandwidth disconnecting portal crash,IT Support,High,synth_highacc,0,2
cable mouse loose software firewall,IT Support,High,synth_highacc,0,2
firewall server restricting dns download,IT Support,Medium,synth_highacc,0,0
mouse bug clicking cable antivirus,IT Support,High,synth_highacc,0,2
email email sending error update,IT Support,Low,synth_highacc,0,1
driver internet connectivity patch bandwidth,IT Support,Low,synth_highacc,0,1
projector update blurry wifi computer,IT Support,High,synth_highacc,0,2
modem printer signal update computer,IT Support,Low,synth_highacc,0,1
driver computer configure patch error,IT Support,Medium,synth_highacc,0,0
mouse install clicking software firewall,IT Support,Low,synth_highacc,0,1
connectivity latency unstable latency shutdown,IT Support,Low,synth_highacc,0,1
vpn keyboard disconnecting server desktop,IT Support,Low,synth_highacc,0,1
mouse mouse clicking projector mouse,IT Support,Medium,synth_highacc,0,0
login printer failing cache bug,IT Support,High,synth_highacc,0,2
login portal printer modem scanner,IT Support,Low,synth_highacc,0,1
antivirus server server firewall firewall,IT Support,Medium,synth_highacc,0,0
software mouse vpn update freeze,IT Support,Medium,synth_highacc,0,0
antivirus computer antivirus firewall bandwidth,IT Support,Low,synth_highacc,0,1
printer bug firewall not wifi,IT Support,Low,synth_highacc,0,1
backup error restore portal keyboard,IT Support,Medium,synth_highacc,0,0
vpn software disconnecting modem printer,IT Support,Low,synth_highacc,0,1
wifi wifi router dropping crash,IT Support,Medium,synth_highacc,0,0
backup mouse protocol bandwidth bandwidth,IT Support,High,synth_highacc,0,2
bandwidth install insufficient login server,IT Support,Medium,synth_highacc,0,0
router modem printer connectivity firewall,IT Support,Low,synth_highacc,0,1
authentication upload invalid printer printer,IT Support,High,synth_highacc,0,2
vpn configure disconnecting backup portal,IT Support,Low,synth_highacc,0,1
software laptop crashing vpn computer,IT Support,High,synth_highacc,0,2
computer cache error laptop modem,IT Support,Low,synth_highacc,0,1
scanner error detecting connectivity authentication,IT Support,Low,synth_highacc,0,1
router laptop rebooting keyboard log,IT Support,High,synth_highacc,0,2
scanner backup detecting upload crash,IT Support,Low,synth_highacc,0,1
mouse dns clicking upload error,IT Support,Medium,synth_highacc,0,0
internet password slow log bug,IT Support,Medium,synth_highacc,0,0
login upload failing computer wifi,IT Support,Medium,synth_highacc,0,0
router latency rebooting desktop computer,IT Support,High,synth_highacc,0,2
router modem configure crash password,IT Support,Medium,synth_highacc,0,0
computer error cable laptop browser,IT Support,Low,synth_highacc,0,1
email firewall sending dns download,IT Support,High,synth_highacc,0,2
keyboard backup typing wifi log,IT Support,High,synth_highacc,0,2
latency log desktop connectivity password,IT Support,Medium,synth_highacc,0,0
vpn desktop bandwidth server login,IT Support,Medium,synth_highacc,0,0
backup authentication software bandwidth dns,IT Support,Medium,synth_highacc,0,0
router modem cache patch crash,IT Support,High,synth_highacc,0,2
server crash down printer laptop,IT Support,High,synth_highacc,0,2
laptop freeze screen network wifi,IT Support,Medium,synth_highacc,0,0
configure password setup patch crash,IT Support,Low,synth_highacc,0,1
authentication antivirus invalid bandwidth dns,IT Support,Medium,synth_highacc,0,0
upload wifi speed email computer,IT Support,High,synth_highacc,0,2
error crash firewall network cable,IT Support,High,synth_highacc,0,2
upload login speed mouse password,IT Support,Low,synth_highacc,0,1
latency cable network connectivity projector,IT Support,Low,synth_highacc,0,1
antivirus error blocking log desktop,IT Support,Medium,synth_highacc,0,0
configure bandwidth setup keyboard driver,IT Support,High,synth_highacc,0,2
error crash error portal vpn,IT Support,Medium,synth_highacc,0,0
vpn connection scanner keyboard error,IT Support,High,synth_highacc,0,2
authentication error invalid freeze portal,IT Support,High,synth_highacc,0,2
login portal router network shutdown,IT Support,Low,synth_highacc,0,1
projector reboot projector cable download,IT Support,Low,synth_highacc,0,1
keyboard mouse internet log server,IT Support,Medium,synth_highacc,0,0
driver freeze computer patch freeze,IT Support,Medium,synth_highacc,0,0
keyboard configure typing modem cache,IT Support,High,synth_highacc,0,2
driver internet email patch crash,IT Support,Low,synth_highacc,0,1
projector crash blurry network desktop,IT Support,High,synth_highacc,0,2
laptop projector screen upload mouse,IT Support,High,synth_highacc,0,2
software email crashing router latency,IT Support,Low,synth_highacc,0,1
reboot shutdown network dns mouse,IT Support,Low,synth_highacc,0,1
update firewall failing cache log,IT Support,Low,synth_highacc,0,1
protocol dns mouse computer log,IT Support,Medium,synth_highacc,0,0
router upload rebooting log email,IT Support,High,synth_highacc,0,2
latency configure download connectivity log,IT Support,Medium,synth_highacc,0,0
authentication modem protocol browser,IT Support,High,synth_highacc,0,2
software server keyboard update log,IT Support,Medium,synth_highacc,0,0
antivirus vpn blocking driver latency,IT Support,Medium,synth_highacc,0,0
internet bandwidth slow wifi download,IT Support,Medium,synth_highacc,0,0
router modem mouse connectivity authentication,IT Support,High,synth_highacc,0,2
authentication reboot antivirus antivirus,IT Support,High,synth_highacc,0,2
router modem configure shutdown portal,IT Support,High,synth_highacc,0,2
email browser configure password log,IT Support,High,synth_highacc,0,2
router scanner rebooting laptop error,IT Support,High,synth_highacc,0,2
latency update server connectivity login,IT Support,Low,synth_highacc,0,1
internet error shutdown network driver,IT Support,Low,synth_highacc,0,1
login keyboard failing patch latency,IT Support,Low,synth_highacc,0,1
bandwidth protocol insufficient router install,IT Support,Medium,synth_highacc,0,0
antivirus login bug firewall protocol,IT Support,Low,synth_highacc,0,1
backup desktop restore mouse update,IT Support,Low,synth_highacc,0,1
firewall backup restricting reboot printer,IT Support,High,synth_highacc,0,2
antivirus email reboot firewall password,IT Support,Medium,synth_highacc,0,0
mouse backup clicking bandwidth authentication,IT Support,Medium,synth_highacc,0,0
backup antivirus restore driver configure,IT Support,Medium,synth_highacc,0,0
upload antivirus speed portal shutdown,IT Support,Medium,synth_highacc,0,0
reboot shutdown error patch freeze,IT Support,High,synth_highacc,0,2
server patch down error freeze,IT Support,Medium,synth_highacc,0,0
computer dns browser laptop error,IT Support,Medium,synth_highacc,0,0
driver upload firewall patch laptop,IT Support,Low,synth_highacc,0,1
error crash update router protocol,IT Support,Low,synth_highacc,0,1
bandwidth software insufficient computer keyboard,IT Support,Medium,synth_highacc,0,0
driver firewall reboot patch keyboard,IT Support,Low,synth_highacc,0,1
router modem keyboard router connectivity,IT Support,High,synth_highacc,0,2
latency connection router shutdown error,IT Support,Low,synth_highacc,0,1
bug download router log cache keyboard,IT Support,High,synth_highacc,0,2
authentication firewall invalid authentication update,IT Support,Medium,synth_highacc,0,0
keyboard mouse freeze mouse install,IT Support,Low,synth_highacc,0,1
wifi scanner log dropping cache,IT Support,Medium,synth_highacc,0,0
connectivity portal unstable reboot password,IT Support,High,synth_highacc,0,2
download internet stuck modem connectivity,IT Support,High,synth_highacc,0,2
mouse internet clicking laptop bug,IT Support,Medium,synth_highacc,0,0
software reboot vpn update printer,IT Support,Medium,synth_highacc,0,0
wifi upload software dropping reboot,IT Support,Medium,synth_highacc,0,0
driver router freeze patch keyboard,IT Support,Medium,synth_highacc,0,0
email shutdown internet password firewall,IT Support,Low,synth_highacc,0,1
bug update bug log cache computer,IT Support,High,synth_highacc,0,2
internet internet error network server,IT Support,Low,synth_highacc,0,1
router login rebooting error password,IT Support,Medium,synth_highacc,0,0
mouse email clicking latency software,IT Support,Medium,synth_highacc,0,0
firewall crash restricting cable portal,IT Support,High,synth_highacc,0,2
cable dns loose email portal,IT Support,Medium,synth_highacc,0,0
login portal connectivity internet download,IT Support,High,synth_highacc,0,2
antivirus router blocking modem dns,IT Support,Low,synth_highacc,0,1
computer connectivity protocol laptop patch,IT Support,Low,synth_highacc,0,1
login portal protocol download cache,IT Support,High,synth_highacc,0,2
vpn latency network server projector,IT Support,High,synth_highacc,0,2
laptop log screen cable computer,IT Support,High,synth_highacc,0,2
keyboard scanner typing wifi keyboard,IT Support,Medium,synth_highacc,0,0
login portal mouse cable patch,IT Support,Medium,synth_highacc,0,0
bandwidth login insufficient mouse vpn,IT Support,High,synth_highacc,0,2
update bug failing freeze driver,IT Support,High,synth_highacc,0,2
configure shutdown setup reboot mouse,IT Support,High,synth_highacc,0,2
projector freeze blurry upload error,IT Support,Low,synth_highacc,0,1
install configure antivirus error reboot,IT Support,High,synth_highacc,0,2
router log rebooting router scanner,IT Support,Low,synth_highacc,0,1
server upload down vpn install,IT Support,Low,synth_highacc,0,1
bug crash scanner log cache freeze,IT Support,High,synth_highacc,0,2
firewall freeze restricting bandwidth wifi,IT Support,High,synth_highacc,0,2
projector laptop error cable keyboard,IT Support,Medium,synth_highacc,0,0
upload error speed protocol shutdown,IT Support,High,synth_highacc,0,2
bandwidth install insufficient antivirus internet,IT Support,Low,synth_highacc,0,1
backup update modem bandwidth protocol,IT Support,Low,synth_highacc,0,1
latency log connectivity connectivity cable,IT Support,Medium,synth_highacc,0,0
upload backup speed projector mouse,IT Support,High,synth_highacc,0,2
upload scanner speed projector protocol,IT Support,Medium,synth_highacc,0,0
install configure download crash update,IT Support,Low,synth_highacc,0,1
connectivity server unstable upload email,IT Support,High,synth_highacc,0,2
download protocol stuck vpn server,IT Support,Low,synth_highacc,0,1
authentication shutdown invalid freeze connectivity,IT Support,High,synth_highacc,0,2
cable browser loose desktop server,IT Support,Medium,synth_highacc,0,0
keyboard mouse cable vpn download,IT Support,Low,synth_highacc,0,1
bandwidth firewall insufficient password freeze,IT Support,Low,synth_highacc,0,1
printer bandwidth browser not protocol,IT Support,Low,synth_highacc,0,1
modem install signal desktop wifi,IT Support,High,synth_highacc,0,2
backup shutdown shutdown bandwidth antivirus,IT Support,Medium,synth_highacc,0,0
upload printer crash scanner shutdown,IT Support,Low,synth_highacc,0,1
computer modem install laptop computer,IT Support,High,synth_highacc,0,2
modem cache signal printer login,IT Support,Low,synth_highacc,0,1
scanner download detecting laptop error,IT Support,Low,synth_highacc,0,1
upload keyboard speed authentication authentication,IT Support,High,synth_highacc,0,2
keyboard mouse backup router antivirus,IT Support,Medium,synth_highacc,0,0
latency connectivity mouse connectivity download,IT Support,High,synth_highacc,0,2
router printer rebooting driver desktop,IT Support,Low,synth_highacc,0,1
modem software signal crash log,IT Support,Low,synth_highacc,0,1
browser error vpn download bandwidth,IT Support,Low,synth_highacc,0,1
browser wifi keyboard download antivirus,IT Support,High,synth_highacc,0,2
cable shutdown loose browser network,IT Support,Low,synth_highacc,0,1
backup dns browser bandwidth protocol,IT Support,Medium,synth_highacc,0,0
computer cache update laptop crash,IT Support,High,synth_highacc,0,2
projector log blurry server mouse,IT Support,Low,synth_highacc,0,1
download update stuck bug login,IT Support,Medium,synth_highacc,0,0
error crash computer printer portal,IT Support,Medium,synth_highacc,0,0
cable latency loose browser antivirus,IT Support,Low,synth_highacc,0,1
login protocol failing download protocol,IT Support,Medium,synth_highacc,0,0
install configure configure firewall install,IT Support,Medium,synth_highacc,0,0
email authentication network password mouse,IT Support,High,synth_highacc,0,2
authentication authentication crash internet,IT Support,Low,synth_highacc,0,1
keyboard mouse cache latency connectivity,IT Support,Low,synth_highacc,0,1
backup cache restore freeze latency,IT Support,Low,synth_highacc,0,1
backup vpn restore shutdown backup,IT Support,High,synth_highacc,0,2
email freeze sending vpn connectivity,IT Support,Medium,synth_highacc,0,0
modem install signal laptop shutdown,IT Support,Medium,synth_highacc,0,0
printer scanner jam upload log,IT Support,Low,synth_highacc,0,1
browser scanner keyboard download protocol,IT Support,Medium,synth_highacc,0,0
backup log modem bandwidth bandwidth,IT Support,Low,synth_highacc,0,1
login laptop failing upload crash,IT Support,Medium,synth_highacc,0,0
vpn modem configure server wifi,IT Support,High,synth_highacc,0,2
download reboot stuck keyboard printer,IT Support,Low,synth_highacc,0,1
update cable failing driver install,IT Support,High,synth_highacc,0,2
email printer sending software freeze,IT Support,High,synth_highacc,0,2
software browser antivirus update protocol,IT Support,Medium,synth_highacc,0,0
vpn internet patch server authentication,IT Support,Low,synth_highacc,0,1
bandwidth portal insufficient download bandwidth,IT Support,Low,synth_highacc,0,1
upload keyboard speed laptop update,IT Support,Low,synth_highacc,0,1
login email failing bug login,IT Support,Medium,synth_highacc,0,0
bandwidth browser insufficient configure dns,IT Support,Medium,synth_highacc,0,0
printer shutdown jam shutdown error,IT Support,Medium,synth_highacc,0,0
upload login speed router server,IT Support,High,synth_highacc,0,2
software password crashing computer freeze,IT Support,Medium,synth_highacc,0,0
driver configure freeze patch wifi,IT Support,Medium,synth_highacc,0,0
connectivity download unstable connectivity connectivity,IT Support,High,synth_highacc,0,2
server login down antivirus firewall,IT Support,Medium,synth_highacc,0,0
bug scanner bandwidth log cache firewall,IT Support,Medium,synth_highacc,0,0
login upload failing server protocol,IT Support,Low,synth_highacc,0,1
scanner router detecting update keyboard,IT Support,Low,synth_highacc,0,1
authentication shutdown dns router,IT Support,Medium,synth_highacc,0,0
mouse bug clicking login install,IT Support,Low,synth_highacc,0,1
software configure connectivity update scanner,IT Support,Low,synth_highacc,0,1
email desktop sending backup reboot,IT Support,Low,synth_highacc,0,1
connectivity login unstable keyboard bug,IT Support,Low,synth_highacc,0,1
computer shutdown crash laptop scanner,IT Support,High,synth_highacc,0,2
firewall modem restricting bug laptop,IT Support,Medium,synth_highacc,0,0
antivirus firewall blocking router upload,IT Support,High,synth_highacc,0,2
bandwidth install insufficient firewall network,IT Support,High,synth_highacc,0,2
computer error patch laptop cache,IT Support,Medium,synth_highacc,0,0
keyboard mouse laptop mouse desktop,IT Support,High,synth_highacc,0,2
bandwidth desktop insufficient antivirus portal,IT Support,High,synth_highacc,0,2
latency internet network connectivity upload,IT Support,Low,synth_highacc,0,1
backup projector cable bandwidth mouse,IT Support,Low,synth_highacc,0,1
antivirus backup keyboard firewall latency,IT Support,High,synth_highacc,0,2
upload portal vpn scanner laptop,IT Support,High,synth_highacc,0,2
wifi driver cache dropping error,IT Support,Medium,synth_highacc,0,0
projector login blurry update reboot,IT Support,High,synth_highacc,0,2
reboot shutdown reboot crash log,IT Support,Low,synth_highacc,0,1
login browser failing cache firewall,IT Support,Low,synth_highacc,0,1
computer antivirus projector laptop connectivity,IT Support,Medium,synth_highacc,0,0
modem mouse signal protocol crash,IT Support,Medium,synth_highacc,0,0
latency server router connectivity shutdown,IT Support,Low,synth_highacc,0,1
antivirus router latency firewall projector,IT Support,High,synth_highacc,0,2
backup protocol browser bandwidth internet,IT Support,High,synth_highacc,0,2
internet freeze slow wifi latency,IT Support,High,synth_highacc,0,2
configure printer setup authentication install,IT Support,Medium,synth_highacc,0,0
configure update setup authentication projector,IT Support,Low,synth_highacc,0,1
modem server signal driver crash,IT Support,High,synth_highacc,0,2
backup log restore cache password,IT Support,High,synth_highacc,0,2
login portal patch bug network,IT Support,Medium,synth_highacc,0,0
email network sending connectivity cable,IT Support,High,synth_highacc,0,2
software laptop browser update upload,IT Support,High,synth_highacc,0,2
printer vpn jam server password,IT Support,High,synth_highacc,0,2
protocol dns backup configure freeze,IT Support,Low,synth_highacc,0,1
reboot shutdown shutdown browser scanner,IT Support,Low,synth_highacc,0,1
login computer failing login update,IT Support,High,synth_highacc,0,2
connectivity cache unstable modem bandwidth,IT Support,Medium,synth_highacc,0,0
email modem wifi password crash,IT Support,High,synth_highacc,0,2
vpn reboot cable server cache,IT Support,High,synth_highacc,0,2
antivirus crash blocking connectivity router,IT Support,High,synth_highacc,0,2
protocol dns desktop cache update,IT Support,Medium,synth_highacc,0,0
driver connection bandwidth upload error,IT Support,High,synth_highacc,0,2
keyboard mouse bug computer patch,IT Support,Medium,synth_highacc,0,0
firewall download restricting bug keyboard,IT Support,Low,synth_highacc,0,1
software network network update download,IT Support,Medium,synth_highacc,0,0
vpn desktop error server firewall,IT Support,Low,synth_highacc,0,1
wifi reboot cable dropping log,IT Support,High,synth_highacc,0,2
firewall firewall restricting keyboard connectivity,IT Support,High,synth_highacc,0,2
connectivity login unstable keyboard bug,IT Support,Low,synth_highacc,0,1
server driver down keyboard freeze,IT Support,Low,synth_highacc,0,1
firewall cable restricting software antivirus,IT Support,Medium,synth_highacc,0,0
antivirus cable desktop firewall cache,IT Support,Medium,synth_highacc,0,0
download bug stuck projector printer,IT Support,Medium,synth_highacc,0,0
install configure server email reboot,IT Support,Low,synth_highacc,0,1
mouse software clicking bug patch,IT Support,High,synth_highacc,0,2
printer connection scanner error error,IT Support,Low,synth_highacc,0,1
scanner software detecting computer bandwidth,IT Support,Low,synth_highacc,0,1
projector software blurry update scanner,IT Support,Low,synth_highacc,0,1
cable wifi loose freeze login,IT Support,Low,synth_highacc,0,1
download crash stuck vpn email,IT Support,High,synth_highacc,0,2
password connection wifi projector error,IT Support,Low,synth_highacc,0,1
projector upload blurry internet vpn,IT Support,Medium,synth_highacc,0,0
printer password keyboard not backup,IT Support,Low,synth_highacc,0,1
authentication computer invalid shutdown antivirus,IT Support,Medium,synth_highacc,0,0
software connectivity crashing desktop antivirus,IT Support,High,synth_highacc,0,2
keyboard mouse driver network log,IT Support,High,synth_highacc,0,2
latency reboot bug connectivity internet,IT Support,Low,synth_highacc,0,1
vpn modem disconnecting mouse cache,IT Support,Low,synth_highacc,0,1
server dns down antivirus computer,IT Support,Low,synth_highacc,0,1
authentication authentication login computer,IT Support,Low,synth_highacc,0,1
install configure driver patch connectivity,IT Support,High,synth_highacc,0,2
bandwidth upload insufficient router authentication,IT Support,High,synth_highacc,0,2
backup reboot configure bandwidth authentication,IT Support,Medium,synth_highacc,0,0
login portal protocol email bug,IT Support,High,synth_highacc,0,2
configure bandwidth setup software mouse,IT Support,Medium,synth_highacc,0,0
keyboard mouse keyboard scanner reboot,IT Support,Medium,synth_highacc,0,0
printer desktop jam upload mouse,IT Support,Medium,synth_highacc,0,0
mouse crash clicking cable login,IT Support,High,synth_highacc,0,2
vpn computer disconnecting laptop laptop,IT Support,Low,synth_highacc,0,1
laptop desktop screen cable password,IT Support,High,synth_highacc,0,2
printer connectivity bandwidth not bandwidth,IT Support,Medium,synth_highacc,0,0
mouse email clicking keyboard projector,IT Support,High,synth_highacc,0,2
backup mouse restore printer browser,IT Support,High,synth_highacc,0,2
latency projector desktop connectivity latency,IT Support,High,synth_highacc,0,2
router modem login log shutdown,IT Support,Low,synth_highacc,0,1
login portal projector bandwidth cable,IT Support,Low,synth_highacc,0,1
backup freeze restore latency update,IT Support,Medium,synth_highacc,0,0
upload driver speed driver cache,IT Support,High,synth_highacc,0,2
upload internet speed authentication log,IT Support,High,synth_highacc,0,2
install configure internet vpn freeze,IT Support,High,synth_highacc,0,2
backup download restore scanner projector,IT Support,Low,synth_highacc,0,1
upload login latency scanner log,IT Support,Medium,synth_highacc,0,0
computer login patch laptop internet,IT Support,Low,synth_highacc,0,1
authentication backup invalid software router,IT Support,Medium,synth_highacc,0,0
login scanner failing portal cable,IT Support,Medium,synth_highacc,0,0
connectivity upload unstable latency authentication,IT Support,Low,synth_highacc,0,1
printer login portal not driver,IT Support,Low,synth_highacc,0,1
antivirus laptop blocking freeze antivirus,IT Support,High,synth_highacc,0,2
laptop install screen authentication antivirus,IT Support,Medium,synth_highacc,0,0
install configure software configure email,IT Support,Medium,synth_highacc,0,0
laptop email screen browser cache,IT Support,High,synth_highacc,0,2
projector install blurry backup log,IT Support,Medium,synth_highacc,0,0
internet update modem network authentication,IT Support,Low,synth_highacc,0,1
wifi software download software,IT Support,Low,synth_highacc,0,1
backup crash restore browser upload,IT Support,Low,synth_highacc,0,1
wifi install mouse vpn,IT Support,Low,synth_highacc,0,1
wifi firewall dns dropping update,IT Support,High,synth_highacc,0,2
upload log speed projector computer,IT Support,Medium,synth_highacc,0,0
authentication network invalid mouse internet,IT Support,Medium,synth_highacc,0,0
computer upload latency laptop mouse,IT Support,High,synth_highacc,0,2
internet dns slow patch keyboard,IT Support,Medium,synth_highacc,0,0
vpn modem internet server upload,IT Support,Low,synth_highacc,0,1
router reboot rebooting protocol cable,IT Support,Low,synth_highacc,0,1
laptop desktop screen error mouse,IT Support,High,synth_highacc,0,2
internet backup slow laptop modem,IT Support,Medium,synth_highacc,0,0
authentication scanner invalid update scanner,IT Support,Low,synth_highacc,0,1
computer configure patch laptop email,IT Support,High,synth_highacc,0,2
software server crashing projector projector,IT Support,High,synth_highacc,0,2
keyboard login typing error desktop,IT Support,Low,synth_highacc,0,1
reboot shutdown server vpn authentication,IT Support,Low,synth_highacc,0,1
backup bug restore computer vpn,IT Support,High,synth_highacc,0,2
server reboot down latency connectivity,IT Support,Medium,synth_highacc,0,0
antivirus latency blocking bug patch,IT Support,High,synth_highacc,0,2
authentication patch upload login,IT Support,Medium,synth_highacc,0,0
computer shutdown antivirus laptop patch,IT Support,Medium,synth_highacc,0,0
install configure connectivity printer projector,IT Support,High,synth_highacc,0,2
computer download reboot laptop antivirus,IT Support,Low,synth_highacc,0,1
printer cable browser not computer,IT Support,High,synth_highacc,0,2
email driver authentication password configure,IT Support,Medium,synth_highacc,0,0
login connectivity failing bandwidth network,IT Support,Medium,synth_highacc,0,0
scanner bug detecting server upload,IT Support,High,synth_highacc,0,2
vpn configure disconnecting login printer,IT Support,Medium,synth_highacc,0,0
login portal scanner dns laptop,IT Support,High,synth_highacc,0,2
keyboard vpn typing network error,IT Support,High,synth_highacc,0,2
email antivirus sending backup backup,IT Support,High,synth_highacc,0,2
browser cable cable download browser,IT Support,Medium,synth_highacc,0,0
printer scanner jam cache authentication,IT Support,Low,synth_highacc,0,1
modem bug signal scanner computer,IT Support,Medium,synth_highacc,0,0
login portal bandwidth cache router,IT Support,Medium,synth_highacc,0,0
reboot shutdown log authentication login,IT Support,Medium,synth_highacc,0,0
email connectivity log password login,IT Support,Medium,synth_highacc,0,0
latency bug protocol connectivity log,IT Support,Medium,synth_highacc,0,0
software authentication dns update laptop,IT Support,Medium,synth_highacc,0,0
upload router speed bug scanner,IT Support,Low,synth_highacc,0,1
mouse protocol clicking cache backup,IT Support,Low,synth_highacc,0,1
keyboard log typing mouse configure,IT Support,Medium,synth_highacc,0,0
cable connection download vpn error,IT Support,Low,synth_highacc,0,1
driver install server patch update,IT Support,Low,synth_highacc,0,1
error crash computer browser desktop,IT Support,High,synth_highacc,0,2
configure firewall setup backup network,IT Support,High,synth_highacc,0,2
driver driver password patch authentication,IT Support,Medium,synth_highacc,0,0
error crash portal vpn protocol,IT Support,High,synth_highacc,0,2
browser antivirus network download keyboard,IT Support,Medium,synth_highacc,0,0
antivirus error blocking antivirus driver,IT Support,Medium,synth_highacc,0,0
backup antivirus restore update firewall,IT Support,Low,synth_highacc,0,1
latency shutdown server connectivity cable,IT Support,High,synth_highacc,0,2
scanner antivirus detecting reboot browser,IT Support,Medium,synth_highacc,0,0
software backup crashing keyboard portal,IT Support,Low,synth_highacc,0,1
cable password loose crash printer,IT Support,High,synth_highacc,0,2
vpn cable disconnecting bandwidth desktop,IT Support,High,synth_highacc,0,2
update email failing browser laptop,IT Support,Low,synth_highacc,0,1
install configure antivirus configure login,IT Support,Medium,synth_highacc,0,0
email update antivirus password projector,IT Support,Low,synth_highacc,0,1
printer printer jam modem configure,IT Support,Medium,synth_highacc,0,0
antivirus router laptop firewall cable,IT Support,Low,synth_highacc,0,1
upload connection desktop dns error,IT Support,High,synth_highacc,0,2
warden curtain strict cupboard mess,Hostels,Medium,synth_highacc,1,0
drainage cupboard clogged bucket bathroom,Hostels,High,synth_highacc,1,2
roommate blanket warden sink,Hostels,Low,synth_highacc,1,1
balcony hanger cotton corridor shampoo,Hostels,Medium,synth_highacc,1,0
drainage corridor flush tap staircase,Hostels,Low,synth_highacc,1,1
blanket mattress flush cooler towel,Hostels,Low,synth_highacc,1,1
drainage mug cotton tap detergent,Hostels,Low,synth_highacc,1,1
soap soap missing slipper flush,Hostels,High,synth_highacc,1,2
balcony corridor mosquito corridor roommate,Hostels,High,synth_highacc,1,2
mess flush dirty slipper cooler,Hostels,Low,synth_highacc,1,1
detergent blanket over shampoo hostel,Hostels,Low,synth_highacc,1,1
laundry detergent service soap soap,Hostels,High,synth_highacc,1,2
warden kitchen bucket mess mess,Hostels,High,synth_highacc,1,2
blanket hostel torn sink warden,Hostels,Medium,synth_highacc,1,0
almirah cupboard locker flush mattress,Hostels,High,synth_highacc,1,2
slipper bunk torn cupboard mess,Hostels,Medium,synth_highacc,1,0
locker bunk jammed washroom towel,Hostels,High,synth_highacc,1,2
drainage washroom clogged cupboard pillow,Hostels,High,synth_highacc,1,2
washroom towel stinking mess corridor,Hostels,Low,synth_highacc,1,1
canteen toilet mess pillow laundry,Hostels,Medium,synth_highacc,1,0
sink ro pipe detergent bucket,Hostels,Medium,synth_highacc,1,0
canteen toilet corridor pillow locker,Hostels,Low,synth_highacc,1,1
shampoo bunk finished balcony almirah,Hostels,Medium,synth_highacc,1,0
curtain ro damaged bathroom kitchen,Hostels,Medium,synth_highacc,1,0
bunk locker mug mug hostel,Hostels,High,synth_highacc,1,2
detergent blanket mosquito hanger blanket,Hostels,Medium,synth_highacc,1,0
bathroom washroom dirty detergent corridor,Hostels,Medium,synth_highacc,1,0
washroom toilet blanket laundry corridor,Hostels,Medium,synth_highacc,1,0
geyser cotton leaking mosquito geyser,Hostels,High,synth_highacc,1,2
geyser locker leaking bathroom mess,Hostels,High,synth_highacc,1,2
mess mosquito dirty balcony canteen,Hostels,Low,synth_highacc,1,1
detergent ro over hostel soap,Hostels,High,synth_highacc,1,2
hanger geyser broken warden curtain,Hostels,High,synth_highacc,1,2
hanger bathroom broken mess cupboard,Hostels,Low,synth_highacc,1,1
towel bucket hostel hostel kitchen,Hostels,High,synth_highacc,1,2
canteen cotton curtain pillow bathroom,Hostels,Medium,synth_highacc,1,0
canteen bathroom expensive pillow slipper,Hostels,Low,synth_highacc,1,1
laundry hostel service ro laundry,Hostels,High,synth_highacc,1,2
detergent flush almirah hanger warden,Hostels,High,synth_highacc,1,2
bunk locker mug shampoo kitchen,Hostels,High,synth_highacc,1,2
drainage sink sink tap bathroom,Hostels,Low,synth_highacc,1,1
bucket corridor cracked mug toilet,Hostels,Low,synth_highacc,1,1
flush sink pillow bathroom washroom,Hostels,High,synth_highacc,1,2
geyser blanket leaking laundry locker,Hostels,High,synth_highacc,1,2
almirah cupboard hanger detergent corridor,Hostels,Medium,synth_highacc,1,0
staircase washroom hostel laundry soap,Hostels,Low,synth_highacc,1,1
drainage toilet cupboard tap flush,Hostels,Medium,synth_highacc,1,0
warden hostel hanger mess slipper,Hostels,Medium,synth_highacc,1,0
toilet hanger blocked cupboard blanket,Hostels,Low,synth_highacc,1,1
cotton ro bucket pillow shampoo,Hostels,Medium,synth_highacc,1,0
washroom cooler stinking slipper pillow,Hostels,Low,synth_highacc,1,1
roommate pillow noisy bathroom towel,Hostels,High,synth_highacc,1,2
laundry locker service cupboard hanger,Hostels,High,synth_highacc,1,2
mosquito washroom infestation cupboard mosquito,Hostels,High,synth_highacc,1,2
blanket mattress almirah shampoo curtain,Hostels,Medium,synth_highacc,1,0
staircase geyser laundry laundry tap,Hostels,Medium,synth_highacc,1,0
laundry corridor service blanket sink,Hostels,Low,synth_highacc,1,1
soap hanger missing balcony cupboard,Hostels,High,synth_highacc,1,2
cotton detergent blanket pillow soap,Hostels,High,synth_highacc,1,2
staircase bed bed laundry curtain,Hostels,Low,synth_highacc,1,1
detergent cotton over bunk slipper,Hostels,Low,synth_highacc,1,1
warden blanket mess mess slipper,Hostels,Medium,synth_highacc,1,0
shampoo drainage finished slipper cooler,Hostels,High,synth_highacc,1,2
soap warden missing mug detergent,Hostels,Medium,synth_highacc,1,0
shampoo staircase finished bucket flush,Hostels,High,synth_highacc,1,2
mattress staircase hard towel pillow,Hostels,High,synth_highacc,1,2
blanket mattress geyser bathroom cooler,Hostels,Medium,synth_highacc,1,0
toilet drainage blocked bunk cotton,Hostels,Low,synth_highacc,1,1
roommate laundry noisy locker ro,Hostels,Low,synth_highacc,1,1
drainage hostel overflowing soap hanger,Hostels,Low,synth_highacc,1,1
roommate flush noisy towel almirah,Hostels,Medium,synth_highacc,1,0
geyser flush leaking curtain mattress,Hostels,Low,synth_highacc,1,1
slipper kitchen cooler bed flush,Hostels,Low,synth_highacc,1,1
roommate slipper noisy laundry toilet,Hostels,Low,synth_highacc,1,1
tap soap dripping towel mug,Hostels,Medium,synth_highacc,1,0
tap warden dripping blanket ro,Hostels,High,synth_highacc,1,2
toilet flush blocked drainage bed,Hostels,Medium,synth_highacc,1,0
blanket mattress canteen corridor mug,Hostels,High,synth_highacc,1,2
shampoo bucket finished corridor detergent,Hostels,Low,synth_highacc,1,1
washroom toilet mosquito cupboard sink,Hostels,High,synth_highacc,1,2
canteen ro expensive hostel mess,Hostels,Medium,synth_highacc,1,0
blanket mattress slipper hanger toilet,Hostels,Medium,synth_highacc,1,0
kitchen corridor unclean pillow kitchen,Hostels,High,synth_highacc,1,2
geyser hanger leaking balcony almirah,Hostels,Low,synth_highacc,1,1
washroom toilet ro hostel bunk,Hostels,High,synth_highacc,1,2
canteen curtain expensive toilet cotton,Hostels,High,synth_highacc,1,2
mattress soap hard mess mess,Hostels,Low,synth_highacc,1,1
flush sink bunk bucket shampoo,Hostels,Medium,synth_highacc,1,0
balcony cotton soap corridor cupboard,Hostels,Medium,synth_highacc,1,0
bucket laundry cracked geyser ro,Hostels,High,synth_highacc,1,2
slipper staircase torn bed bunk,Hostels,High,synth_highacc,1,2
sink detergent pipe mug slipper,Hostels,Medium,synth_highacc,1,0
drainage warden clogged hostel bunk,Hostels,High,synth_highacc,1,2
drainage cooler bed tap staircase,Hostels,High,synth_highacc,1,2
bed warden squeaky cotton bucket,Hostels,Medium,synth_highacc,1,0
shampoo bed finished slipper tap,Hostels,High,synth_highacc,1,2
blanket mattress bed bucket geyser,Hostels,High,synth_highacc,1,2
soap kitchen missing curtain flush,Hostels,Low,synth_highacc,1,1
cooler almirah not toilet warden,Hostels,Medium,synth_highacc,1,0
roommate cooler noisy curtain cooler,Hostels,High,synth_highacc,1,2
ro cooler cooler soap bucket,Hostels,High,synth_highacc,1,2
towel canteen rough cupboard shampoo,Hostels,Low,synth_highacc,1,1
kitchen laundry unclean bucket shampoo,Hostels,Medium,synth_highacc,1,0
roommate washroom noisy towel detergent,Hostels,Medium,synth_highacc,1,0
locker locker jammed sink bucket,Hostels,Low,synth_highacc,1,1
towel bucket balcony hanger staircase,Hostels,Low,synth_highacc,1,1
cotton corridor drainage pillow mug,Hostels,Medium,synth_highacc,1,0
drainage locker clogged hanger balcony,Hostels,Medium,synth_highacc,1,0
drainage slipper detergent tap kitchen,Hostels,Medium,synth_highacc,1,0
mess curtain dirty corridor mess,Hostels,Medium,synth_highacc,1,0
pillow blanket flat locker bathroom,Hostels,High,synth_highacc,1,2
mug soap bucket drainage shampoo toilet,Hostels,High,synth_highacc,1,2
detergent hanger balcony hanger cupboard,Hostels,Low,synth_highacc,1,1
bucket bed cracked flush flush,Hostels,Low,synth_highacc,1,1
detergent shampoo over tap tap,Hostels,Low,synth_highacc,1,1
washroom toilet cooler bunk bucket,Hostels,Low,synth_highacc,1,1
hanger cupboard broken roommate hanger,Hostels,Low,synth_highacc,1,1
cupboard bucket broken bucket toilet,Hostels,Medium,synth_highacc,1,0
roommate corridor noisy canteen blanket,Hostels,High,synth_highacc,1,2
cooler tap not detergent mess,Hostels,Low,synth_highacc,1,1
cupboard washroom broken mess ro,Hostels,Medium,synth_highacc,1,0
bunk locker corridor mess roommate,Hostels,Medium,synth_highacc,1,0
cooler cotton not mattress bunk,Hostels,Medium,synth_highacc,1,0
toilet detergent blocked shampoo mug,Hostels,Low,synth_highacc,1,1
sink towel pipe balcony toilet,Hostels,Low,synth_highacc,1,1
warden geyser strict towel sink,Hostels,High,synth_highacc,1,2
bunk locker roommate bunk corridor,Hostels,High,synth_highacc,1,2
hanger toilet broken washroom ro,Hostels,Medium,synth_highacc,1,0
sink laundry pipe blanket ro,Hostels,High,synth_highacc,1,2
washroom toilet washroom cupboard bucket,Hostels,Medium,synth_highacc,1,0
towel bucket roommate sink kitchen,Hostels,Low,synth_highacc,1,1
geyser balcony leaking bunk staircase,Hostels,High,synth_highacc,1,2
towel slipper rough roommate sink,Hostels,High,synth_highacc,1,2
canteen flush expensive canteen almirah,Hostels,Medium,synth_highacc,1,0
cotton geyser ro pillow soap,Hostels,High,synth_highacc,1,2
washroom staircase stinking almirah corridor,Hostels,Medium,synth_highacc,1,0
bucket tap cracked tap cupboard,Hostels,Medium,synth_highacc,1,0
balcony towel cotton corridor hostel,Hostels,Medium,synth_highacc,1,0
bed hanger squeaky bucket detergent,Hostels,High,synth_highacc,1,2
ro cooler flush cotton blanket,Hostels,High,synth_highacc,1,2
geyser shampoo leaking hostel pillow,Hostels,High,synth_highacc,1,2
drainage canteen hanger tap soap,Hostels,Low,synth_highacc,1,1
cooler detergent not curtain geyser,Hostels,Medium,synth_highacc,1,0
laundry bathroom service almirah drainage,Hostels,High,synth_highacc,1,2
mosquito mug infestation blanket soap,Hostels,Medium,synth_highacc,1,0
blanket mattress towel cupboard soap,Hostels,Medium,synth_highacc,1,0
toilet slipper blocked canteen hanger,Hostels,Medium,synth_highacc,1,0
hanger staircase broken warden ro,Hostels,Medium,synth_highacc,1,0
roommate drainage bed pillow,Hostels,Low,synth_highacc,1,1
curtain locker damaged pillow detergent,Hostels,Low,synth_highacc,1,1
almirah cupboard bucket mess corridor,Hostels,Medium,synth_highacc,1,0
bunk locker cupboard cooler hostel,Hostels,Medium,synth_highacc,1,0
geyser kitchen leaking kitchen blanket,Hostels,High,synth_highacc,1,2
detergent detergent over cupboard locker,Hostels,Low,synth_highacc,1,1
bunk locker detergent ro shampoo,Hostels,Low,synth_highacc,1,1
towel tap rough roommate warden,Hostels,Medium,synth_highacc,1,0
toilet detergent blocked mosquito detergent,Hostels,Medium,synth_highacc,1,0
mosquito flush towel bathroom locker,Hostels,Low,synth_highacc,1,1
detergent toilet almirah hanger mess,Hostels,High,synth_highacc,1,2
cupboard warden broken flush drainage,Hostels,Low,synth_highacc,1,1
washroom toilet cotton mess bathroom,Hostels,High,synth_highacc,1,2
hanger canteen broken flush mess,Hostels,Medium,synth_highacc,1,0
geyser tap leaking detergent drainage,Hostels,Low,synth_highacc,1,1
flush sink soap corridor tap,Hostels,High,synth_highacc,1,2
cooler laundry not slipper cotton,Hostels,High,synth_highacc,1,2
roommate flush noisy staircase curtain,Hostels,High,synth_highacc,1,2
laundry tap service cooler staircase,Hostels,Medium,synth_highacc,1,0
blanket mattress hanger bed washroom,Hostels,High,synth_highacc,1,2
hanger mosquito broken hanger mug,Hostels,Low,synth_highacc,1,1
mess kitchen dirty shampoo laundry,Hostels,High,synth_highacc,1,2
cupboard cooler broken curtain staircase,Hostels,Medium,synth_highacc,1,0
bunk locker detergent bucket flush,Hostels,Low,synth_highacc,1,1
cotton curtain towel pillow canteen,Hostels,High,synth_highacc,1,2
cupboard cooler broken hanger shampoo,Hostels,Low,synth_highacc,1,1
blanket flush torn sink drainage,Hostels,Medium,synth_highacc,1,0
shampoo blanket finished bathroom hostel,Hostels,Low,synth_highacc,1,1
locker toilet jammed canteen balcony,Hostels,Medium,synth_highacc,1,0
hanger cotton broken cotton mess,Hostels,Low,synth_highacc,1,1
hostel kitchen bed hanger drainage,Hostels,Medium,synth_highacc,1,0
ro cooler bunk staircase roommate,Hostels,Low,synth_highacc,1,1
hostel kitchen almirah bucket flush,Hostels,High,synth_highacc,1,2
bathroom drainage dirty ro flush,Hostels,High,synth_highacc,1,2
roommate corridor noisy kitchen towel,Hostels,High,synth_highacc,1,2
shampoo locker finished staircase sink,Hostels,Medium,synth_highacc,1,0
sink mug pipe towel mattress,Hostels,High,synth_highacc,1,2
drainage laundry clogged drainage hostel,Hostels,Medium,synth_highacc,1,0
cupboard mess broken slipper tap,Hostels,High,synth_highacc,1,2
balcony warden sink corridor hanger,Hostels,High,synth_highacc,1,2
mosquito cooler infestation corridor curtain,Hostels,Low,synth_highacc,1,1
warden tap strict kitchen slipper,Hostels,Low,synth_highacc,1,1
tap hanger dripping bunk sink,Hostels,Medium,synth_highacc,1,0
towel mug rough towel geyser,Hostels,High,synth_highacc,1,2
mess geyser dirty cupboard detergent,Hostels,Medium,synth_highacc,1,0
bunk locker detergent canteen shampoo,Hostels,Low,synth_highacc,1,1
almirah cupboard canteen roommate cooler,Hostels,Low,synth_highacc,1,1
soap tap missing pillow curtain,Hostels,Low,synth_highacc,1,1
ro cooler soap towel hostel,Hostels,Low,synth_highacc,1,1
bucket bucket cracked mug warden,Hostels,Low,synth_highacc,1,1
locker hanger jammed cooler roommate,Hostels,Low,synth_highacc,1,1
laundry balcony service detergent corridor,Hostels,Low,synth_highacc,1,1
sink mosquito pipe washroom mattress,Hostels,Low,synth_highacc,1,1
laundry curtain service flush toilet,Hostels,High,synth_highacc,1,2
laundry sink service locker balcony,Hostels,Medium,synth_highacc,1,0
curtain hostel ro geyser towel,Hostels,High,synth_highacc,1,2
towel bucket tap staircase blanket,Hostels,High,synth_highacc,1,2
shampoo mess finished blanket ro,Hostels,Medium,synth_highacc,1,0
blanket hanger torn bucket canteen,Hostels,High,synth_highacc,1,2
roommate geyser blanket mug,Hostels,Medium,synth_highacc,1,0
shampoo bunk finished slipper mattress,Hostels,High,synth_highacc,1,2
canteen tap drainage pillow slipper,Hostels,Medium,synth_highacc,1,0
detergent mess pillow hanger balcony,Hostels,High,synth_highacc,1,2
cooler mess not washroom laundry,Hostels,Low,synth_highacc,1,1
ro cooler bed curtain ro,Hostels,Low,synth_highacc,1,1
cotton geyser slipper pillow flush,Hostels,High,synth_highacc,1,2
blanket detergent torn bunk kitchen,Hostels,High,synth_highacc,1,2
flush sink blanket soap locker,Hostels,Low,synth_highacc,1,1
washroom toilet mosquito tap pillow,Hostels,Medium,synth_highacc,1,0
bathroom cotton dirty ro laundry,Hostels,Low,synth_highacc,1,1
soap balcony missing bathroom mug,Hostels,Low,synth_highacc,1,1
mess hanger dirty kitchen mosquito,Hostels,Low,synth_highacc,1,1
hanger bed broken kitchen blanket,Hostels,High,synth_highacc,1,2
slipper flush pillow bed blanket,Hostels,Medium,synth_highacc,1,0
balcony kitchen curtain corridor kitchen,Hostels,Medium,synth_highacc,1,0
canteen mattress expensive blanket roommate,Hostels,Medium,synth_highacc,1,0
geyser hostel leaking balcony mattress,Hostels,Low,synth_highacc,1,1
curtain washroom mosquito geyser bathroom,Hostels,High,synth_highacc,1,2
kitchen soap unclean cooler mattress,Hostels,Low,synth_highacc,1,1
curtain locker hanger geyser blanket,Hostels,High,synth_highacc,1,2
bathroom laundry dirty kitchen roommate,Hostels,Medium,synth_highacc,1,0
cupboard kitchen broken blanket hanger,Hostels,Low,synth_highacc,1,1
cooler shampoo not geyser kitchen,Hostels,Low,synth_highacc,1,1
flush sink balcony staircase balcony,Hostels,Medium,synth_highacc,1,0
balcony pillow geyser corridor mosquito,Hostels,Medium,synth_highacc,1,0
cupboard staircase broken bucket pillow,Hostels,Medium,synth_highacc,1,0
mug soap flush mug shampoo cotton,Hostels,High,synth_highacc,1,2
hostel kitchen towel mattress cupboard,Hostels,Medium,synth_highacc,1,0
roommate ro bunk kitchen,Hostels,Medium,synth_highacc,1,0
geyser bunk leaking mosquito cotton,Hostels,Low,synth_highacc,1,1
cotton laundry cotton pillow toilet,Hostels,Medium,synth_highacc,1,0
roommate washroom noisy ro laundry,Hostels,Medium,synth_highacc,1,0
slipper mug torn slipper flush,Hostels,Medium,synth_highacc,1,0
blanket balcony torn ro hostel,Hostels,Low,synth_highacc,1,1
cooler toilet not bed detergent,Hostels,Low,synth_highacc,1,1
hanger hanger broken warden towel,Hostels,High,synth_highacc,1,2
ro cooler bathroom corridor pillow,Hostels,Medium,synth_highacc,1,0
hanger mug broken cupboard staircase,Hostels,Low,synth_highacc,1,1
mug soap curtain mosquito shampoo kitchen,Hostels,Low,synth_highacc,1,1
geyser cotton leaking bucket bed,Hostels,Medium,synth_highacc,1,0
locker soap jammed cooler detergent,Hostels,Low,synth_highacc,1,1
canteen detergent expensive cotton blanket,Hostels,Low,synth_highacc,1,1
washroom flush stinking locker geyser,Hostels,High,synth_highacc,1,2
bucket mess cracked slipper ro,Hostels,Medium,synth_highacc,1,0
curtain mattress damaged roommate mattress,Hostels,Medium,synth_highacc,1,0
mosquito soap shampoo bathroom hanger,Hostels,High,synth_highacc,1,2
bed slipper squeaky tap bathroom,Hostels,Medium,synth_highacc,1,0
mattress towel hard bed soap,Hostels,Low,synth_highacc,1,1
mess warden dirty bucket mattress,Hostels,Medium,synth_highacc,1,0
cupboard blanket broken almirah curtain,Hostels,Medium,synth_highacc,1,0
cotton bunk towel pillow drainage,Hostels,High,synth_highacc,1,2
drainage locker clogged bucket mattress,Hostels,Medium,synth_highacc,1,0
towel bathroom rough laundry pillow,Hostels,Medium,synth_highacc,1,0
canteen almirah warden pillow bunk,Hostels,High,synth_highacc,1,2
washroom toilet geyser flush shampoo,Hostels,Low,synth_highacc,1,1
kitchen geyser unclean bunk hanger,Hostels,Medium,synth_highacc,1,0
toilet tap blocked ro washroom,Hostels,Low,synth_highacc,1,1
soap mosquito missing ro warden,Hostels,High,synth_highacc,1,2
bucket toilet cracked bathroom bed,Hostels,Medium,synth_highacc,1,0
blanket roommate torn drainage drainage,Hostels,Medium,synth_highacc,1,0
drainage pillow overflowing slipper mattress,Hostels,High,synth_highacc,1,2
bunk locker hostel laundry toilet,Hostels,Medium,synth_highacc,1,0
drainage sink mug tap shampoo,Hostels,High,synth_highacc,1,2
roommate cotton noisy kitchen ro,Hostels,High,synth_highacc,1,2
drainage locker locker tap towel,Hostels,High,synth_highacc,1,2
bunk locker staircase bed blanket,Hostels,High,synth_highacc,1,2
flush sink laundry almirah flush,Hostels,Medium,synth_highacc,1,0
drainage washroom hostel tap curtain,Hostels,High,synth_highacc,1,2
blanket cooler torn cotton cupboard,Hostels,High,synth_highacc,1,2
blanket mosquito torn washroom mug,Hostels,High,synth_highacc,1,2
locker washroom jammed hanger geyser,Hostels,Medium,synth_highacc,1,0
slipper cupboard washroom bed laundry,Hostels,Medium,synth_highacc,1,0
bucket canteen cracked locker roommate,Hostels,Medium,synth_highacc,1,0
flush sink toilet kitchen hanger,Hostels,High,synth_highacc,1,2
shampoo mug finished cooler mug,Hostels,Medium,synth_highacc,1,0
pillow bathroom flat mug geyser,Hostels,Low,synth_highacc,1,1
cooler warden not tap corridor,Hostels,Low,synth_highacc,1,1
detergent tap detergent hanger corridor,Hostels,Low,synth_highacc,1,1
washroom towel stinking slipper mug,Hostels,High,synth_highacc,1,2
sink almirah pipe slipper almirah,Hostels,Medium,synth_highacc,1,0
washroom detergent stinking hostel detergent,Hostels,Low,synth_highacc,1,1
drainage bathroom overflowing detergent drainage,Hostels,Medium,synth_highacc,1,0
washroom toilet flush staircase mess,Hostels,Medium,synth_highacc,1,0
mug soap locker blanket shampoo bathroom,Hostels,Low,synth_highacc,1,1
washroom flush stinking drainage bed,Hostels,High,synth_highacc,1,2
mess mosquito dirty geyser cupboard,Hostels,Low,synth_highacc,1,1
ro cooler canteen slipper locker,Hostels,High,synth_highacc,1,2
detergent cotton detergent hanger geyser,Hostels,Medium,synth_highacc,1,0
pillow corridor flat corridor slipper,Hostels,Medium,synth_highacc,1,0
sink mattress pipe cupboard cooler,Hostels,Low,synth_highacc,1,1
detergent cupboard cupboard hanger flush,Hostels,Low,synth_highacc,1,1
pillow laundry flat flush ro,Hostels,Medium,synth_highacc,1,0
balcony slipper balcony corridor cooler,Hostels,Medium,synth_highacc,1,0
geyser pillow leaking blanket ro,Hostels,High,synth_highacc,1,2
slipper balcony torn hostel towel,Hostels,Medium,synth_highacc,1,0
roommate bed noisy roommate blanket,Hostels,High,synth_highacc,1,2
toilet locker blocked pillow detergent,Hostels,Medium,synth_highacc,1,0
ro cooler mosquito drainage mug,Hostels,Medium,synth_highacc,1,0
roommate corridor noisy bunk hanger,Hostels,High,synth_highacc,1,2
flush sink slipper mug bunk,Hostels,High,synth_highacc,1,2
drainage canteen overflowing mess mattress,Hostels,High,synth_highacc,1,2
toilet warden blocked almirah geyser,Hostels,Medium,synth_highacc,1,0
toilet roommate blocked mosquito toilet,Hostels,High,synth_highacc,1,2
flush sink staircase geyser balcony,Hostels,Low,synth_highacc,1,1
shampoo hostel finished sink blanket,Hostels,Medium,synth_highacc,1,0
detergent geyser over canteen ro,Hostels,High,synth_highacc,1,2
cotton tap mosquito pillow blanket,Hostels,High,synth_highacc,1,2
washroom toilet roommate drainage bucket,Hostels,Low,synth_highacc,1,1
flush sink bed tap shampoo,Hostels,High,synth_highacc,1,2
geyser roommate leaking roommate bunk,Hostels,Low,synth_highacc,1,1
curtain cupboard damaged bucket pillow,Hostels,Low,synth_highacc,1,1
blanket blanket torn mattress mattress,Hostels,Medium,synth_highacc,1,0
canteen staircase expensive cupboard kitchen,Hostels,Low,synth_highacc,1,1
shampoo curtain finished pillow shampoo,Hostels,High,synth_highacc,1,2
roommate geyser bathroom locker,Hostels,High,synth_highacc,1,2
ro cooler curtain cooler bathroom,Hostels,Low,synth_highacc,1,1
curtain mattress cupboard geyser almirah,Hostels,High,synth_highacc,1,2
towel kitchen rough locker mosquito,Hostels,Medium,synth_highacc,1,0
flush sink flush balcony blanket,Hostels,Low,synth_highacc,1,1
kitchen cotton unclean cotton cotton,Hostels,Medium,synth_highacc,1,0
washroom warden stinking staircase drainage,Hostels,High,synth_highacc,1,2
bathroom soap dirty toilet ro,Hostels,Medium,synth_highacc,1,0
shampoo canteen finished flush mug,Hostels,Medium,synth_highacc,1,0
drainage flush mug tap cotton,Hostels,Low,synth_highacc,1,1
laundry roommate service hostel laundry,Hostels,Low,synth_highacc,1,1
blanket slipper torn cooler hostel,Hostels,High,synth_highacc,1,2
hanger washroom broken bucket pillow,Hostels,Low,synth_highacc,1,1
mosquito pillow infestation roommate sink,Hostels,Low,synth_highacc,1,1
canteen canteen ro pillow soap,Hostels,Medium,synth_highacc,1,0
soap soap missing cooler mosquito,Hostels,High,synth_highacc,1,2
mattress blanket hard detergent detergent,Hostels,High,synth_highacc,1,2
balcony balcony blanket corridor staircase,Hostels,Low,synth_highacc,1,1
sink drainage pipe curtain detergent,Hostels,Medium,synth_highacc,1,0
mattress bed hard pillow staircase,Hostels,High,synth_highacc,1,2
curtain flush damaged canteen flush,Hostels,Low,synth_highacc,1,1
curtain almirah damaged towel cotton,Hostels,Low,synth_highacc,1,1
cotton washroom almirah pillow roommate,Hostels,High,synth_highacc,1,2
flush sink roommate geyser mug,Hostels,Medium,synth_highacc,1,0
laundry shampoo service sink geyser,Hostels,Medium,synth_highacc,1,0
flush sink balcony almirah warden,Hostels,Medium,synth_highacc,1,0
curtain balcony damaged shampoo pillow,Hostels,Medium,synth_highacc,1,0
pillow slipper flat pillow mug,Hostels,Medium,synth_highacc,1,0
sink hostel pipe canteen mug,Hostels,High,synth_highacc,1,2
staircase hostel geyser laundry sink,Hostels,Low,synth_highacc,1,1
cooler almirah not tap soap,Hostels,Low,synth_highacc,1,1
canteen roommate flush pillow mess,Hostels,Medium,synth_highacc,1,0
canteen kitchen expensive curtain washroom,Hostels,Low,synth_highacc,1,1
kitchen cooler unclean tap laundry,Hostels,Low,synth_highacc,1,1
cupboard laundry broken balcony pillow,Hostels,High,synth_highacc,1,2
canteen almirah expensive soap canteen,Hostels,Low,synth_highacc,1,1
mosquito shampoo mess bathroom ro,Hostels,Low,synth_highacc,1,1
toilet corridor blocked staircase laundry,Hostels,Low,synth_highacc,1,1
kitchen towel unclean roommate hostel,Hostels,Low,synth_highacc,1,1
slipper slipper staircase bed flush,Hostels,Medium,synth_highacc,1,0
canteen bed expensive mug toilet,Hostels,High,synth_highacc,1,2
locker flush jammed curtain roommate,Hostels,Medium,synth_highacc,1,0
warden tap detergent mess locker,Hostels,High,synth_highacc,1,2
bed roommate squeaky bunk roommate,Hostels,High,synth_highacc,1,2
blanket staircase torn mattress drainage,Hostels,High,synth_highacc,1,2
towel bucket cooler mug canteen,Hostels,Low,synth_highacc,1,1
pillow balcony flat blanket mess,Hostels,Low,synth_highacc,1,1
laundry cooler service hostel towel,Hostels,High,synth_highacc,1,2
curtain bed mattress geyser soap,Hostels,Low,synth_highacc,1,1
soap ro missing pillow bed,Hostels,High,synth_highacc,1,2
blanket mattress mosquito cupboard flush,Hostels,Medium,synth_highacc,1,0
mug soap laundry ro shampoo laundry,Hostels,Medium,synth_highacc,1,0
geyser balcony leaking tap pillow,Hostels,Low,synth_highacc,1,1
flush sink bed mattress curtain,Hostels,Low,synth_highacc,1,1
staircase bathroom towel laundry laundry,Hostels,Medium,synth_highacc,1,0
drainage detergent locker tap drainage,Hostels,Medium,synth_highacc,1,0
cotton towel sink pillow almirah,Hostels,Low,synth_highacc,1,1
staircase staircase cotton laundry mess,Hostels,Low,synth_highacc,1,1
roommate curtain noisy blanket flush,Hostels,Medium,synth_highacc,1,0
mattress soap hard canteen staircase,Hostels,Medium,synth_highacc,1,0
bunk locker warden ro bathroom,Hostels,High,synth_highacc,1,2
slipper hanger torn flush mattress,Hostels,Medium,synth_highacc,1,0
washroom toilet cupboard almirah roommate,Hostels,Low,synth_highacc,1,1
washroom tap stinking cupboard toilet,Hostels,Medium,synth_highacc,1,0
canteen blanket expensive bed bed,Hostels,Medium,synth_highacc,1,0
almirah cupboard warden pillow toilet,Hostels,High,synth_highacc,1,2
geyser cupboard leaking blanket bunk,Hostels,Low,synth_highacc,1,1
canteen towel canteen pillow geyser,Hostels,High,synth_highacc,1,2
curtain ro damaged mug warden,Hostels,Medium,synth_highacc,1,0
hanger mosquito broken washroom locker,Hostels,Low,synth_highacc,1,1
bunk locker balcony balcony bathroom,Hostels,Low,synth_highacc,1,1
canteen flush corridor pillow mug,Hostels,Medium,synth_highacc,1,0
kitchen bucket unclean canteen blanket,Hostels,Medium,synth_highacc,1,0
blanket cupboard torn cooler toilet,Hostels,High,synth_highacc,1,2
laundry flush service detergent warden,Hostels,Medium,synth_highacc,1,0
pillow locker flat bucket detergent,Hostels,Medium,synth_highacc,1,0
mess slipper dirty soap laundry,Hostels,Medium,synth_highacc,1,0
detergent washroom warden hanger laundry,Hostels,High,synth_highacc,1,2
mosquito warden balcony bathroom canteen,Hostels,Medium,synth_highacc,1,0
laundry locker service bed tap,Hostels,Low,synth_highacc,1,1
washroom toilet flush flush balcony,Hostels,High,synth_highacc,1,2
slipper canteen torn tap slipper,Hostels,Medium,synth_highacc,1,0
mess washroom dirty washroom flush,Hostels,High,synth_highacc,1,2
roommate locker noisy bed warden,Hostels,High,synth_highacc,1,2
bed locker squeaky slipper slipper,Hostels,Low,synth_highacc,1,1
cooler toilet not mug detergent,Hostels,Medium,synth_highacc,1,0
bunk locker mug mess blanket,Hostels,Low,synth_highacc,1,1
practical marks professor viva presentation,Academics,Low,synth_highacc,2,1
project workshop submission homework curriculum,Academics,High,synth_highacc,2,2
degree notebook faculty diploma professor,Academics,Low,synth_highacc,2,1
group project project assignment diploma,Academics,Low,synth_highacc,2,1
seminar topic postponed quiz curriculum,Academics,Medium,synth_highacc,2,0
assignment homework deadline thesis final,Academics,High,synth_highacc,2,2
subject notebook registration seminar degree,Academics,Low,synth_highacc,2,1
lecture seminar cancelled subject textbook,Academics,High,synth_highacc,2,2
tutorial chapter assignment homework seminar,Academics,High,synth_highacc,2,2
teacher topic lecturer seminar,Academics,High,synth_highacc,2,2
assignment marks deadline quiz group,Academics,Low,synth_highacc,2,1
project lecture submission grade degree,Academics,Medium,synth_highacc,2,0
notebook exam curriculum curriculum practical,Academics,Low,synth_highacc,2,1
report tutorial grade lecture lecture,Academics,Medium,synth_highacc,2,0
report quiz teacher lecture faculty,Academics,Medium,synth_highacc,2,0
curriculum midterm outdated thesis midterm,Academics,Medium,synth_highacc,2,0
tutorial degree cancelled subject quiz,Academics,Medium,synth_highacc,2,0
presentation marks evaluated thesis practical,Academics,Low,synth_highacc,2,1
faculty chapter professor exam notebook,Academics,Medium,synth_highacc,2,0
workshop lecture curriculum tutorial thesis,Academics,Medium,synth_highacc,2,0
notebook lecture exam curriculum curriculum,Academics,High,synth_highacc,2,2
exam presentation timetable professor final,Academics,High,synth_highacc,2,2
notebook final thesis curriculum faculty,Academics,Low,synth_highacc,2,1
project tutorial submission workshop midterm,Academics,High,synth_highacc,2,2
viva syllabus conducted chapter textbook,Academics,Low,synth_highacc,2,1
workshop faculty topic tutorial group,Academics,Low,synth_highacc,2,1
quiz diploma teacher assignment final,Academics,Low,synth_highacc,2,1
marks presentation incorrect workshop quiz,Academics,Low,synth_highacc,2,1
midterm thesis chapter final exam,Academics,Medium,synth_highacc,2,0
marks textbook topic grade presentation,Academics,Medium,synth_highacc,2,0
lecture syllabus cancelled exam subject,Academics,Low,synth_highacc,2,1
seminar subject postponed diploma seminar,Academics,Medium,synth_highacc,2,0
faculty syllabus practical exam viva,Academics,Medium,synth_highacc,2,0
practical lesson faculty viva project,Academics,High,synth_highacc,2,2
lecture quiz cancelled exam degree,Academics,High,synth_highacc,2,2
lesson marks difficult faculty subject,Academics,High,synth_highacc,2,2
lesson presentation difficult grade presentation,Academics,Medium,synth_highacc,2,0
thesis topic lecturer seminar report,Academics,High,synth_highacc,2,2
midterm project results assignment practical,Academics,Low,synth_highacc,2,1
notebook tutorial workshop curriculum homework,Academics,Low,synth_highacc,2,1
textbook exam unavailable final workshop,Academics,High,synth_highacc,2,2
chapter syllabus notebook textbook lecture,Academics,Low,synth_highacc,2,1
tutorial topic cancelled notebook lesson,Academics,High,synth_highacc,2,2
degree teacher delayed midterm assignment,Academics,Medium,synth_highacc,2,0
chapter project quiz textbook quiz,Academics,High,synth_highacc,2,2
subject quiz elective chapter degree,Academics,Medium,synth_highacc,2,0
report subject group lecture presentation,Academics,Low,synth_highacc,2,1
degree lesson topic diploma project,Academics,High,synth_highacc,2,2
report topic submission lecturer topic,Academics,Medium,synth_highacc,2,0
tutorial grade assignment faculty presentation,Academics,Medium,synth_highacc,2,0
seminar professor postponed curriculum textbook,Academics,Medium,synth_highacc,2,0
exam group schedule quiz marks,Academics,Low,synth_highacc,2,1
grade practical missing notebook lesson,Academics,High,synth_highacc,2,2
lesson exam difficult workshop practical,Academics,Low,synth_highacc,2,1
lesson group difficult diploma faculty,Academics,High,synth_highacc,2,2
notebook lecture textbook curriculum report,Academics,Medium,synth_highacc,2,0
syllabus professor seminar lesson workshop,Academics,Low,synth_highacc,2,1
quiz grade lecturer assignment viva,Academics,Low,synth_highacc,2,1
seminar workshop postponed lesson diploma,Academics,Medium,synth_highacc,2,0
topic topic unclear assignment professor,Academics,Low,synth_highacc,2,1
seminar group postponed practical seminar,Academics,Medium,synth_highacc,2,0
group degree project degree thesis,Academics,Medium,synth_highacc,2,0
chapter exam summary chapter professor,Academics,Medium,synth_highacc,2,0
quiz thesis tutorial assignment marks,Academics,High,synth_highacc,2,2
practical tutorial lesson viva midterm,Academics,High,synth_highacc,2,2
professor teacher presentation lecture homework,Academics,High,synth_highacc,2,2
degree teacher marks diploma syllabus,Academics,High,synth_highacc,2,2
grade lesson missing final subject,Academics,Medium,synth_highacc,2,0
degree syllabus delayed tutorial viva,Academics,Medium,synth_highacc,2,0
workshop topic registration quiz teacher,Academics,High,synth_highacc,2,2
lecture diploma cancelled chapter textbook,Academics,High,synth_highacc,2,2
workshop presentation lecture tutorial curriculum,Academics,Medium,synth_highacc,2,0
quiz notebook score lesson syllabus,Academics,High,synth_highacc,2,2
grade textbook calculation workshop project,Academics,High,synth_highacc,2,2
notebook grade correction faculty topic,Academics,High,synth_highacc,2,2
assignment homework deadline professor group,Academics,Medium,synth_highacc,2,0
report midterm topic lecture subject,Academics,High,synth_highacc,2,2
faculty workshop curriculum exam marks,Academics,High,synth_highacc,2,2
practical presentation missed degree report,Academics,Medium,synth_highacc,2,0
notebook seminar chapter curriculum quiz,Academics,Medium,synth_highacc,2,0
syllabus syllabus seminar lesson curriculum,Academics,High,synth_highacc,2,2
thesis marks degree seminar marks,Academics,High,synth_highacc,2,2
grade midterm missing curriculum diploma,Academics,Medium,synth_highacc,2,0
group chapter project viva assignment,Academics,Medium,synth_highacc,2,0
quiz lecture presentation assignment workshop,Academics,High,synth_highacc,2,2
marks subject textbook grade midterm,Academics,Low,synth_highacc,2,1
chapter homework workshop textbook curriculum,Academics,Medium,synth_highacc,2,0
presentation viva evaluated project notebook,Academics,High,synth_highacc,2,2
degree exam group diploma curriculum,Academics,High,synth_highacc,2,2
degree notebook faculty diploma teacher,Academics,Medium,synth_highacc,2,0
exam tutorial schedule thesis thesis,Academics,Medium,synth_highacc,2,0
notebook exam correction homework final,Academics,High,synth_highacc,2,2
textbook topic unavailable final presentation,Academics,Medium,synth_highacc,2,0
teacher lecturer workshop diploma,Academics,Low,synth_highacc,2,1
assignment workshop deadline professor teacher,Academics,High,synth_highacc,2,2
syllabus grade revision marks degree,Academics,Medium,synth_highacc,2,0
syllabus quiz subject lesson report,Academics,High,synth_highacc,2,2
grade thesis missing lecture lecturer,Academics,Medium,synth_highacc,2,0
marks viva incorrect curriculum final,Academics,High,synth_highacc,2,2
syllabus curriculum group lesson degree,Academics,Low,synth_highacc,2,1
notebook topic professor curriculum marks,Academics,Low,synth_highacc,2,1
syllabus homework revision tutorial professor,Academics,High,synth_highacc,2,2
topic thesis unclear assignment diploma,Academics,High,synth_highacc,2,2
assignment lecturer feedback subject syllabus,Academics,High,synth_highacc,2,2
exam faculty timetable faculty quiz,Academics,High,synth_highacc,2,2
professor faculty assignment lecture midterm,Academics,Medium,synth_highacc,2,0
tutorial assignment cancelled syllabus presentation,Academics,High,synth_highacc,2,2
chapter tutorial teacher textbook textbook,Academics,Medium,synth_highacc,2,0
lecture quiz cancelled lesson homework,Academics,Medium,synth_highacc,2,0
workshop report assignment tutorial chapter,Academics,Low,synth_highacc,2,1
workshop group workshop tutorial workshop,Academics,Medium,synth_highacc,2,0
midterm workshop results degree midterm,Academics,Medium,synth_highacc,2,0
notebook lecturer group curriculum tutorial,Academics,High,synth_highacc,2,2
diploma curriculum verification grade teacher,Academics,Low,synth_highacc,2,1
lecture exam cancelled assignment group,Academics,Low,synth_highacc,2,1
thesis report lecture seminar quiz,Academics,Medium,synth_highacc,2,0
assignment marks feedback viva chapter,Academics,Medium,synth_highacc,2,0
degree faculty delayed quiz seminar,Academics,Low,synth_highacc,2,1
marks diploma incorrect notebook final,Academics,High,synth_highacc,2,2
marks quiz lecturer grade teacher,Academics,Low,synth_highacc,2,1
lecture thesis cancelled curriculum degree,Academics,Medium,synth_highacc,2,0
exam lesson timetable exam diploma,Academics,Medium,synth_highacc,2,0
degree assignment topic diploma topic,Academics,Medium,synth_highacc,2,0
exam subject schedule presentation midterm,Academics,High,synth_highacc,2,2
notebook assignment homework curriculum faculty,Academics,Low,synth_highacc,2,1
workshop midterm presentation tutorial practical,Academics,Low,synth_highacc,2,1
exam subject timetable degree professor,Academics,High,synth_highacc,2,2
syllabus homework revision presentation group,Academics,Low,synth_highacc,2,1
lesson practical difficult lecturer lecture,Academics,Medium,synth_highacc,2,0
assignment notebook feedback teacher marks,Academics,High,synth_highacc,2,2
project quiz submission final grade,Academics,Medium,synth_highacc,2,0
thesis subject approval project faculty,Academics,Low,synth_highacc,2,1
assignment thesis feedback report presentation,Academics,Medium,synth_highacc,2,0
notebook lecture group curriculum notebook,Academics,Low,synth_highacc,2,1
project lesson submission faculty report,Academics,Low,synth_highacc,2,1
viva subject conducted topic grade,Academics,Low,synth_highacc,2,1
degree practical delayed practical exam,Academics,Medium,synth_highacc,2,0
curriculum notebook outdated assignment group,Academics,High,synth_highacc,2,2
assignment professor feedback quiz topic,Academics,Medium,synth_highacc,2,0
faculty teacher exam exam textbook,Academics,High,synth_highacc,2,2
viva tutorial conducted viva curriculum,Academics,Medium,synth_highacc,2,0
quiz marks viva assignment curriculum,Academics,High,synth_highacc,2,2
subject presentation elective diploma practical,Academics,Low,synth_highacc,2,1
workshop marks teacher tutorial curriculum,Academics,Medium,synth_highacc,2,0
quiz chapter score diploma quiz,Academics,Low,synth_highacc,2,1
notebook group homework curriculum midterm,Academics,Low,synth_highacc,2,1
report workshop workshop lecture assignment,Academics,Medium,synth_highacc,2,0
midterm viva workshop final curriculum,Academics,Low,synth_highacc,2,1
notebook midterm correction lecturer assignment,Academics,Medium,synth_highacc,2,0
degree report delayed homework group,Academics,Low,synth_highacc,2,1
midterm faculty results final presentation,Academics,High,synth_highacc,2,2
subject seminar elective seminar homework,Academics,Low,synth_highacc,2,1
tutorial notebook cancelled report subject,Academics,Medium,synth_highacc,2,0
report grade submission lesson topic,Academics,Medium,synth_highacc,2,0
marks practical incorrect homework homework,Academics,Medium,synth_highacc,2,0
report report submission textbook notebook,Academics,High,synth_highacc,2,2
chapter tutorial summary workshop tutorial,Academics,High,synth_highacc,2,2
grade chapter calculation degree homework,Academics,High,synth_highacc,2,2
assignment seminar feedback report notebook,Academics,High,synth_highacc,2,2
marks degree presentation grade midterm,Academics,High,synth_highacc,2,2
chapter chapter summary final teacher,Academics,High,synth_highacc,2,2
workshop professor subject tutorial project,Academics,Low,synth_highacc,2,1
lecture faculty cancelled workshop lesson,Academics,Low,synth_highacc,2,1
marks syllabus incorrect project faculty,Academics,High,synth_highacc,2,2
marks tutorial incorrect lecturer degree,Academics,Medium,synth_highacc,2,0
workshop marks subject tutorial grade,Academics,High,synth_highacc,2,2
tutorial chapter assignment faculty subject,Academics,Medium,synth_highacc,2,0
lesson notebook difficult faculty teacher,Academics,High,synth_highacc,2,2
report workshop practical lecture marks,Academics,High,synth_highacc,2,2
grade diploma calculation workshop workshop,Academics,Medium,synth_highacc,2,0
curriculum seminar outdated lecture seminar,Academics,Low,synth_highacc,2,1
chapter report summary assignment subject,Academics,Low,synth_highacc,2,1
textbook lesson unavailable syllabus homework,Academics,Low,synth_highacc,2,1
group syllabus project teacher curriculum,Academics,Medium,synth_highacc,2,0
grade project calculation lecturer project,Academics,Medium,synth_highacc,2,0
report faculty submission textbook group,Academics,High,synth_highacc,2,2
viva degree conducted lecture notebook,Academics,High,synth_highacc,2,2
practical seminar lecture viva report,Academics,Low,synth_highacc,2,1
lesson topic difficult exam degree,Academics,Low,synth_highacc,2,1
midterm curriculum curriculum final diploma,Academics,Medium,synth_highacc,2,0
midterm presentation teacher final assignment,Academics,High,synth_highacc,2,2
thesis practical approval grade grade,Academics,Low,synth_highacc,2,1
workshop notebook registration subject assignment,Academics,Medium,synth_highacc,2,0
report chapter professor lecture diploma,Academics,High,synth_highacc,2,2
topic practical unclear group lecturer,Academics,Medium,synth_highacc,2,0
assignment workshop feedback notebook report,Academics,Low,synth_highacc,2,1
workshop thesis teacher tutorial lecture,Academics,Low,synth_highacc,2,1
lecture tutorial cancelled final quiz,Academics,Low,synth_highacc,2,1
practical final missed lecture project,Academics,Low,synth_highacc,2,1
degree curriculum delayed lecturer exam,Academics,Low,synth_highacc,2,1
quiz seminar syllabus assignment lecture,Academics,High,synth_highacc,2,2
practical syllabus midterm viva subject,Academics,Medium,synth_highacc,2,0
quiz topic score final notebook,Academics,Low,synth_highacc,2,1
tutorial assignment cancelled teacher lecture,Academics,High,synth_highacc,2,2
group lecturer project lecture degree,Academics,High,synth_highacc,2,2
workshop chapter textbook tutorial exam,Academics,Medium,synth_highacc,2,0
notebook practical correction subject topic,Academics,High,synth_highacc,2,2
professor presentation thesis lecture marks,Academics,Low,synth_highacc,2,1
chapter topic summary chapter project,Academics,Medium,synth_highacc,2,0
workshop diploma registration teacher project,Academics,Low,synth_highacc,2,1
faculty teacher topic exam exam,Academics,Medium,synth_highacc,2,0
midterm degree tutorial final midterm,Academics,High,synth_highacc,2,2
topic project unclear thesis seminar,Academics,Low,synth_highacc,2,1
exam syllabus timetable workshop assignment,Academics,Low,synth_highacc,2,1
lecture faculty cancelled viva lecture,Academics,Medium,synth_highacc,2,0
lecture lecture cancelled syllabus quiz,Academics,Low,synth_highacc,2,1
syllabus group revision curriculum degree,Academics,Low,synth_highacc,2,1
lecture grade cancelled quiz chapter,Academics,High,synth_highacc,2,2
homework workshop notebook project group,Academics,Medium,synth_highacc,2,0
project textbook submission project diploma,Academics,Medium,synth_highacc,2,0
textbook thesis unavailable teacher notebook,Academics,Low,synth_highacc,2,1
practical final lesson viva diploma,Academics,Low,synth_highacc,2,1
workshop curriculum registration presentation viva,Academics,Medium,synth_highacc,2,0
thesis textbook approval group quiz,Academics,Low,synth_highacc,2,1
assignment exam feedback lesson homework,Academics,High,synth_highacc,2,2
subject syllabus lecture topic lecture,Academics,Low,synth_highacc,2,1
topic professor unclear topic tutorial,Academics,Low,synth_highacc,2,1
viva syllabus conducted presentation project,Academics,Medium,synth_highacc,2,0
syllabus marks incomplete chapter homework,Academics,Medium,synth_highacc,2,0
topic report unclear exam topic,Academics,Medium,synth_highacc,2,0
topic teacher unclear grade thesis,Academics,High,synth_highacc,2,2
syllabus practical thesis lesson seminar,Academics,High,synth_highacc,2,2
presentation project evaluated presentation degree,Academics,Low,synth_highacc,2,1
practical group marks viva lecture,Academics,Medium,synth_highacc,2,0
seminar marks postponed lecturer tutorial,Academics,High,synth_highacc,2,2
seminar subject postponed presentation viva,Academics,Low,synth_highacc,2,1
faculty notebook quiz exam lesson,Academics,High,synth_highacc,2,2
report seminar subject lecture subject,Academics,Medium,synth_highacc,2,0
group lecture project syllabus subject,Academics,Low,synth_highacc,2,1
midterm topic results degree degree,Academics,Medium,synth_highacc,2,0
diploma teacher verification report homework,Academics,Medium,synth_highacc,2,0
notebook marks lecture curriculum report,Academics,High,synth_highacc,2,2
exam tutorial schedule project seminar,Academics,Low,synth_highacc,2,1
seminar assignment postponed marks midterm,Academics,Medium,synth_highacc,2,0
syllabus assignment revision presentation presentation,Academics,Medium,synth_highacc,2,0
midterm thesis midterm final professor,Academics,Low,synth_highacc,2,1
faculty homework thesis exam homework,Academics,High,synth_highacc,2,2
topic lecturer unclear project faculty,Academics,Low,synth_highacc,2,1
report seminar topic lecture professor,Academics,High,synth_highacc,2,2
syllabus chapter revision exam tutorial,Academics,Medium,synth_highacc,2,0
report presentation submission presentation thesis,Academics,Low,synth_highacc,2,1
lesson project difficult seminar report,Academics,Medium,synth_highacc,2,0
notebook curriculum viva curriculum lecture,Academics,Low,synth_highacc,2,1
tutorial subject cancelled homework quiz,Academics,Low,synth_highacc,2,1
subject report midterm topic project,Academics,High,synth_highacc,2,2
workshop seminar presentation tutorial lecturer,Academics,High,synth_highacc,2,2
topic assignment unclear exam presentation,Academics,High,synth_highacc,2,2
syllabus teacher final lesson midterm,Academics,Medium,synth_highacc,2,0
faculty final marks exam presentation,Academics,Medium,synth_highacc,2,0
thesis quiz approval final homework,Academics,Medium,synth_highacc,2,0
diploma marks verification exam chapter,Academics,High,synth_highacc,2,2
practical midterm missed syllabus workshop,Academics,Low,synth_highacc,2,1
grade teacher calculation assignment teacher,Academics,Medium,synth_highacc,2,0
assignment tutorial feedback notebook midterm,Academics,Medium,synth_highacc,2,0
workshop project final tutorial syllabus,Academics,Medium,synth_highacc,2,0
practical final missed diploma lesson,Academics,High,synth_highacc,2,2
syllabus tutorial incomplete midterm presentation,Academics,Low,synth_highacc,2,1
seminar presentation postponed syllabus textbook,Academics,High,synth_highacc,2,2
thesis topic approval homework assignment,Academics,High,synth_highacc,2,2
practical practical thesis viva quiz,Academics,Low,synth_highacc,2,1
topic topic unclear curriculum faculty,Academics,Low,synth_highacc,2,1
tutorial teacher cancelled exam project,Academics,Medium,synth_highacc,2,0
report final submission exam lecture,Academics,Medium,synth_highacc,2,0
practical diploma exam viva lecturer,Academics,High,synth_highacc,2,2
tutorial topic cancelled chapter faculty,Academics,Low,synth_highacc,2,1
quiz group score practical teacher,Academics,Low,synth_highacc,2,1
lecture chapter cancelled workshop lecturer,Academics,High,synth_highacc,2,2
topic marks unclear thesis lecturer,Academics,Medium,synth_highacc,2,0
presentation teacher thesis group exam,Academics,Medium,synth_highacc,2,0
subject topic elective degree topic,Academics,Medium,synth_highacc,2,0
group workshop project teacher lecture,Academics,Low,synth_highacc,2,1
viva chapter conducted degree degree,Academics,Medium,synth_highacc,2,0
practical workshop viva viva topic,Academics,High,synth_highacc,2,2
teacher syllabus seminar midterm,Academics,High,synth_highacc,2,2
workshop lecture report tutorial chapter,Academics,Medium,synth_highacc,2,0
marks report syllabus grade syllabus,Academics,High,synth_highacc,2,2
curriculum subject outdated presentation grade,Academics,Medium,synth_highacc,2,0
subject viva elective viva professor,Academics,Medium,synth_highacc,2,0
marks syllabus lecture grade subject,Academics,High,synth_highacc,2,2
practical marks notebook viva midterm,Academics,Medium,synth_highacc,2,0
midterm teacher results syllabus grade,Academics,Medium,synth_highacc,2,0
thesis topic curriculum seminar lecture,Academics,High,synth_highacc,2,2
degree presentation notebook diploma degree,Academics,Low,synth_highacc,2,1
presentation lesson evaluated seminar workshop,Academics,Medium,synth_highacc,2,0
chapter workshop summary grade grade,Academics,Medium,synth_highacc,2,0
midterm marks workshop final grade,Academics,High,synth_highacc,2,2
thesis project approval quiz assignment,Academics,Low,synth_highacc,2,1
workshop group registration teacher lecturer,Academics,Medium,synth_highacc,2,0
seminar notebook postponed group lesson,Academics,Medium,synth_highacc,2,0
degree report lesson diploma topic,Academics,Low,synth_highacc,2,1
notebook homework correction faculty final,Academics,Medium,synth_highacc,2,0
practical lecturer missed report degree,Academics,Medium,synth_highacc,2,0
workshop seminar registration viva assignment,Academics,High,synth_highacc,2,2
midterm viva results notebook teacher,Academics,Low,synth_highacc,2,1
workshop tutorial registration subject quiz,Academics,Medium,synth_highacc,2,0
seminar syllabus postponed seminar syllabus,Academics,Low,synth_highacc,2,1
exam presentation schedule curriculum diploma,Academics,Low,synth_highacc,2,1
subject final registration tutorial midterm,Academics,High,synth_highacc,2,2
notebook diploma correction diploma topic,Academics,Medium,synth_highacc,2,0
curriculum seminar outdated homework marks,Academics,Low,synth_highacc,2,1
syllabus lesson revision grade final,Academics,Medium,synth_highacc,2,0
subject project project topic presentation,Academics,Low,synth_highacc,2,1
degree midterm group diploma homework,Academics,High,synth_highacc,2,2
midterm notebook results group textbook,Academics,Medium,synth_highacc,2,0
viva faculty conducted topic quiz,Academics,High,synth_highacc,2,2
notebook faculty tutorial curriculum syllabus,Academics,Medium,synth_highacc,2,0
quiz quiz score practical curriculum,Academics,Medium,synth_highacc,2,0
seminar diploma postponed syllabus degree,Academics,Low,synth_highacc,2,1
lesson assignment difficult degree workshop,Academics,High,synth_highacc,2,2
presentation seminar evaluated chapter degree,Academics,Medium,synth_highacc,2,0
workshop report registration group practical,Academics,Low,synth_highacc,2,1
tutorial chapter cancelled viva project,Academics,Low,synth_highacc,2,1
quiz curriculum score midterm topic,Academics,Low,synth_highacc,2,1
thesis thesis curriculum seminar marks,Academics,Medium,synth_highacc,2,0
assignment chapter deadline lesson topic,Academics,Medium,synth_highacc,2,0
curriculum diploma outdated practical midterm,Academics,Low,synth_highacc,2,1
degree professor homework diploma grade,Academics,High,synth_highacc,2,2
report exam tutorial lecture thesis,Academics,Medium,synth_highacc,2,0
workshop quiz lecture tutorial presentation,Academics,High,synth_highacc,2,2
quiz professor topic assignment exam,Academics,Low,synth_highacc,2,1
report project exam lecture subject,Academics,Medium,synth_highacc,2,0
practical grade chapter viva practical,Academics,High,synth_highacc,2,2
syllabus homework thesis lesson professor,Academics,Low,synth_highacc,2,1
lecture degree cancelled notebook presentation,Academics,Medium,synth_highacc,2,0
practical lesson missed practical homework,Academics,High,synth_highacc,2,2
practical seminar missed viva final,Academics,High,synth_highacc,2,2
quiz textbook score degree presentation,Academics,High,synth_highacc,2,2
practical exam practical viva textbook,Academics,Medium,synth_highacc,2,0
lesson syllabus difficult project textbook,Academics,Low,synth_highacc,2,1
teacher homework degree chapter,Academics,Medium,synth_highacc,2,0
practical teacher missed group presentation,Academics,Medium,synth_highacc,2,0
teacher final chapter marks,Academics,Low,synth_highacc,2,1
viva diploma conducted workshop midterm,Academics,High,synth_highacc,2,2
textbook topic unavailable grade thesis,Academics,High,synth_highacc,2,2
chapter subject summary subject marks,Academics,Medium,synth_highacc,2,0
thesis final grade seminar lesson,Academics,Medium,synth_highacc,2,0
assignment lesson feedback midterm workshop,Academics,Low,synth_highacc,2,1
degree homework chapter diploma assignment,Academics,High,synth_highacc,2,2
degree practical delayed lesson group,Academics,Low,synth_highacc,2,1
assignment professor deadline project faculty,Academics,High,synth_highacc,2,2
professor seminar quiz lecture chapter,Academics,Medium,synth_highacc,2,0
syllabus practical teacher lesson marks,Academics,Low,synth_highacc,2,1
chapter teacher group textbook tutorial,Academics,Medium,synth_highacc,2,0
lesson textbook difficult group diploma,Academics,Medium,synth_highacc,2,0
tutorial lecturer assignment curriculum exam,Academics,Low,synth_highacc,2,1
quiz lesson topic assignment lecture,Academics,High,synth_highacc,2,2
diploma seminar verification workshop syllabus,Academics,Medium,synth_highacc,2,0
teacher assignment grade subject,Academics,Medium,synth_highacc,2,0
presentation lecturer workshop group viva,Academics,High,synth_highacc,2,2
subject quiz elective tutorial presentation,Academics,Medium,synth_highacc,2,0
workshop textbook registration notebook thesis,Academics,High,synth_highacc,2,2
syllabus lecturer revision assignment syllabus,Academics,Medium,synth_highacc,2,0
quiz textbook score workshop diploma,Academics,Low,synth_highacc,2,1
lecture tutorial cancelled assignment grade,Academics,High,synth_highacc,2,2
textbook notebook unavailable teacher thesis,Academics,Medium,synth_highacc,2,0
group assignment project topic grade,Academics,Low,synth_highacc,2,1
faculty presentation project exam diploma,Academics,Low,synth_highacc,2,1
presentation thesis group group exam,Academics,High,synth_highacc,2,2
exam curriculum timetable faculty faculty,Academics,Medium,synth_highacc,2,0
assignment project feedback quiz homework,Academics,Medium,synth_highacc,2,0
practical notebook degree viva practical,Academics,High,synth_highacc,2,2
subject professor subject topic degree,Academics,High,synth_highacc,2,2
syllabus syllabus lecturer lesson group,Academics,High,synth_highacc,2,2
curriculum chapter outdated group workshop,Academics,High,synth_highacc,2,2
degree degree notebook diploma viva,Academics,Medium,synth_highacc,2,0
report thesis submission lecture project,Academics,Medium,synth_highacc,2,0
marks syllabus incorrect diploma viva,Academics,Low,synth_highacc,2,1
subject report elective subject seminar,Academics,Low,synth_highacc,2,1
exam diploma timetable grade notebook,Academics,High,synth_highacc,2,2
homework subject workshop project group,Academics,High,synth_highacc,2,2
chapter chapter notebook textbook midterm,Academics,High,synth_highacc,2,2
assignment assignment deadline quiz lecture,Academics,Low,synth_highacc,2,1
syllabus seminar lecturer lesson workshop,Academics,Low,synth_highacc,2,1
subject workshop registration quiz lecturer,Academics,High,synth_highacc,2,2
assignment subject feedback group syllabus,Academics,Low,synth_highacc,2,1
seminar marks postponed lecture teacher,Academics,Low,synth_highacc,2,1
assignment group feedback exam viva,Academics,High,synth_highacc,2,2
quiz diploma midterm assignment diploma,Academics,High,synth_highacc,2,2
quiz lesson lecturer assignment lecture,Academics,Medium,synth_highacc,2,0
homework tutorial quiz project quiz,Academics,High,synth_highacc,2,2
practical subject workshop viva workshop,Academics,High,synth_highacc,2,2
lecture grade cancelled seminar midterm,Academics,High,synth_highacc,2,2
workshop degree viva tutorial final,Academics,Low,synth_highacc,2,1
notebook seminar topic curriculum report,Academics,Medium,synth_highacc,2,0
lecture thesis cancelled practical degree,Academics,Medium,synth_highacc,2,0
viva notebook conducted diploma midterm,Academics,High,synth_highacc,2,2
textbook notebook unavailable grade tutorial,Academics,Medium,synth_highacc,2,0
subject syllabus elective diploma practical,Academics,Medium,synth_highacc,2,0
syllabus teacher incomplete lecturer chapter,Academics,High,synth_highacc,2,2
professor homework textbook lecture teacher,Academics,Medium,synth_highacc,2,0
practical tutorial notebook viva professor,Academics,High,synth_highacc,2,2
exam report schedule project quiz,Academics,Low,synth_highacc,2,1
degree degree delayed project homework,Academics,Medium,synth_highacc,2,0
seminar grade postponed marks syllabus,Academics,Medium,synth_highacc,2,0
thesis topic tutorial seminar lecture,Academics,High,synth_highacc,2,2
assignment presentation deadline seminar group,Academics,High,synth_highacc,2,2
tutorial quiz assignment textbook lecturer,Academics,High,synth_highacc,2,2
presentation subject evaluated exam faculty,Academics,Medium,synth_highacc,2,0
thesis final approval midterm assignment,Academics,Low,synth_highacc,2,1
chapter teacher summary subject faculty,Academics,Medium,synth_highacc,2,0
midterm lecturer results notebook project,Academics,Medium,synth_highacc,2,0
topic marks unclear project faculty,Academics,High,synth_highacc,2,2
syllabus topic revision practical report,Academics,Low,synth_highacc,2,1
practical final chapter viva topic,Academics,Low,synth_highacc,2,1
syllabus curriculum exam lesson presentation,Academics,High,synth_highacc,2,2
chapter faculty summary topic syllabus,Academics,Low,synth_highacc,2,1
syllabus report incomplete final homework,Academics,Low,synth_highacc,2,1
diploma workshop verification group topic,Academics,High,synth_highacc,2,2
presentation workshop evaluated grade grade,Academics,Low,synth_highacc,2,1
withdrawal tax waiver tuition installment,Fees / Finance,Low,synth_highacc,3,1
outstanding budget amount tax stipend,Fees / Finance,Medium,synth_highacc,3,0
stipend waiver reimbursement grant payment,Fees / Finance,Medium,synth_highacc,3,0
interest reimbursement gst waiver transaction,Fees / Finance,Medium,synth_highacc,3,0
scholarship debit deduction tuition stipend,Fees / Finance,Low,synth_highacc,3,1
scholarship installment eligibility invoice scholarship,Fees / Finance,Low,synth_highacc,3,1
budget transaction allocation loan fee,Fees / Finance,Medium,synth_highacc,3,0
deposit invoice refund interest gst,Fees / Finance,Medium,synth_highacc,3,0
payment concession credit refund credit,Fees / Finance,Low,synth_highacc,3,1
waiver withdrawal rejected treasury outstanding,Fees / Finance,High,synth_highacc,3,2
fee transaction structure payment grant,Fees / Finance,High,synth_highacc,3,2
outstanding withdrawal amount refund treasury,Fees / Finance,Low,synth_highacc,3,1
installment loan deduction receipt cashier,Fees / Finance,Low,synth_highacc,3,1
finance fee office tuition grant,Fees / Finance,High,synth_highacc,3,2
withdrawal stipend receipt tuition payment,Fees / Finance,Medium,synth_highacc,3,0
gst grant charges debit grant,Fees / Finance,High,synth_highacc,3,2
withdrawal receipt processed waiver due,Fees / Finance,High,synth_highacc,3,2
waiver installment rejected account deduction,Fees / Finance,High,synth_highacc,3,2
finance payment office refund finance,Fees / Finance,High,synth_highacc,3,2
payment concession failed due fund,Fees / Finance,High,synth_highacc,3,2
interest payment reimbursement waiver reimbursement,Fees / Finance,Medium,synth_highacc,3,0
tax interest deduction finance deposit,Fees / Finance,Medium,synth_highacc,3,0
installment treasury grant receipt payment,Fees / Finance,High,synth_highacc,3,2
withdrawal debit transaction tuition concession,Fees / Finance,Medium,synth_highacc,3,0
outstanding bill amount installment grant,Fees / Finance,High,synth_highacc,3,2
due debit date budget finance,Fees / Finance,High,synth_highacc,3,2
cashier tax interest loan concession,Fees / Finance,Medium,synth_highacc,3,0
waiver bill rejected credit bill,Fees / Finance,High,synth_highacc,3,2
waiver deduction rejected bill interest,Fees / Finance,High,synth_highacc,3,2
withdrawal withdrawal processed bill tax,Fees / Finance,Low,synth_highacc,3,1
gst bank charges waiver tuition,Fees / Finance,High,synth_highacc,3,2
waiver invoice rejected account waiver,Fees / Finance,Low,synth_highacc,3,1
fee payment structure waiver budget,Fees / Finance,Medium,synth_highacc,3,0
payment gst failed cashier transaction,Fees / Finance,Low,synth_highacc,3,1
account bill account deduction payment,Fees / Finance,High,synth_highacc,3,2
budget cashier allocation debit debit,Fees / Finance,Low,synth_highacc,3,1
due payment date reimbursement installment,Fees / Finance,High,synth_highacc,3,2
refund outstanding process bill deposit,Fees / Finance,High,synth_highacc,3,2
treasury stipend department account grant,Fees / Finance,Medium,synth_highacc,3,0
treasury bill department bank deduction,Fees / Finance,Low,synth_highacc,3,1
scholarship budget fee tuition cashier,Fees / Finance,Medium,synth_highacc,3,0
tax gst deduction credit tuition,Fees / Finance,Low,synth_highacc,3,1
deduction due wrong waiver charges,Fees / Finance,Low,synth_highacc,3,1
account fund credited refund grant,Fees / Finance,High,synth_highacc,3,2
refund fund delayed withdrawal refund,Fees / Finance,High,synth_highacc,3,2
account gst charges deduction refund,Fees / Finance,Low,synth_highacc,3,1
interest fund rate refund grant,Fees / Finance,High,synth_highacc,3,2
scholarship scholarship eligibility deduction loan,Fees / Finance,Medium,synth_highacc,3,0
transaction interest error loan charges,Fees / Finance,Low,synth_highacc,3,1
account loan credited scholarship withdrawal,Fees / Finance,Low,synth_highacc,3,1
finance gst office installment deposit,Fees / Finance,Low,synth_highacc,3,1
concession bill fund reimbursement budget,Fees / Finance,Medium,synth_highacc,3,0
deduction payment wrong account charges,Fees / Finance,High,synth_highacc,3,2
withdrawal deduction processed charges installment,Fees / Finance,Medium,synth_highacc,3,0
refund bank delayed invoice installment,Fees / Finance,Low,synth_highacc,3,1
withdrawal gst processed stipend installment,Fees / Finance,High,synth_highacc,3,2
withdrawal grant processed deposit bank,Fees / Finance,Medium,synth_highacc,3,0
concession grant applied refund bank,Fees / Finance,Medium,synth_highacc,3,0
reimbursement transaction pending bank transaction,Fees / Finance,Low,synth_highacc,3,1
refund scholarship process budget interest,Fees / Finance,Medium,synth_highacc,3,0
fee gst structure loan account,Fees / Finance,Low,synth_highacc,3,1
finance treasury deduction fee treasury,Fees / Finance,Low,synth_highacc,3,1
finance due office due fee,Fees / Finance,High,synth_highacc,3,2
cashier finance counter credit outstanding,Fees / Finance,Medium,synth_highacc,3,0
bank gst transfer installment fee,Fees / Finance,Low,synth_highacc,3,1
concession cashier applied credit scholarship,Fees / Finance,Low,synth_highacc,3,1
cashier scholarship reimbursement loan refund,Fees / Finance,Low,synth_highacc,3,1
scholarship interest concession tuition installment,Fees / Finance,Low,synth_highacc,3,1
account budget account deduction bank,Fees / Finance,High,synth_highacc,3,2
fee account pending charges stipend,Fees / Finance,Low,synth_highacc,3,1
transaction interest waiver bank stipend,Fees / Finance,Medium,synth_highacc,3,0
invoice tax tuition bill loan,Fees / Finance,Medium,synth_highacc,3,0
finance treasury invoice cashier concession,Fees / Finance,High,synth_highacc,3,2
bank withdrawal transfer credit credit,Fees / Finance,High,synth_highacc,3,2
installment receipt withdrawal receipt installment,Fees / Finance,Medium,synth_highacc,3,0
fee loan structure tax waiver,Fees / Finance,Medium,synth_highacc,3,0
interest reimbursement rate bill due,Fees / Finance,High,synth_highacc,3,2
fee due structure due account,Fees / Finance,High,synth_highacc,3,2
tax gst loan deduction fee,Fees / Finance,Low,synth_highacc,3,1
payment charges invoice refund credit,Fees / Finance,High,synth_highacc,3,2
bank budget transfer refund concession,Fees / Finance,Medium,synth_highacc,3,0
concession credit applied fee deduction,Fees / Finance,High,synth_highacc,3,2
fee treasury pending tuition interest,Fees / Finance,Medium,synth_highacc,3,0
loan waiver application fee invoice,Fees / Finance,High,synth_highacc,3,2
scholarship concession not fund payment,Fees / Finance,Low,synth_highacc,3,1
stipend concession concession grant outstanding,Fees / Finance,Medium,synth_highacc,3,0
scholarship bill outstanding tuition transaction,Fees / Finance,High,synth_highacc,3,2
finance concession office charges budget,Fees / Finance,High,synth_highacc,3,2
installment withdrawal interest receipt waiver,Fees / Finance,High,synth_highacc,3,2
waiver payment rejected credit concession,Fees / Finance,Medium,synth_highacc,3,0
invoice transaction cashier bill payment,Fees / Finance,Medium,synth_highacc,3,0
bill bank incorrect grant account,Fees / Finance,High,synth_highacc,3,2
credit debit interest waiver refund,Fees / Finance,Medium,synth_highacc,3,0
bank installment transfer due finance,Fees / Finance,Medium,synth_highacc,3,0
deduction interest wrong credit withdrawal,Fees / Finance,Medium,synth_highacc,3,0
concession invoice stipend reimbursement refund,Fees / Finance,Low,synth_highacc,3,1
transaction gst deposit bank payment,Fees / Finance,Medium,synth_highacc,3,0
loan transaction application deduction concession,Fees / Finance,Medium,synth_highacc,3,0
fee withdrawal structure interest waiver,Fees / Finance,Low,synth_highacc,3,1
refund receipt process withdrawal bill,Fees / Finance,Low,synth_highacc,3,1
fee refund structure charges grant,Fees / Finance,High,synth_highacc,3,2
interest invoice rate fee interest,Fees / Finance,Low,synth_highacc,3,1
due installment date concession charges,Fees / Finance,Low,synth_highacc,3,1
account withdrawal interest deduction payment,Fees / Finance,High,synth_highacc,3,2
scholarship interest eligibility credit waiver,Fees / Finance,Low,synth_highacc,3,1
stipend loan cashier grant waiver,Fees / Finance,Medium,synth_highacc,3,0
outstanding invoice amount cashier transaction,Fees / Finance,Low,synth_highacc,3,1
withdrawal invoice fee tuition deposit,Fees / Finance,Low,synth_highacc,3,1
fund budget reimbursement waiver cashier,Fees / Finance,Low,synth_highacc,3,1
withdrawal loan processed finance bank,Fees / Finance,Low,synth_highacc,3,1
payment concession failed gst scholarship,Fees / Finance,Low,synth_highacc,3,1
payment outstanding scholarship refund receipt,Fees / Finance,Medium,synth_highacc,3,0
installment installment tax receipt fund,Fees / Finance,Low,synth_highacc,3,1
withdrawal gst processed reimbursement interest,Fees / Finance,Medium,synth_highacc,3,0
stipend installment charges grant bill,Fees / Finance,Low,synth_highacc,3,1
deposit charges refund receipt charges,Fees / Finance,Medium,synth_highacc,3,0
due charges date outstanding debit,Fees / Finance,Low,synth_highacc,3,1
cashier treasury stipend loan fund,Fees / Finance,Low,synth_highacc,3,1
deposit concession refund waiver charges,Fees / Finance,Medium,synth_highacc,3,0
payment tuition outstanding refund invoice,Fees / Finance,Medium,synth_highacc,3,0
treasury charges department bank loan,Fees / Finance,Medium,synth_highacc,3,0
grant bill approved deposit receipt,Fees / Finance,Medium,synth_highacc,3,0
withdrawal receipt processed waiver tuition,Fees / Finance,Medium,synth_highacc,3,0
waiver charges rejected fund budget,Fees / Finance,Low,synth_highacc,3,1
budget finance allocation bank outstanding,Fees / Finance,Medium,synth_highacc,3,0
invoice concession credit bill tax,Fees / Finance,Medium,synth_highacc,3,0
reimbursement concession pending finance account,Fees / Finance,High,synth_highacc,3,2
outstanding tuition amount due invoice,Fees / Finance,High,synth_highacc,3,2
grant charges approved waiver receipt,Fees / Finance,Medium,synth_highacc,3,0
concession interest fund reimbursement tuition,Fees / Finance,High,synth_highacc,3,2
account grant waiver deduction due,Fees / Finance,High,synth_highacc,3,2
outstanding scholarship amount installment credit,Fees / Finance,Low,synth_highacc,3,1
stipend fee disbursed transaction transaction,Fees / Finance,Medium,synth_highacc,3,0
waiver loan rejected grant gst,Fees / Finance,Low,synth_highacc,3,1
fund budget waiver interest interest,Fees / Finance,Medium,synth_highacc,3,0
withdrawal reimbursement processed installment fee,Fees / Finance,High,synth_highacc,3,2
loan fund application bill loan,Fees / Finance,Low,synth_highacc,3,1
receipt scholarship generated fee reimbursement,Fees / Finance,Low,synth_highacc,3,1
fee payment pending finance tax,Fees / Finance,High,synth_highacc,3,2
stipend fund disbursed waiver grant,Fees / Finance,Medium,synth_highacc,3,0
bill tax incorrect credit account,Fees / Finance,Medium,synth_highacc,3,0
finance treasury deduction grant stipend,Fees / Finance,Medium,synth_highacc,3,0
cashier loan bill loan bill,Fees / Finance,Low,synth_highacc,3,1
invoice payment transaction bill due,Fees / Finance,High,synth_highacc,3,2
account bill credited installment bill,Fees / Finance,High,synth_highacc,3,2
bank charges transfer tax account,Fees / Finance,Medium,synth_highacc,3,0
loan tax application gst grant,Fees / Finance,Medium,synth_highacc,3,0
tax gst account tax fee,Fees / Finance,High,synth_highacc,3,2
cashier finance counter deposit cashier,Fees / Finance,Medium,synth_highacc,3,0
waiver stipend rejected refund refund,Fees / Finance,High,synth_highacc,3,2
treasury stipend department invoice outstanding,Fees / Finance,High,synth_highacc,3,2
transaction transaction withdrawal bank cashier,Fees / Finance,Medium,synth_highacc,3,0
interest installment rate withdrawal installment,Fees / Finance,Low,synth_highacc,3,1
treasury tuition department interest scholarship,Fees / Finance,Medium,synth_highacc,3,0
waiver fee rejected outstanding charges,Fees / Finance,High,synth_highacc,3,2
treasury concession department budget reimbursement,Fees / Finance,Medium,synth_highacc,3,0
fee bank pending refund interest,Fees / Finance,High,synth_highacc,3,2
reimbursement treasury pending scholarship outstanding,Fees / Finance,High,synth_highacc,3,2
interest scholarship loan waiver payment,Fees / Finance,Medium,synth_highacc,3,0
cashier installment counter bill deposit,Fees / Finance,Low,synth_highacc,3,1
withdrawal treasury bill tuition cashier,Fees / Finance,Medium,synth_highacc,3,0
due deposit fee invoice account,Fees / Finance,High,synth_highacc,3,2
payment transaction gateway gst stipend,Fees / Finance,Low,synth_highacc,3,1
due deposit finance due account,Fees / Finance,High,synth_highacc,3,2
scholarship concession installment tuition transaction,Fees / Finance,High,synth_highacc,3,2
cashier due budget loan grant,Fees / Finance,Low,synth_highacc,3,1
outstanding gst amount bank credit,Fees / Finance,High,synth_highacc,3,2
fee reimbursement structure scholarship treasury,Fees / Finance,Low,synth_highacc,3,1
installment bank charges receipt fund,Fees / Finance,Medium,synth_highacc,3,0
payment outstanding failed debit grant,Fees / Finance,High,synth_highacc,3,2
withdrawal grant processed outstanding treasury,Fees / Finance,Low,synth_highacc,3,1
interest tax rate fee loan,Fees / Finance,Medium,synth_highacc,3,0
bill waiver incorrect withdrawal refund,Fees / Finance,Low,synth_highacc,3,1
waiver reimbursement rejected tax cashier,Fees / Finance,Medium,synth_highacc,3,0
withdrawal cashier receipt tuition treasury,Fees / Finance,High,synth_highacc,3,2
stipend fund disbursed charges finance,Fees / Finance,High,synth_highacc,3,2
due deduction date withdrawal concession,Fees / Finance,High,synth_highacc,3,2
deposit account refund waiver fee,Fees / Finance,High,synth_highacc,3,2
fee tuition fee budget,Fees / Finance,Low,synth_highacc,3,1
interest receipt rate gst reimbursement,Fees / Finance,Low,synth_highacc,3,1
fee loan structure treasury deduction,Fees / Finance,Low,synth_highacc,3,1
payment installment scholarship refund credit,Fees / Finance,High,synth_highacc,3,2
tax invoice deduction invoice installment,Fees / Finance,High,synth_highacc,3,2
finance treasury grant account invoice,Fees / Finance,High,synth_highacc,3,2
concession treasury loan reimbursement charges,Fees / Finance,High,synth_highacc,3,2
invoice charges cashier bill tax,Fees / Finance,High,synth_highacc,3,2
outstanding waiver amount treasury bank,Fees / Finance,Low,synth_highacc,3,1
withdrawal scholarship grant tuition grant,Fees / Finance,Medium,synth_highacc,3,0
installment treasury treasury receipt account,Fees / Finance,Medium,synth_highacc,3,0
invoice due deduction bill fund,Fees / Finance,Low,synth_highacc,3,1
gst due charges receipt transaction,Fees / Finance,High,synth_highacc,3,2
refund tax process credit receipt,Fees / Finance,Medium,synth_highacc,3,0
withdrawal treasury processed receipt refund,Fees / Finance,Low,synth_highacc,3,1
invoice treasury gst bill payment,Fees / Finance,Medium,synth_highacc,3,0
cashier fee refund loan grant,Fees / Finance,Medium,synth_highacc,3,0
cashier concession fund loan fee,Fees / Finance,High,synth_highacc,3,2
withdrawal due processed outstanding tax,Fees / Finance,Medium,synth_highacc,3,0
fee tuition structure debit fee,Fees / Finance,Medium,synth_highacc,3,0
deposit outstanding refund invoice reimbursement,Fees / Finance,Medium,synth_highacc,3,0
due interest date fund scholarship,Fees / Finance,High,synth_highacc,3,2
gst installment charges stipend concession,Fees / Finance,Low,synth_highacc,3,1
finance loan office deduction account,Fees / Finance,High,synth_highacc,3,2
scholarship grant deduction tuition interest,Fees / Finance,High,synth_highacc,3,2
bill receipt incorrect reimbursement due,Fees / Finance,Low,synth_highacc,3,1
tax gst deduction deduction bill,Fees / Finance,Low,synth_highacc,3,1
stipend payment finance grant due,Fees / Finance,Medium,synth_highacc,3,0
invoice interest due bill gst,Fees / Finance,Low,synth_highacc,3,1
scholarship concession scholarship tuition concession,Fees / Finance,High,synth_highacc,3,2
scholarship fund invoice tuition credit,Fees / Finance,High,synth_highacc,3,2
outstanding withdrawal amount charges transaction,Fees / Finance,High,synth_highacc,3,2
stipend debit disbursed tuition refund,Fees / Finance,High,synth_highacc,3,2
cashier due payment loan outstanding,Fees / Finance,High,synth_highacc,3,2
scholarship finance bill tuition fee,Fees / Finance,Low,synth_highacc,3,1
tax scholarship deduction interest receipt,Fees / Finance,Medium,synth_highacc,3,0
budget bank allocation tuition receipt,Fees / Finance,Low,synth_highacc,3,1
cashier debit counter tuition deduction,Fees / Finance,Medium,synth_highacc,3,0
scholarship fund not waiver invoice,Fees / Finance,High,synth_highacc,3,2
reimbursement bill pending waiver credit,Fees / Finance,Low,synth_highacc,3,1
stipend account disbursed concession tuition,Fees / Finance,Low,synth_highacc,3,1
withdrawal transaction budget tuition bank,Fees / Finance,High,synth_highacc,3,2
receipt bank generated gst finance,Fees / Finance,High,synth_highacc,3,2
scholarship bill receipt tuition grant,Fees / Finance,Low,synth_highacc,3,1
payment due installment refund fee,Fees / Finance,Low,synth_highacc,3,1
concession installment loan reimbursement budget,Fees / Finance,High,synth_highacc,3,2
refund outstanding process bill credit,Fees / Finance,Low,synth_highacc,3,1
tax cashier deduction withdrawal gst,Fees / Finance,Medium,synth_highacc,3,0
charges account refund outstanding account,Fees / Finance,High,synth_highacc,3,2
cashier installment counter interest reimbursement,Fees / Finance,Medium,synth_highacc,3,0
fee finance deduction invoice,Fees / Finance,High,synth_highacc,3,2
account stipend deposit deduction debit,Fees / Finance,Medium,synth_highacc,3,0
refund credit process cashier scholarship,Fees / Finance,Low,synth_highacc,3,1
credit debit transaction outstanding due,Fees / Finance,Low,synth_highacc,3,1
interest refund scholarship waiver stipend,Fees / Finance,Medium,synth_highacc,3,0
fund budget tax treasury concession,Fees / Finance,High,synth_highacc,3,2
scholarship charges eligibility refund receipt,Fees / Finance,High,synth_highacc,3,2
installment account bank receipt payment,Fees / Finance,Medium,synth_highacc,3,0
loan invoice application tuition finance,Fees / Finance,High,synth_highacc,3,2
deduction waiver wrong budget deduction,Fees / Finance,High,synth_highacc,3,2
due waiver date debit invoice,Fees / Finance,Medium,synth_highacc,3,0
tax gst receipt finance budget,Fees / Finance,Low,synth_highacc,3,1
bill debit incorrect tuition outstanding,Fees / Finance,High,synth_highacc,3,2
cashier scholarship counter tax transaction,Fees / Finance,Low,synth_highacc,3,1
budget charges allocation account grant,Fees / Finance,Medium,synth_highacc,3,0
finance treasury charges deduction reimbursement,Fees / Finance,Medium,synth_highacc,3,0
stipend concession bill grant refund,Fees / Finance,High,synth_highacc,3,2
reimbursement scholarship pending cashier bill,Fees / Finance,Low,synth_highacc,3,1
finance charges office budget bank,Fees / Finance,Medium,synth_highacc,3,0
tax gst loan bank bank,Fees / Finance,High,synth_highacc,3,2
concession debit applied installment budget,Fees / Finance,High,synth_highacc,3,2
cashier credit counter outstanding charges,Fees / Finance,Medium,synth_highacc,3,0
fee tax finance finance,Fees / Finance,Medium,synth_highacc,3,0
account debit credited transaction fee,Fees / Finance,Medium,synth_highacc,3,0
scholarship refund outstanding tuition deposit,Fees / Finance,Low,synth_highacc,3,1
account withdrawal credited fund outstanding,Fees / Finance,High,synth_highacc,3,2
account gst due deduction finance,Fees / Finance,Low,synth_highacc,3,1
concession fee applied budget credit,Fees / Finance,Low,synth_highacc,3,1
installment loan option finance installment,Fees / Finance,Low,synth_highacc,3,1
treasury interest department bank charges,Fees / Finance,High,synth_highacc,3,2
payment payment gateway charges charges,Fees / Finance,Low,synth_highacc,3,1
withdrawal fund processed account stipend,Fees / Finance,High,synth_highacc,3,2
finance fee office tuition grant,Fees / Finance,High,synth_highacc,3,2
scholarship withdrawal not refund loan,Fees / Finance,Medium,synth_highacc,3,0
scholarship cashier eligibility credit installment,Fees / Finance,High,synth_highacc,3,2
scholarship scholarship not deposit stipend,Fees / Finance,Low,synth_highacc,3,1
credit debit grant stipend charges,Fees / Finance,High,synth_highacc,3,2
scholarship stipend stipend tuition account,Fees / Finance,High,synth_highacc,3,2
concession tuition applied credit bill,Fees / Finance,Medium,synth_highacc,3,0
charges invoice outstanding outstanding credit,Fees / Finance,High,synth_highacc,3,2
scholarship debit eligibility waiver reimbursement,Fees / Finance,Medium,synth_highacc,3,0
loan tax application cashier scholarship,Fees / Finance,Low,synth_highacc,3,1
receipt reimbursement generated gst due,Fees / Finance,High,synth_highacc,3,2
interest invoice rate outstanding loan,Fees / Finance,Medium,synth_highacc,3,0
budget stipend allocation tuition deduction,Fees / Finance,Medium,synth_highacc,3,0
transaction installment fund bank account,Fees / Finance,Medium,synth_highacc,3,0
invoice receipt bank bill cashier,Fees / Finance,Low,synth_highacc,3,1
deposit transaction refund due transaction,Fees / Finance,Low,synth_highacc,3,1
interest payment rate loan budget,Fees / Finance,High,synth_highacc,3,2
waiver bill rejected outstanding reimbursement,Fees / Finance,Medium,synth_highacc,3,0
deduction payment wrong loan deduction,Fees / Finance,Low,synth_highacc,3,1
payment debit withdrawal refund concession,Fees / Finance,Medium,synth_highacc,3,0
stipend concession disbursed waiver due,Fees / Finance,High,synth_highacc,3,2
outstanding withdrawal amount gst charges,Fees / Finance,Medium,synth_highacc,3,0
reimbursement bill pending interest bank,Fees / Finance,Medium,synth_highacc,3,0
tax gst outstanding stipend loan,Fees / Finance,Low,synth_highacc,3,1
cashier reimbursement loan loan charges,Fees / Finance,Low,synth_highacc,3,1
budget bank allocation loan account,Fees / Finance,Low,synth_highacc,3,1
withdrawal transaction processed bank finance,Fees / Finance,Low,synth_highacc,3,1
scholarship waiver bill tuition gst,Fees / Finance,Medium,synth_highacc,3,0
receipt account generated credit refund,Fees / Finance,High,synth_highacc,3,2
refund reimbursement delayed transaction stipend,Fees / Finance,Medium,synth_highacc,3,0
waiver bank rejected interest invoice,Fees / Finance,Low,synth_highacc,3,1
transaction due error transaction charges,Fees / Finance,Medium,synth_highacc,3,0
cashier fee deposit loan concession,Fees / Finance,High,synth_highacc,3,2
withdrawal loan processed outstanding loan,Fees / Finance,High,synth_highacc,3,2
outstanding transaction amount gst concession,Fees / Finance,High,synth_highacc,3,2
credit debit outstanding refund bill,Fees / Finance,High,synth_highacc,3,2
concession invoice applied interest payment,Fees / Finance,Medium,synth_highacc,3,0
budget debit allocation gst reimbursement,Fees / Finance,Low,synth_highacc,3,1
refund scholarship delayed deduction withdrawal,Fees / Finance,Low,synth_highacc,3,1
refund cashier process deduction payment,Fees / Finance,Low,synth_highacc,3,1
waiver gst rejected installment deposit,Fees / Finance,Medium,synth_highacc,3,0
stipend due waiver grant deposit,Fees / Finance,Low,synth_highacc,3,1
outstanding stipend amount fund transaction,Fees / Finance,High,synth_highacc,3,2
account stipend credited grant stipend,Fees / Finance,Low,synth_highacc,3,1
fee reimbursement pending reimbursement interest,Fees / Finance,Medium,synth_highacc,3,0
concession installment applied credit gst,Fees / Finance,High,synth_highacc,3,2
bank gst transfer loan bank,Fees / Finance,High,synth_highacc,3,2
account budget credited bill installment,Fees / Finance,Low,synth_highacc,3,1
fund budget interest outstanding withdrawal,Fees / Finance,Medium,synth_highacc,3,0
invoice grant installment bill fee,Fees / Finance,Medium,synth_highacc,3,0
tax cashier deduction budget account,Fees / Finance,High,synth_highacc,3,2
finance bill office deduction account,Fees / Finance,Medium,synth_highacc,3,0
fee due pending refund interest,Fees / Finance,High,synth_highacc,3,2
payment due failed charges debit,Fees / Finance,Low,synth_highacc,3,1
fee transaction treasury interest,Fees / Finance,High,synth_highacc,3,2
tax outstanding deduction invoice loan,Fees / Finance,Medium,synth_highacc,3,0
concession due finance reimbursement payment,Fees / Finance,Low,synth_highacc,3,1
scholarship cashier eligibility due tuition,Fees / Finance,High,synth_highacc,3,2
payment stipend gateway outstanding tax,Fees / Finance,Medium,synth_highacc,3,0
tax outstanding deduction invoice stipend,Fees / Finance,High,synth_highacc,3,2
fee payment structure treasury bank,Fees / Finance,High,synth_highacc,3,2
installment transaction waiver receipt charges,Fees / Finance,High,synth_highacc,3,2
finance treasury reimbursement bank scholarship,Fees / Finance,Medium,synth_highacc,3,0
receipt budget generated reimbursement scholarship,Fees / Finance,Medium,synth_highacc,3,0
fee withdrawal pending tuition deposit,Fees / Finance,Low,synth_highacc,3,1
refund account process receipt bank,Fees / Finance,High,synth_highacc,3,2
refund waiver delayed interest cashier,Fees / Finance,High,synth_highacc,3,2
deposit stipend refund receipt reimbursement,Fees / Finance,Low,synth_highacc,3,1
fee bill withdrawal loan,Fees / Finance,Medium,synth_highacc,3,0
refund due process budget concession,Fees / Finance,Low,synth_highacc,3,1
account credit transaction deduction deposit,Fees / Finance,Low,synth_highacc,3,1
stipend withdrawal invoice grant budget,Fees / Finance,Medium,synth_highacc,3,0
invoice invoice bill bill payment,Fees / Finance,Medium,synth_highacc,3,0
installment interest option stipend bill,Fees / Finance,Medium,synth_highacc,3,0
grant withdrawal approved concession account,Fees / Finance,High,synth_highacc,3,2
payment payment failed invoice debit,Fees / Finance,Low,synth_highacc,3,1
deposit transaction refund debit interest,Fees / Finance,Low,synth_highacc,3,1
fund budget bill installment tax,Fees / Finance,High,synth_highacc,3,2
scholarship invoice eligibility tuition payment,Fees / Finance,Medium,synth_highacc,3,0
scholarship tax eligibility refund deduction,Fees / Finance,Low,synth_highacc,3,1
scholarship deposit scholarship tuition outstanding,Fees / Finance,Low,synth_highacc,3,1
due deposit refund tuition interest,Fees / Finance,High,synth_highacc,3,2
fee receipt invoice credit,Fees / Finance,High,synth_highacc,3,2
stipend account reimbursement grant payment,Fees / Finance,Low,synth_highacc,3,1
cashier cashier reimbursement loan reimbursement,Fees / Finance,Low,synth_highacc,3,1
loan finance application deposit tuition,Fees / Finance,Low,synth_highacc,3,1
stipend fee disbursed withdrawal credit,Fees / Finance,High,synth_highacc,3,2
stipend loan bank grant fee,Fees / Finance,High,synth_highacc,3,2
account credit deposit deduction outstanding,Fees / Finance,Medium,synth_highacc,3,0
deposit account refund gst receipt,Fees / Finance,Low,synth_highacc,3,1
installment grant option tax credit,Fees / Finance,High,synth_highacc,3,2
tax gst budget invoice waiver,Fees / Finance,Low,synth_highacc,3,1
finance invoice office withdrawal bill,Fees / Finance,Medium,synth_highacc,3,0
scholarship stipend eligibility loan refund,Fees / Finance,Low,synth_highacc,3,1
refund due delayed invoice grant,Fees / Finance,Medium,synth_highacc,3,0
finance interest office gst debit,Fees / Finance,High,synth_highacc,3,2
bank loan transfer tax deduction,Fees / Finance,Low,synth_highacc,3,1
treasury stipend department account fee,Fees / Finance,High,synth_highacc,3,2
cashier receipt counter fund gst,Fees / Finance,High,synth_highacc,3,2
outstanding installment amount invoice transaction,Fees / Finance,Medium,synth_highacc,3,0
transaction receipt error bank tuition,Fees / Finance,Medium,synth_highacc,3,0
stipend concession deduction grant fund,Fees / Finance,Low,synth_highacc,3,1
tax gst tax due cashier,Fees / Finance,High,synth_highacc,3,2
refund cashier process fund reimbursement,Fees / Finance,Medium,synth_highacc,3,0
outstanding fund amount due deposit,Fees / Finance,Medium,synth_highacc,3,0
cashier charges receipt loan invoice,Fees / Finance,Medium,synth_highacc,3,0
cashier due counter debit bill,Fees / Finance,Low,synth_highacc,3,1
account scholarship tuition deduction due,Fees / Finance,High,synth_highacc,3,2
payment account grant refund waiver,Fees / Finance,Low,synth_highacc,3,1
payment receipt failed tuition withdrawal,Fees / Finance,Medium,synth_highacc,3,0
finance deduction office loan due,Fees / Finance,Medium,synth_highacc,3,0
loan treasury application concession payment,Fees / Finance,Low,synth_highacc,3,1
account invoice credited grant gst,Fees / Finance,Medium,synth_highacc,3,0
bill gst incorrect charges refund,Fees / Finance,Low,synth_highacc,3,1
concession interest bank reimbursement due,Fees / Finance,Medium,synth_highacc,3,0
finance treasury interest grant due,Fees / Finance,Low,synth_highacc,3,1
reimbursement due pending outstanding outstanding,Fees / Finance,High,synth_highacc,3,2
interest deposit scholarship waiver fund,Fees / Finance,Medium,synth_highacc,3,0
cashier grant counter reimbursement loan,Fees / Finance,Medium,synth_highacc,3,0
installment payment refund receipt bill,Fees / Finance,Medium,synth_highacc,3,0
installment payment option concession grant,Fees / Finance,Low,synth_highacc,3,1
account reimbursement credited reimbursement budget,Fees / Finance,Medium,synth_highacc,3,0
installment finance finance receipt finance,Fees / Finance,High,synth_highacc,3,2
payment installment failed tuition interest,Fees / Finance,Low,synth_highacc,3,1
scholarship bank not payment waiver,Fees / Finance,Low,synth_highacc,3,1
finance tax office deposit budget,Fees / Finance,Medium,synth_highacc,3,0
payment outstanding payment refund waiver,Fees / Finance,Medium,synth_highacc,3,0
reimbursement grant pending waiver receipt,Fees / Finance,Medium,synth_highacc,3,0
account credit concession deduction due,Fees / Finance,High,synth_highacc,3,2
scholarship concession eligibility bank interest,Fees / Finance,Medium,synth_highacc,3,0
account deduction credited due tuition,Fees / Finance,High,synth_highacc,3,2
fund budget loan treasury scholarship,Fees / Finance,Medium,synth_highacc,3,0
reimbursement fund pending debit installment,Fees / Finance,High,synth_highacc,3,2
stipend receipt disbursed concession cashier,Fees / Finance,Low,synth_highacc,3,1
reimbursement withdrawal pending outstanding tax,Fees / Finance,Low,synth_highacc,3,1
installment tuition option interest deposit,Fees / Finance,Medium,synth_highacc,3,0
account waiver credited deduction budget,Fees / Finance,Medium,synth_highacc,3,0
due deposit deposit charges account,Fees / Finance,Low,synth_highacc,3,1
tax withdrawal deduction account due,Fees / Finance,Low,synth_highacc,3,1
outstanding charges amount cashier tax,Fees / Finance,High,synth_highacc,3,2
fee scholarship structure withdrawal deduction,Fees / Finance,Medium,synth_highacc,3,0
finance transaction office finance transaction,Fees / Finance,High,synth_highacc,3,2
due interest date tax budget,Fees / Finance,Medium,synth_highacc,3,0
invoice credit budget bill cashier,Fees / Finance,Medium,synth_highacc,3,0
gst bank charges treasury finance,Fees / Finance,Medium,synth_highacc,3,0
charges invoice transaction outstanding deduction,Fees / Finance,Low,synth_highacc,3,1
charges interest charges outstanding due,Fees / Finance,High,synth_highacc,3,2
account tax credited refund deduction,Fees / Finance,Low,synth_highacc,3,1
withdrawal bill payment tuition treasury,Fees / Finance,Medium,synth_highacc,3,0
valve valve damaged tile carpenter,Maintenance,High,synth_highacc,4,2
drain electrician overflowing repair crack,Maintenance,Medium,synth_highacc,4,0
dust repairman accumulation leak garbage,Maintenance,Medium,synth_highacc,4,0
valve crack damaged mopping plaster,Maintenance,Low,synth_highacc,4,1
wire switch gutter ladder paint,Maintenance,High,synth_highacc,4,2
valve drain damaged pipeline fuse,Maintenance,Medium,synth_highacc,4,0
cement brick socket sewage paint,Maintenance,Medium,synth_highacc,4,0
leak drain water sweeping socket,Maintenance,Medium,synth_highacc,4,0
mopping cement hole garbage tile,Maintenance,Low,synth_highacc,4,1
pipeline drill garbage fixture fuse,Maintenance,High,synth_highacc,4,2
crack wrench fixture hole cleaning,Maintenance,High,synth_highacc,4,2
wire switch maintenance fixture dust,Maintenance,Medium,synth_highacc,4,0
wire socket exposed bulb cement,Maintenance,Medium,synth_highacc,4,0
gutter cleaning blocked repairman electrician,Maintenance,High,synth_highacc,4,2
dust carpenter accumulation repair socket,Maintenance,Medium,synth_highacc,4,0
construction sweeping debris repairman cleaning,Maintenance,High,synth_highacc,4,2
wire switch fixture socket drill,Maintenance,Medium,synth_highacc,4,0
plumber mopping fuse repairman,Maintenance,Low,synth_highacc,4,1
pipe socket joint repairman wire,Maintenance,Low,synth_highacc,4,1
plaster maintenance falling garbage carpenter,Maintenance,Medium,synth_highacc,4,0
cement brick wrench screwdriver garbage,Maintenance,Medium,synth_highacc,4,0
floor dust mopping hole brick,Maintenance,High,synth_highacc,4,2
wrench ladder ladder leak construction,Maintenance,Medium,synth_highacc,4,0
dust valve accumulation maintenance hammer,Maintenance,High,synth_highacc,4,2
electrician repair tile repair drill,Maintenance,High,synth_highacc,4,2
socket fuse plumber mopping pipe,Maintenance,High,synth_highacc,4,2
drain sewage maintenance gutter crack,Maintenance,Low,synth_highacc,4,1
repairman socket pipeline maintenance plaster,Maintenance,High,synth_highacc,4,2
wire garbage exposed maintenance drill,Maintenance,Medium,synth_highacc,4,0
paint plaster job fuse tile,Maintenance,High,synth_highacc,4,2
garbage maintenance removal tube pipe,Maintenance,Low,synth_highacc,4,1
tube cleaning flicker tile mopping,Maintenance,Medium,synth_highacc,4,0
cleaning switch required electrician electrician,Maintenance,High,synth_highacc,4,2
fixture switch replacement crack hammer,Maintenance,Low,synth_highacc,4,1
wrench ladder brick repair mopping,Maintenance,High,synth_highacc,4,2
paint sewage peeling fuse cement,Maintenance,Low,synth_highacc,4,1
switch brick spark gutter paint,Maintenance,Low,synth_highacc,4,1
floor pipeline mopping dust hammer,Maintenance,High,synth_highacc,4,2
drain paint overflowing switch wire,Maintenance,Low,synth_highacc,4,1
pipeline tube wrench fixture sweeping,Maintenance,Low,synth_highacc,4,1
paint wire peeling sewage wire,Maintenance,Medium,synth_highacc,4,0
roof pipe leak garbage tile,Maintenance,Medium,synth_highacc,4,0
bulb tube electrician tube fuse,Maintenance,Low,synth_highacc,4,1
drill drill noise socket cleaning,Maintenance,High,synth_highacc,4,2
wire hammer exposed crack plumber,Maintenance,Medium,synth_highacc,4,0
socket fuse maintenance mopping wire,Maintenance,High,synth_highacc,4,2
socket dust loose sewage fuse,Maintenance,Low,synth_highacc,4,1
tile pipe valve repair repair,Maintenance,Medium,synth_highacc,4,0
hammer screwdriver construction screwdriver sewage,Maintenance,High,synth_highacc,4,2
dust carpenter accumulation plumber fuse,Maintenance,High,synth_highacc,4,2
drill sweeping noise repairman mopping,Maintenance,High,synth_highacc,4,2
switch plaster spark valve carpenter,Maintenance,High,synth_highacc,4,2
renovation fuse brick construction ladder,Maintenance,Medium,synth_highacc,4,0
leak hammer water plaster crack,Maintenance,Medium,synth_highacc,4,0
floor pipeline mopping dust cement,Maintenance,Medium,synth_highacc,4,0
wire switch maintenance carpenter plaster,Maintenance,Medium,synth_highacc,4,0
pipeline cleaning dust fixture tube,Maintenance,Medium,synth_highacc,4,0
drill fuse noise pipeline maintenance,Maintenance,Medium,synth_highacc,4,0
repairman maintenance wrench maintenance cement,Maintenance,High,synth_highacc,4,2
valve drill damaged repair pipe,Maintenance,Low,synth_highacc,4,1
crack switch tile hole carpenter,Maintenance,Medium,synth_highacc,4,0
wrench ladder brick hammer dust,Maintenance,Low,synth_highacc,4,1
drain carpenter overflowing drill construction,Maintenance,High,synth_highacc,4,2
construction wrench debris hammer wrench,Maintenance,Low,synth_highacc,4,1
roof cement leak paint construction,Maintenance,Low,synth_highacc,4,1
mopping tube tile garbage brick,Maintenance,High,synth_highacc,4,2
sewage bulb backup gutter drain,Maintenance,Low,synth_highacc,4,1
garbage plumber removal pipeline gutter,Maintenance,Low,synth_highacc,4,1
tube leak flicker socket wrench,Maintenance,High,synth_highacc,4,2
tile pipe renovation electrician tube,Maintenance,High,synth_highacc,4,2
wire paint exposed mopping cleaning,Maintenance,High,synth_highacc,4,2
tile pipe maintenance cement electrician,Maintenance,Low,synth_highacc,4,1
tile screwdriver cracked hammer bulb,Maintenance,High,synth_highacc,4,2
valve plumber damaged renovation carpenter,Maintenance,High,synth_highacc,4,2
drill drill noise maintenance gutter,Maintenance,Low,synth_highacc,4,1
mopping repair tube garbage maintenance,Maintenance,Low,synth_highacc,4,1
paint leak job valve sewage,Maintenance,Medium,synth_highacc,4,0
cement brick mopping fuse tile,Maintenance,Low,synth_highacc,4,1
crack mopping repair crack electrician,Maintenance,Low,synth_highacc,4,1
repairman sweeping mopping maintenance tube,Maintenance,High,synth_highacc,4,2
pipe cement joint paint repairman,Maintenance,Medium,synth_highacc,4,0
paint repairman peeling sewage plaster,Maintenance,Medium,synth_highacc,4,0
valve hole damaged cleaning ladder,Maintenance,Low,synth_highacc,4,1
drain drill overflowing sweeping screwdriver,Maintenance,Medium,synth_highacc,4,0
cleaning sewage required dust crack,Maintenance,Medium,synth_highacc,4,0
switch tile spark dust dust,Maintenance,Low,synth_highacc,4,1
carpenter ladder renovation leak hammer,Maintenance,High,synth_highacc,4,2
dust cement wrench drill pipeline,Maintenance,High,synth_highacc,4,2
fixture pipeline replacement crack tube,Maintenance,Medium,synth_highacc,4,0
paint crack peeling screwdriver repairman,Maintenance,Low,synth_highacc,4,1
socket fuse repairman socket pipeline,Maintenance,Medium,synth_highacc,4,0
valve gutter gutter repair valve,Maintenance,Low,synth_highacc,4,1
carpenter ladder hole leak ladder,Maintenance,Medium,synth_highacc,4,0
tube hole flicker hammer gutter,Maintenance,Medium,synth_highacc,4,0
crack fuse wall drain crack,Maintenance,High,synth_highacc,4,2
electrician paint hammer repair tile,Maintenance,Low,synth_highacc,4,1
bulb carpenter fused crack garbage,Maintenance,High,synth_highacc,4,2
drain sewage maintenance drain hammer,Maintenance,High,synth_highacc,4,2
plaster fuse falling renovation tile,Maintenance,Low,synth_highacc,4,1
renovation crack sewage construction fuse,Maintenance,High,synth_highacc,4,2
tile pipe dust fixture electrician,Maintenance,Low,synth_highacc,4,1
bulb paint fused plumber brick,Maintenance,High,synth_highacc,4,2
gutter hammer blocked mopping sewage,Maintenance,High,synth_highacc,4,2
drain repairman overflowing cleaning mopping,Maintenance,Medium,synth_highacc,4,0
cement brick plaster plaster plumber,Maintenance,Low,synth_highacc,4,1
wire switch electrician pipe electrician,Maintenance,Low,synth_highacc,4,1
gutter cement blocked socket dust,Maintenance,High,synth_highacc,4,2
maintenance pipe needed crack repairman,Maintenance,Medium,synth_highacc,4,0
bulb tube screwdriver dust electrician,Maintenance,Low,synth_highacc,4,1
repairman cement drill maintenance wrench,Maintenance,Medium,synth_highacc,4,0
electrician drill drain repair socket,Maintenance,Low,synth_highacc,4,1
valve gutter gutter mopping repair,Maintenance,Medium,synth_highacc,4,0
plumber hole dust garbage,Maintenance,Medium,synth_highacc,4,0
paint drain job sewage valve,Maintenance,Medium,synth_highacc,4,0
carpenter wrench mopping leak wrench,Maintenance,High,synth_highacc,4,2
garbage wrench removal switch repair,Maintenance,High,synth_highacc,4,2
electrician dust gutter repair maintenance,Maintenance,High,synth_highacc,4,2
paint plaster bulb garbage screwdriver,Maintenance,Low,synth_highacc,4,1
drain construction overflowing drill dust,Maintenance,Low,synth_highacc,4,1
repairman tube pipe maintenance screwdriver,Maintenance,Medium,synth_highacc,4,0
plaster switch falling ladder switch,Maintenance,High,synth_highacc,4,2
wire renovation exposed sewage hammer,Maintenance,Low,synth_highacc,4,1
valve gutter sweeping garbage cleaning,Maintenance,Medium,synth_highacc,4,0
repairman wire tube maintenance crack,Maintenance,High,synth_highacc,4,2
gutter plaster blocked tile pipe,Maintenance,Low,synth_highacc,4,1
dust wrench accumulation hole garbage,Maintenance,Medium,synth_highacc,4,0
drain sewage socket wire valve,Maintenance,Low,synth_highacc,4,1
electrician construction fuse repair construction,Maintenance,High,synth_highacc,4,2
repairman tile ladder maintenance carpenter,Maintenance,Low,synth_highacc,4,1
leak dust water paint switch,Maintenance,Low,synth_highacc,4,1
construction switch debris wrench fuse,Maintenance,Medium,synth_highacc,4,0
crack carpenter wall valve bulb,Maintenance,Low,synth_highacc,4,1
ceiling ladder repair sewage hole,Maintenance,High,synth_highacc,4,2
crack drill hammer hole paint,Maintenance,Low,synth_highacc,4,1
drill hole noise valve carpenter,Maintenance,High,synth_highacc,4,2
tile pipe brick paint wire,Maintenance,Medium,synth_highacc,4,0
repairman tube drill maintenance ladder,Maintenance,Medium,synth_highacc,4,0
roof hole leak cement cleaning,Maintenance,Medium,synth_highacc,4,0
socket fuse paint pipe drill,Maintenance,Medium,synth_highacc,4,0
crack plumber repair socket screwdriver,Maintenance,Medium,synth_highacc,4,0
valve gutter ladder brick crack,Maintenance,Medium,synth_highacc,4,0
switch garbage spark cleaning socket,Maintenance,Low,synth_highacc,4,1
pipe pipeline joint garbage switch,Maintenance,Low,synth_highacc,4,1
paint garbage peeling garbage hammer,Maintenance,High,synth_highacc,4,2
wire cleaning exposed electrician drill,Maintenance,Low,synth_highacc,4,1
crack plumber repair pipeline leak,Maintenance,Low,synth_highacc,4,1
leak maintenance water mopping brick,Maintenance,Medium,synth_highacc,4,0
crack mopping carpenter hole cement,Maintenance,High,synth_highacc,4,2
crack pipeline tube hole garbage,Maintenance,Medium,synth_highacc,4,0
wire valve exposed repairman maintenance,Maintenance,Medium,synth_highacc,4,0
plumber bulb pipeline cement,Maintenance,High,synth_highacc,4,2
bulb drill fused wire fixture,Maintenance,High,synth_highacc,4,2
drill drill noise construction mopping,Maintenance,Low,synth_highacc,4,1
drain sewage crack carpenter fixture,Maintenance,Medium,synth_highacc,4,0
socket plaster loose pipeline fixture,Maintenance,Medium,synth_highacc,4,0
mopping crack ladder garbage valve,Maintenance,Medium,synth_highacc,4,0
repair renovation urgent brick electrician,Maintenance,Low,synth_highacc,4,1
maintenance drain needed fuse socket,Maintenance,Medium,synth_highacc,4,0
roof dust leak ladder paint,Maintenance,High,synth_highacc,4,2
crack cleaning fuse hole ladder,Maintenance,Medium,synth_highacc,4,0
wire switch repair paint drill,Maintenance,Medium,synth_highacc,4,0
cleaning plumber required hammer renovation,Maintenance,Low,synth_highacc,4,1
paint drain job gutter fixture,Maintenance,High,synth_highacc,4,2
dust construction repairman drill tube,Maintenance,High,synth_highacc,4,2
floor gutter mopping plaster sweeping,Maintenance,High,synth_highacc,4,2
paint socket job hole maintenance,Maintenance,High,synth_highacc,4,2
garbage pipe removal cleaning hammer,Maintenance,Low,synth_highacc,4,1
bulb tube dust garbage crack,Maintenance,Low,synth_highacc,4,1
crack dust plaster hole screwdriver,Maintenance,Low,synth_highacc,4,1
plaster leak falling cleaning pipeline,Maintenance,Medium,synth_highacc,4,0
garbage valve removal pipeline mopping,Maintenance,Medium,synth_highacc,4,0
garbage wrench removal dust drill,Maintenance,High,synth_highacc,4,2
drain garbage overflowing brick cement,Maintenance,High,synth_highacc,4,2
socket fuse wrench hammer plaster,Maintenance,High,synth_highacc,4,2
sewage pipeline backup paint wire,Maintenance,Medium,synth_highacc,4,0
gutter carpenter blocked brick valve,Maintenance,Medium,synth_highacc,4,0
wire switch sewage garbage paint,Maintenance,Low,synth_highacc,4,1
switch gutter spark tube carpenter,Maintenance,High,synth_highacc,4,2
bulb tube paint cleaning repairman,Maintenance,Medium,synth_highacc,4,0
drain sewage tube wrench electrician,Maintenance,Low,synth_highacc,4,1
bulb tube drain garbage repair,Maintenance,Medium,synth_highacc,4,0
valve gutter wire tile wrench,Maintenance,Low,synth_highacc,4,1
wire switch valve construction leak,Maintenance,Low,synth_highacc,4,1
tube screwdriver flicker gutter repairman,Maintenance,High,synth_highacc,4,2
plaster renovation falling sweeping screwdriver,Maintenance,High,synth_highacc,4,2
dust plaster accumulation plaster ladder,Maintenance,High,synth_highacc,4,2
tile drill cracked drill cement,Maintenance,High,synth_highacc,4,2
pipe crack burst garbage sweeping,Maintenance,Low,synth_highacc,4,1
bulb renovation fused fixture carpenter,Maintenance,High,synth_highacc,4,2
plaster bulb falling crack brick,Maintenance,High,synth_highacc,4,2
electrician gutter repairman repair valve,Maintenance,High,synth_highacc,4,2
wire switch valve crack pipe,Maintenance,High,synth_highacc,4,2
maintenance gutter needed repair gutter,Maintenance,High,synth_highacc,4,2
cleaning screwdriver ladder sweeping electrician,Maintenance,Low,synth_highacc,4,1
valve fixture damaged tile electrician,Maintenance,Medium,synth_highacc,4,0
mopping socket drain garbage drill,Maintenance,Low,synth_highacc,4,1
maintenance sewage needed maintenance mopping,Maintenance,High,synth_highacc,4,2
carpenter wrench electrician leak renovation,Maintenance,Medium,synth_highacc,4,0
renovation garbage electrician construction pipeline,Maintenance,Medium,synth_highacc,4,0
socket fuse loose crack paint,Maintenance,Low,synth_highacc,4,1
maintenance brick needed tube cement,Maintenance,Low,synth_highacc,4,1
wrench ladder crack cement repairman,Maintenance,Medium,synth_highacc,4,0
wire brick exposed repair maintenance,Maintenance,Low,synth_highacc,4,1
electrician repair repairman repair sweeping,Maintenance,Low,synth_highacc,4,1
pipe cement burst garbage maintenance,Maintenance,Medium,synth_highacc,4,0
socket paint loose repair pipe,Maintenance,Low,synth_highacc,4,1
pipe sewage joint drain socket,Maintenance,Medium,synth_highacc,4,0
sewage ladder backup sweeping paint,Maintenance,Medium,synth_highacc,4,0
crack maintenance hammer hole valve,Maintenance,Medium,synth_highacc,4,0
paint plaster screwdriver electrician garbage,Maintenance,High,synth_highacc,4,2
dust electrician bulb drill valve,Maintenance,High,synth_highacc,4,2
wire hole exposed socket valve,Maintenance,High,synth_highacc,4,2
socket fuse repairman gutter garbage,Maintenance,Medium,synth_highacc,4,0
cement brick ladder wire cement,Maintenance,Medium,synth_highacc,4,0
maintenance brick needed socket fixture,Maintenance,Medium,synth_highacc,4,0
construction drill debris carpenter plumber,Maintenance,Medium,synth_highacc,4,0
drill tube noise brick plumber,Maintenance,Low,synth_highacc,4,1
gutter bulb blocked sewage fuse,Maintenance,High,synth_highacc,4,2
socket construction loose wire drain,Maintenance,High,synth_highacc,4,2
valve gutter carpenter brick fixture,Maintenance,High,synth_highacc,4,2
paint plaster repairman crack mopping,Maintenance,High,synth_highacc,4,2
wire switch plaster valve bulb,Maintenance,Medium,synth_highacc,4,0
mopping ladder maintenance garbage renovation,Maintenance,High,synth_highacc,4,2
wrench ladder drill bulb socket,Maintenance,High,synth_highacc,4,2
pipe renovation burst wire hammer,Maintenance,High,synth_highacc,4,2
leak electrician water plaster plumber,Maintenance,High,synth_highacc,4,2
gutter plumber blocked plumber tile,Maintenance,Medium,synth_highacc,4,0
construction wrench debris mopping fixture,Maintenance,Low,synth_highacc,4,1
fixture leak replacement fixture electrician,Maintenance,High,synth_highacc,4,2
plaster paint falling construction sweeping,Maintenance,High,synth_highacc,4,2
crack sweeping wall tile plumber,Maintenance,Low,synth_highacc,4,1
tile cleaning cracked pipe drill,Maintenance,Low,synth_highacc,4,1
dust electrician bulb drill construction,Maintenance,Low,synth_highacc,4,1
cement brick repairman switch switch,Maintenance,Medium,synth_highacc,4,0
switch carpenter spark bulb wrench,Maintenance,High,synth_highacc,4,2
floor sewage mopping wire plumber,Maintenance,Low,synth_highacc,4,1
pipeline mopping leakage paint bulb,Maintenance,High,synth_highacc,4,2
sewage wrench backup brick valve,Maintenance,Low,synth_highacc,4,1
valve gutter damaged sewage gutter,Maintenance,Low,synth_highacc,4,1
paint plaster drain plaster leak,Maintenance,Low,synth_highacc,4,1
wrench ladder gutter switch pipeline,Maintenance,High,synth_highacc,4,2
pipeline pipe electrician fixture fixture,Maintenance,High,synth_highacc,4,2
wrench ladder valve hammer plumber,Maintenance,Medium,synth_highacc,4,0
fixture repair replacement maintenance dust,Maintenance,Medium,synth_highacc,4,0
pipeline paint pipeline fixture hammer,Maintenance,Medium,synth_highacc,4,0
switch pipeline spark carpenter switch,Maintenance,Low,synth_highacc,4,1
pipeline garbage fixture fixture drill,Maintenance,Medium,synth_highacc,4,0
plumber mopping pipe renovation,Maintenance,Low,synth_highacc,4,1
cleaning electrician required switch dust,Maintenance,Low,synth_highacc,4,1
hammer pipe brick screwdriver renovation,Maintenance,Medium,synth_highacc,4,0
paint plaster hole electrician screwdriver,Maintenance,Medium,synth_highacc,4,0
electrician drain renovation repair fuse,Maintenance,Low,synth_highacc,4,1
tile pipe screwdriver socket renovation,Maintenance,Low,synth_highacc,4,1
leak pipeline water socket leak,Maintenance,High,synth_highacc,4,2
drill drill noise hole drill,Maintenance,High,synth_highacc,4,2
wire switch crack repair carpenter,Maintenance,Medium,synth_highacc,4,0
pipe leak burst plaster repair,Maintenance,Medium,synth_highacc,4,0
crack repairman dust hole leak,Maintenance,Low,synth_highacc,4,1
wire repair exposed valve repair,Maintenance,Medium,synth_highacc,4,0
socket mopping loose hole garbage,Maintenance,Low,synth_highacc,4,1
dust plumber accumulation hammer sweeping,Maintenance,Medium,synth_highacc,4,0
paint hole peeling renovation electrician,Maintenance,Medium,synth_highacc,4,0
repair renovation urgent drain pipe,Maintenance,Low,synth_highacc,4,1
tile pipe plumber sewage leak,Maintenance,High,synth_highacc,4,2
cleaning gutter plaster sweeping ladder,Maintenance,Medium,synth_highacc,4,0
crack garbage wall screwdriver drill,Maintenance,Low,synth_highacc,4,1
hammer plaster carpenter screwdriver repair,Maintenance,Low,synth_highacc,4,1
drain sewage drain dust ladder,Maintenance,High,synth_highacc,4,2
pipe construction joint repairman drain,Maintenance,High,synth_highacc,4,2
crack cement repair cement screwdriver,Maintenance,Medium,synth_highacc,4,0
dust renovation accumulation tube cleaning,Maintenance,Low,synth_highacc,4,1
repair drain urgent cement repair,Maintenance,Low,synth_highacc,4,1
sewage valve backup repair dust,Maintenance,Medium,synth_highacc,4,0
cleaning pipe pipe sweeping leak,Maintenance,Medium,synth_highacc,4,0
cleaning screwdriver hammer sweeping sewage,Maintenance,High,synth_highacc,4,2
leak drain water gutter renovation,Maintenance,High,synth_highacc,4,2
drain sewage garbage renovation brick,Maintenance,Low,synth_highacc,4,1
tile carpenter cracked wrench switch,Maintenance,Low,synth_highacc,4,1
pipeline switch leakage switch hammer,Maintenance,High,synth_highacc,4,2
mopping socket screwdriver garbage renovation,Maintenance,High,synth_highacc,4,2
socket wire loose mopping tile,Maintenance,Low,synth_highacc,4,1
switch plumber spark leak construction,Maintenance,Low,synth_highacc,4,1
construction paint debris cement tube,Maintenance,Medium,synth_highacc,4,0
cleaning drain cleaning sweeping carpenter,Maintenance,Low,synth_highacc,4,1
cleaning pipe tube sweeping tile,Maintenance,Low,synth_highacc,4,1
wrench ladder tile renovation valve,Maintenance,Low,synth_highacc,4,1
renovation pipe electrician construction tile,Maintenance,Medium,synth_highacc,4,0
tile pipe electrician plaster sweeping,Maintenance,High,synth_highacc,4,2
wire switch renovation wire repairman,Maintenance,Medium,synth_highacc,4,0
hammer cleaning cleaning screwdriver brick,Maintenance,High,synth_highacc,4,2
drill dust noise leak paint,Maintenance,Low,synth_highacc,4,1
socket fuse pipe pipe fixture,Maintenance,Medium,synth_highacc,4,0
ceiling cleaning repair maintenance sewage,Maintenance,Medium,synth_highacc,4,0
pipeline socket leakage carpenter drain,Maintenance,Low,synth_highacc,4,1
maintenance tube needed cement maintenance,Maintenance,Low,synth_highacc,4,1
crack bulb plaster hole ladder,Maintenance,High,synth_highacc,4,2
drain wire overflowing crack screwdriver,Maintenance,High,synth_highacc,4,2
drill leak noise brick ladder,Maintenance,Medium,synth_highacc,4,0
pipe ladder joint cleaning wrench,Maintenance,High,synth_highacc,4,2
tile tile cracked maintenance cleaning,Maintenance,High,synth_highacc,4,2
ceiling screwdriver repair wrench screwdriver,Maintenance,Medium,synth_highacc,4,0
garbage mopping removal drain carpenter,Maintenance,Low,synth_highacc,4,1
dust pipe drill drill socket,Maintenance,Medium,synth_highacc,4,0
mopping repairman dust garbage sweeping,Maintenance,High,synth_highacc,4,2
repairman cleaning fuse maintenance valve,Maintenance,Low,synth_highacc,4,1
socket fuse crack tube drill,Maintenance,High,synth_highacc,4,2
crack switch wall drain carpenter,Maintenance,Medium,synth_highacc,4,0
sewage renovation backup dust drill,Maintenance,Medium,synth_highacc,4,0
paint garbage peeling cleaning wrench,Maintenance,Medium,synth_highacc,4,0
pipeline sweeping electrician fixture tile,Maintenance,Medium,synth_highacc,4,0
dust fuse leak drill construction,Maintenance,Low,synth_highacc,4,1
valve gutter ladder ladder fixture,Maintenance,High,synth_highacc,4,2
cement brick bulb switch hole,Maintenance,Low,synth_highacc,4,1
paint plaster cleaning carpenter fixture,Maintenance,Low,synth_highacc,4,1
leak pipe water renovation fuse,Maintenance,Medium,synth_highacc,4,0
paint bulb job pipe sewage,Maintenance,Low,synth_highacc,4,1
pipe fixture joint fuse plumber,Maintenance,Medium,synth_highacc,4,0
valve gutter construction mopping mopping,Maintenance,High,synth_highacc,4,2
pipe plumber joint screwdriver ladder,Maintenance,Low,synth_highacc,4,1
bulb switch fused switch wire,Maintenance,Medium,synth_highacc,4,0
dust pipeline drain drill valve,Maintenance,Medium,synth_highacc,4,0
roof hammer leak renovation crack,Maintenance,Medium,synth_highacc,4,0
cleaning dust garbage sweeping wire,Maintenance,Medium,synth_highacc,4,0
plaster valve falling electrician cleaning,Maintenance,Low,synth_highacc,4,1
cleaning plaster required repairman plumber,Maintenance,Medium,synth_highacc,4,0
valve construction damaged renovation switch,Maintenance,Medium,synth_highacc,4,0
paint mopping peeling fixture repairman,Maintenance,Medium,synth_highacc,4,0
garbage electrician removal gutter carpenter,Maintenance,Low,synth_highacc,4,1
bulb tube renovation gutter sewage,Maintenance,High,synth_highacc,4,2
cleaning mopping required sweeping wire,Maintenance,Medium,synth_highacc,4,0
paint plaster fixture sweeping pipe,Maintenance,Medium,synth_highacc,4,0
tile pipe renovation gutter drill,Maintenance,High,synth_highacc,4,2
drain sewage crack brick hole,Maintenance,High,synth_highacc,4,2
construction tile debris carpenter sewage,Maintenance,Medium,synth_highacc,4,0
electrician tile pipe repair leak,Maintenance,Medium,synth_highacc,4,0
valve gutter wire switch tube,Maintenance,High,synth_highacc,4,2
repair leak urgent hammer repair,Maintenance,Medium,synth_highacc,4,0
repair plumber urgent brick maintenance,Maintenance,Medium,synth_highacc,4,0
bulb brick fused paint plaster,Maintenance,High,synth_highacc,4,2
tube screwdriver flicker leak sweeping,Maintenance,Low,synth_highacc,4,1
socket fuse wire repairman dust,Maintenance,High,synth_highacc,4,2
valve screwdriver damaged brick sewage,Maintenance,High,synth_highacc,4,2
drain sewage drain pipe ladder,Maintenance,High,synth_highacc,4,2
wire hammer exposed bulb pipe,Maintenance,Low,synth_highacc,4,1
bulb tube drill leak mopping,Maintenance,High,synth_highacc,4,2
hammer pipeline renovation screwdriver gutter,Maintenance,Medium,synth_highacc,4,0
tile hammer cracked gutter carpenter,Maintenance,High,synth_highacc,4,2
cement brick tube hammer construction,Maintenance,High,synth_highacc,4,2
floor repairman mopping mopping tile,Maintenance,Medium,synth_highacc,4,0
hammer tile dust screwdriver hammer,Maintenance,Medium,synth_highacc,4,0
valve tile damaged gutter hole,Maintenance,Medium,synth_highacc,4,0
ceiling carpenter repair socket brick,Maintenance,Medium,synth_highacc,4,0
pipeline fixture leakage tube leak,Maintenance,High,synth_highacc,4,2
roof wire leak wrench garbage,Maintenance,High,synth_highacc,4,2
wire switch cleaning leak hole,Maintenance,High,synth_highacc,4,2
crack maintenance repair garbage drill,Maintenance,Low,synth_highacc,4,1
wrench ladder wire ladder carpenter,Maintenance,Medium,synth_highacc,4,0
electrician leak hammer repair sweeping,Maintenance,Medium,synth_highacc,4,0
paint mopping job pipe mopping,Maintenance,Low,synth_highacc,4,1
plumber fuse paint plaster,Maintenance,Medium,synth_highacc,4,0
valve hammer damaged wrench hammer,Maintenance,Low,synth_highacc,4,1
cement brick valve socket drill,Maintenance,Low,synth_highacc,4,1
gutter bulb blocked brick brick,Maintenance,Low,synth_highacc,4,1
dust hole accumulation tile tube,Maintenance,Low,synth_highacc,4,1
maintenance mopping needed brick leak,Maintenance,High,synth_highacc,4,2
pipe plumber joint bulb cement,Maintenance,Medium,synth_highacc,4,0
crack tile wall wire carpenter,Maintenance,High,synth_highacc,4,2
maintenance wire needed drill repair,Maintenance,High,synth_highacc,4,2
repair hole urgent sweeping repairman,Maintenance,Medium,synth_highacc,4,0
crack sewage plumber hole repair,Maintenance,Medium,synth_highacc,4,0
crack pipe repair socket cleaning,Maintenance,Low,synth_highacc,4,1
cleaning crack electrician sweeping garbage,Maintenance,Low,synth_highacc,4,1
plumber renovation pipe leak,Maintenance,Low,synth_highacc,4,1
tile pipe brick brick carpenter,Maintenance,Medium,synth_highacc,4,0
sewage hole backup maintenance maintenance,Maintenance,High,synth_highacc,4,2
pipeline pipe leakage wire fixture,Maintenance,Medium,synth_highacc,4,0
paint paint peeling switch wire,Maintenance,Low,synth_highacc,4,1
crack maintenance wall tile plumber,Maintenance,Medium,synth_highacc,4,0
fixture maintenance replacement plumber sweeping,Maintenance,Low,synth_highacc,4,1
tile switch cracked leak bulb,Maintenance,High,synth_highacc,4,2
drill cleaning noise carpenter leak,Maintenance,Low,synth_highacc,4,1
tube repairman flicker sewage wrench,Maintenance,Low,synth_highacc,4,1
floor fixture mopping gutter brick,Maintenance,Medium,synth_highacc,4,0
tile pipe sewage maintenance sweeping,Maintenance,High,synth_highacc,4,2
crack plaster repair renovation tile,Maintenance,High,synth_highacc,4,2
pipe maintenance joint screwdriver leak,Maintenance,Medium,synth_highacc,4,0
electrician sewage drain repair drill,Maintenance,Medium,synth_highacc,4,0
sewage switch backup ladder drain,Maintenance,High,synth_highacc,4,2
plumber switch electrician paint,Maintenance,Medium,synth_highacc,4,0
hammer dust socket screwdriver crack,Maintenance,Low,synth_highacc,4,1
socket fuse cleaning wrench tube,Maintenance,Low,synth_highacc,4,1
bulb tube sweeping wire carpenter,Maintenance,Low,synth_highacc,4,1
roof sewage leak drill renovation,Maintenance,Low,synth_highacc,4,1
pipeline maintenance carpenter fixture pipeline,Maintenance,Medium,synth_highacc,4,0
fixture tube replacement electrician switch,Maintenance,High,synth_highacc,4,2
leak renovation water socket wire,Maintenance,High,synth_highacc,4,2
crack socket switch hole sewage,Maintenance,Medium,synth_highacc,4,0
repair maintenance urgent tile drill,Maintenance,High,synth_highacc,4,2
plumber leak wrench leak,Maintenance,Low,synth_highacc,4,1
crack cement wire hole plaster,Maintenance,Low,synth_highacc,4,1
renovation drain valve construction wire,Maintenance,Low,synth_highacc,4,1
sewage crack backup dust hammer,Maintenance,Medium,synth_highacc,4,0
repairman pipe socket maintenance dust,Maintenance,Low,synth_highacc,4,1
dust socket accumulation repairman tube,Maintenance,High,synth_highacc,4,2
plaster pipe falling bulb screwdriver,Maintenance,Low,synth_highacc,4,1
switch mopping spark sweeping brick,Maintenance,Medium,synth_highacc,4,0
plaster dust falling ladder dust,Maintenance,Low,synth_highacc,4,1
gutter electrician blocked sweeping dust,Maintenance,Low,synth_highacc,4,1
pipe repairman joint sewage fixture,Maintenance,Low,synth_highacc,4,1
accident license reported schedule seat,Transport,Medium,synth_highacc,5,0
auto vehicle overcharge rickshaw vehicle,Transport,Medium,synth_highacc,5,0
accident pickup reported cab conductor,Transport,Medium,synth_highacc,5,0
cab taxi helmet cab fare,Transport,Low,synth_highacc,5,1
helmet bus bus license indicator,Transport,High,synth_highacc,5,2
route license extended cycle cab,Transport,Medium,synth_highacc,5,0
vehicle numberplate breakdown bicycle license,Transport,Medium,synth_highacc,5,0
ticket cab missing vehicle traffic,Transport,High,synth_highacc,5,2
ticket auto headlight seat driver,Transport,Low,synth_highacc,5,1
ticket taillight missing van schedule,Transport,Low,synth_highacc,5,1
fare auto refund numberplate seat,Transport,High,synth_highacc,5,2
schedule taxi delayed helmet cab,Transport,High,synth_highacc,5,2
bus cycle overcrowded helmet driver,Transport,High,synth_highacc,5,2
ticket taillight missing auto license,Transport,Low,synth_highacc,5,1
headlight taillight cab driver taillight,Transport,Medium,synth_highacc,5,0
indicator helmet broken accident bus,Transport,High,synth_highacc,5,2
taillight traffic damaged stop seat,Transport,High,synth_highacc,5,2
auto numberplate overcharge accident stop,Transport,Medium,synth_highacc,5,0
headlight taillight pickup van numberplate,Transport,High,synth_highacc,5,2
pickup drop bus route brake,Transport,Low,synth_highacc,5,1
headlight helmet dim taillight bicycle,Transport,Medium,synth_highacc,5,0
driver van speeding headlight conductor,Transport,High,synth_highacc,5,2
helmet headlight auto license schedule,Transport,Medium,synth_highacc,5,0
numberplate helmet vehicle driver taxi,Transport,High,synth_highacc,5,2
taillight headlight damaged bicycle van,Transport,Medium,synth_highacc,5,0
route auto extended brake headlight,Transport,High,synth_highacc,5,2
vehicle route traffic parking van,Transport,Medium,synth_highacc,5,0
shuttle van seat license fare,Transport,High,synth_highacc,5,2
seat helmet broken vehicle bus,Transport,Low,synth_highacc,5,1
shuttle bus cancelled route conductor,Transport,High,synth_highacc,5,2
vehicle taxi breakdown auto traffic,Transport,Medium,synth_highacc,5,0
route auto extended schedule schedule,Transport,Medium,synth_highacc,5,0
traffic helmet stop accident fare,Transport,Medium,synth_highacc,5,0
traffic taxi numberplate accident route,Transport,Medium,synth_highacc,5,0
helmet gear mandatory fare schedule,Transport,Low,synth_highacc,5,1
schedule license schedule fare clutch,Transport,Low,synth_highacc,5,1
numberplate headlight indicator driver auto,Transport,Medium,synth_highacc,5,0
indicator taillight broken pickup route,Transport,High,synth_highacc,5,2
pickup drop conductor vehicle conductor,Transport,Medium,synth_highacc,5,0
auto rickshaw seat conductor parking,Transport,Low,synth_highacc,5,1
license ticket suspended cab cab,Transport,High,synth_highacc,5,2
fare route refund bus driver,Transport,Medium,synth_highacc,5,0
fare numberplate refund bus accident,Transport,High,synth_highacc,5,2
route route fare stop taxi,Transport,Low,synth_highacc,5,1
ticket pickup missing taxi numberplate,Transport,Medium,synth_highacc,5,0
shuttle cab cancelled brake parking,Transport,High,synth_highacc,5,2
parking parking full cycle accident,Transport,Medium,synth_highacc,5,0
route gear changed ticket numberplate,Transport,Medium,synth_highacc,5,0
taillight bicycle damaged bicycle pickup,Transport,Low,synth_highacc,5,1
schedule indicator delayed parking clutch,Transport,Low,synth_highacc,5,1
bus rickshaw indicator helmet,Transport,Medium,synth_highacc,5,0
route gear extended headlight taillight,Transport,Low,synth_highacc,5,1
driver pickup route conductor indicator,Transport,High,synth_highacc,5,2
bus numberplate late helmet brake,Transport,Low,synth_highacc,5,1
fare rickshaw increased pickup accident,Transport,High,synth_highacc,5,2
cab taxi unavailable auto accident,Transport,Low,synth_highacc,5,1
bus traffic numberplate numberplate,Transport,Medium,synth_highacc,5,0
driver traffic cycle conductor indicator,Transport,Low,synth_highacc,5,1
stop parking unsafe accident rickshaw,Transport,Low,synth_highacc,5,1
brake cab failure bicycle license,Transport,High,synth_highacc,5,2
vehicle cycle auto parking numberplate,Transport,Medium,synth_highacc,5,0
taillight indicator damaged helmet headlight,Transport,Low,synth_highacc,5,1
route bicycle extended vehicle pickup,Transport,Low,synth_highacc,5,1
driver stop speeding indicator taxi,Transport,High,synth_highacc,5,2
driver taxi speeding driver stop,Transport,Medium,synth_highacc,5,0
vehicle vehicle gear parking accident,Transport,High,synth_highacc,5,2
auto schedule overcharge headlight rickshaw,Transport,Low,synth_highacc,5,1
cab accident unavailable shuttle ticket,Transport,Low,synth_highacc,5,1
brake clutch schedule brake numberplate,Transport,High,synth_highacc,5,2
bus conductor overcrowded route auto,Transport,High,synth_highacc,5,2
driver schedule taillight conductor taillight,Transport,Medium,synth_highacc,5,0
ticket brake missing seat ticket,Transport,High,synth_highacc,5,2
numberplate accident cab driver numberplate,Transport,High,synth_highacc,5,2
auto rickshaw accident stop taillight,Transport,High,synth_highacc,5,2
indicator license broken cab conductor,Transport,High,synth_highacc,5,2
stop indicator skipped ticket taillight,Transport,High,synth_highacc,5,2
ticket taillight counter pickup conductor,Transport,High,synth_highacc,5,2
stop bicycle skipped taillight helmet,Transport,High,synth_highacc,5,2
stop license unsafe bicycle traffic,Transport,High,synth_highacc,5,2
accident numberplate reported indicator auto,Transport,Low,synth_highacc,5,1
gear indicator seat route vehicle,Transport,Low,synth_highacc,5,1
auto rickshaw conductor parking license,Transport,High,synth_highacc,5,2
helmet license numberplate license route,Transport,High,synth_highacc,5,2
fare stop increased indicator parking,Transport,Medium,synth_highacc,5,0
helmet license mandatory bus vehicle,Transport,Low,synth_highacc,5,1
license shuttle suspended fare indicator,Transport,Medium,synth_highacc,5,0
parking parking full brake cycle,Transport,High,synth_highacc,5,2
cab taxi taxi accident pickup,Transport,High,synth_highacc,5,2
gear indicator route bicycle bus,Transport,High,synth_highacc,5,2
auto parking overcharge stop gear,Transport,Medium,synth_highacc,5,0
gear indicator cab accident rickshaw,Transport,Low,synth_highacc,5,1
brake vehicle failure stop license,Transport,High,synth_highacc,5,2
bus driver overcrowded pickup parking,Transport,Medium,synth_highacc,5,0
van helmet overloaded route seat,Transport,High,synth_highacc,5,2
helmet cab mandatory traffic gear,Transport,Low,synth_highacc,5,1
shuttle vehicle cancelled helmet numberplate,Transport,Medium,synth_highacc,5,0
schedule clutch parking fare stop,Transport,High,synth_highacc,5,2
brake clutch indicator license taillight,Transport,Low,synth_highacc,5,1
bus license overcrowded driver taillight,Transport,Low,synth_highacc,5,1
shuttle license cancelled bicycle vehicle,Transport,High,synth_highacc,5,2
pickup drop bus shuttle bicycle,Transport,Medium,synth_highacc,5,0
parking accident full cab cycle,Transport,Medium,synth_highacc,5,0
seat conductor broken taxi license,Transport,Medium,synth_highacc,5,0
driver helmet rash taillight fare,Transport,High,synth_highacc,5,2
accident bicycle reported route stop,Transport,Medium,synth_highacc,5,0
fare clutch refund van indicator,Transport,Low,synth_highacc,5,1
driver vehicle speeding rickshaw traffic,Transport,Low,synth_highacc,5,1
helmet stop mandatory rickshaw helmet,Transport,Medium,synth_highacc,5,0
driver headlight rash stop fare,Transport,Low,synth_highacc,5,1
stop fare unsafe license traffic,Transport,Low,synth_highacc,5,1
fare license increased indicator van,Transport,Low,synth_highacc,5,1
numberplate clutch missing indicator stop,Transport,Medium,synth_highacc,5,0
parking accident full gear schedule,Transport,Low,synth_highacc,5,1
cycle bicycle cycle cab schedule,Transport,Low,synth_highacc,5,1
auto rickshaw taxi traffic parking,Transport,High,synth_highacc,5,2
parking stop full traffic license,Transport,Medium,synth_highacc,5,0
headlight taillight driver route ticket,Transport,Medium,synth_highacc,5,0
shuttle vehicle cancelled helmet pickup,Transport,Low,synth_highacc,5,1
headlight license dim bicycle brake,Transport,High,synth_highacc,5,2
taillight accident damaged conductor brake,Transport,Medium,synth_highacc,5,0
headlight bicycle dim seat traffic,Transport,High,synth_highacc,5,2
cycle cycle stolen bus route,Transport,Low,synth_highacc,5,1
vehicle route cab parking traffic,Transport,High,synth_highacc,5,2
van ticket overloaded bus van,Transport,High,synth_highacc,5,2
helmet cab mandatory seat helmet,Transport,High,synth_highacc,5,2
cycle bicycle clutch van schedule,Transport,Medium,synth_highacc,5,0
cab traffic unavailable helmet auto,Transport,Medium,synth_highacc,5,0
helmet stop mandatory route parking,Transport,Low,synth_highacc,5,1
driver taillight speeding indicator clutch,Transport,High,synth_highacc,5,2
traffic bicycle gear accident helmet,Transport,Low,synth_highacc,5,1
seat shuttle broken gear shuttle,Transport,High,synth_highacc,5,2
shuttle conductor cancelled taxi gear,Transport,High,synth_highacc,5,2
traffic helmet jam gear clutch,Transport,High,synth_highacc,5,2
auto rickshaw brake brake fare,Transport,High,synth_highacc,5,2
auto rickshaw schedule indicator pickup,Transport,High,synth_highacc,5,2
traffic bus shuttle accident rickshaw,Transport,Medium,synth_highacc,5,0
auto rickshaw driver stop van,Transport,Low,synth_highacc,5,1
headlight schedule dim conductor shuttle,Transport,Medium,synth_highacc,5,0
fare driver refund conductor route,Transport,High,synth_highacc,5,2
conductor cycle rude numberplate shuttle,Transport,Low,synth_highacc,5,1
parking numberplate full accident bus,Transport,Low,synth_highacc,5,1
conductor driver rude numberplate numberplate,Transport,High,synth_highacc,5,2
driver accident rash shuttle rickshaw,Transport,Low,synth_highacc,5,1
helmet cab mandatory helmet parking,Transport,High,synth_highacc,5,2
schedule pickup delayed shuttle taxi,Transport,Low,synth_highacc,5,1
bus route overcrowded accident gear,Transport,Low,synth_highacc,5,1
headlight taillight driver fare stop,Transport,Medium,synth_highacc,5,0
brake clutch numberplate stop pickup,Transport,High,synth_highacc,5,2
brake clutch van cycle seat,Transport,Low,synth_highacc,5,1
route pickup extended auto conductor,Transport,High,synth_highacc,5,2
numberplate seat bicycle driver traffic,Transport,Low,synth_highacc,5,1
seat rickshaw broken conductor numberplate,Transport,Medium,synth_highacc,5,0
numberplate auto missing numberplate helmet,Transport,Low,synth_highacc,5,1
traffic fare jam conductor traffic,Transport,High,synth_highacc,5,2
bus traffic late helmet traffic,Transport,Low,synth_highacc,5,1
driver cycle speeding van accident,Transport,High,synth_highacc,5,2
van pickup overloaded schedule auto,Transport,Low,synth_highacc,5,1
route clutch changed auto bicycle,Transport,Low,synth_highacc,5,1
brake ticket failure conductor seat,Transport,Low,synth_highacc,5,1
traffic route jam accident shuttle,Transport,Medium,synth_highacc,5,0
ticket parking traffic seat conductor,Transport,Medium,synth_highacc,5,0
stop brake skipped seat stop,Transport,Low,synth_highacc,5,1
bus bus late route bicycle,Transport,Low,synth_highacc,5,1
ticket numberplate missing route clutch,Transport,Low,synth_highacc,5,1
traffic taxi license accident headlight,Transport,Medium,synth_highacc,5,0
license gear suspended clutch cab,Transport,Low,synth_highacc,5,1
pickup cycle missed helmet van,Transport,Medium,synth_highacc,5,0
accident seat reported pickup route,Transport,Low,synth_highacc,5,1
pickup drop parking numberplate brake,Transport,Medium,synth_highacc,5,0
traffic cycle clutch accident license,Transport,High,synth_highacc,5,2
traffic shuttle jam pickup headlight,Transport,Medium,synth_highacc,5,0
cab van unavailable stop seat,Transport,Low,synth_highacc,5,1
numberplate taxi missing helmet stop,Transport,High,synth_highacc,5,2
cab taxi stop bicycle van,Transport,High,synth_highacc,5,2
bus driver late taillight license,Transport,High,synth_highacc,5,2
fare helmet increased brake ticket,Transport,High,synth_highacc,5,2
brake auto failure helmet rickshaw,Transport,Low,synth_highacc,5,1
cycle cycle stolen clutch rickshaw,Transport,High,synth_highacc,5,2
driver seat rash numberplate auto,Transport,High,synth_highacc,5,2
driver headlight speeding taillight gear,Transport,Low,synth_highacc,5,1
conductor traffic rude indicator conductor,Transport,Medium,synth_highacc,5,0
vehicle brake breakdown parking indicator,Transport,Low,synth_highacc,5,1
indicator conductor broken conductor license,Transport,Low,synth_highacc,5,1
vehicle schedule van parking driver,Transport,Low,synth_highacc,5,1
stop vehicle unsafe shuttle taillight,Transport,Medium,synth_highacc,5,0
bus numberplate numberplate auto,Transport,High,synth_highacc,5,2
van taillight overloaded license stop,Transport,Medium,synth_highacc,5,0
shuttle taxi cancelled accident accident,Transport,High,synth_highacc,5,2
bus route overcrowded bicycle bus,Transport,High,synth_highacc,5,2
helmet taillight gear license license,Transport,Low,synth_highacc,5,1
driver auto speeding helmet shuttle,Transport,High,synth_highacc,5,2
schedule ticket delayed license accident,Transport,High,synth_highacc,5,2
numberplate pickup missing driver pickup,Transport,Medium,synth_highacc,5,0
pickup drop accident taillight headlight,Transport,High,synth_highacc,5,2
gear indicator schedule conductor cycle,Transport,Low,synth_highacc,5,1
van cycle overloaded numberplate driver,Transport,Medium,synth_highacc,5,0
shuttle bicycle cancelled schedule cycle,Transport,Low,synth_highacc,5,1
stop taillight skipped accident ticket,Transport,High,synth_highacc,5,2
ticket indicator counter route vehicle,Transport,Medium,synth_highacc,5,0
cab vehicle unavailable seat fare,Transport,Low,synth_highacc,5,1
stop traffic unsafe van bicycle,Transport,Low,synth_highacc,5,1
conductor taillight rude taillight numberplate,Transport,High,synth_highacc,5,2
van gear overloaded headlight driver,Transport,Medium,synth_highacc,5,0
gear indicator problem cab driver,Transport,Medium,synth_highacc,5,0
bus pickup rickshaw parking,Transport,Medium,synth_highacc,5,0
schedule route delayed bus cycle,Transport,High,synth_highacc,5,2
traffic bicycle cycle accident bus,Transport,Low,synth_highacc,5,1
parking cab full fare conductor,Transport,High,synth_highacc,5,2
van headlight overloaded stop auto,Transport,Low,synth_highacc,5,1
shuttle bus cancelled stop brake,Transport,High,synth_highacc,5,2
numberplate ticket cab driver bicycle,Transport,Medium,synth_highacc,5,0
conductor cycle rude auto headlight,Transport,Low,synth_highacc,5,1
traffic clutch jam seat route,Transport,Medium,synth_highacc,5,0
taillight gear damaged rickshaw schedule,Transport,Low,synth_highacc,5,1
schedule license delayed auto bus,Transport,Medium,synth_highacc,5,0
driver fare speeding route fare,Transport,Medium,synth_highacc,5,0
route stop bicycle stop auto,Transport,High,synth_highacc,5,2
stop headlight skipped driver schedule,Transport,High,synth_highacc,5,2
helmet numberplate cab license numberplate,Transport,High,synth_highacc,5,2
bus route late auto cab,Transport,High,synth_highacc,5,2
shuttle clutch cancelled accident helmet,Transport,Low,synth_highacc,5,1
route brake changed brake brake,Transport,Medium,synth_highacc,5,0
van license overloaded taillight license,Transport,Medium,synth_highacc,5,0
cab taxi route numberplate route,Transport,Low,synth_highacc,5,1
cab taxi stop cycle taxi,Transport,Low,synth_highacc,5,1
ticket accident counter ticket driver,Transport,High,synth_highacc,5,2
stop auto skipped pickup license,Transport,Low,synth_highacc,5,1
parking cab full vehicle vehicle,Transport,Medium,synth_highacc,5,0
vehicle brake auto parking ticket,Transport,High,synth_highacc,5,2
shuttle van license taxi schedule,Transport,Low,synth_highacc,5,1
bus brake late route indicator,Transport,Medium,synth_highacc,5,0
bus ticket overcrowded accident gear,Transport,Medium,synth_highacc,5,0
helmet cab helmet license clutch,Transport,Low,synth_highacc,5,1
bus license overcrowded taxi pickup,Transport,Low,synth_highacc,5,1
helmet indicator van license traffic,Transport,High,synth_highacc,5,2
shuttle van ticket route stop,Transport,Medium,synth_highacc,5,0
route seat fare stop taillight,Transport,Low,synth_highacc,5,1
parking bus full pickup fare,Transport,Low,synth_highacc,5,1
schedule bicycle auto fare taxi,Transport,Medium,synth_highacc,5,0
bus traffic overcrowded ticket ticket,Transport,Medium,synth_highacc,5,0
parking cab full driver taxi,Transport,Medium,synth_highacc,5,0
headlight driver dim vehicle route,Transport,Medium,synth_highacc,5,0
fare seat increased numberplate cycle,Transport,High,synth_highacc,5,2
vehicle ticket breakdown parking headlight,Transport,Low,synth_highacc,5,1
traffic driver bus accident driver,Transport,High,synth_highacc,5,2
stop parking unsafe fare vehicle,Transport,Medium,synth_highacc,5,0
bus taillight late pickup route,Transport,Medium,synth_highacc,5,0
traffic seat numberplate accident cab,Transport,Medium,synth_highacc,5,0
stop vehicle skipped route route,Transport,High,synth_highacc,5,2
bus accident shuttle brake,Transport,Low,synth_highacc,5,1
stop cycle skipped license clutch,Transport,Medium,synth_highacc,5,0
stop brake unsafe van taxi,Transport,High,synth_highacc,5,2
fare ticket increased traffic seat,Transport,Low,synth_highacc,5,1
license bicycle suspended conductor headlight,Transport,Low,synth_highacc,5,1
cab taxi traffic license pickup,Transport,Low,synth_highacc,5,1
route van numberplate stop taillight,Transport,High,synth_highacc,5,2
helmet fare helmet license rickshaw,Transport,Low,synth_highacc,5,1
ticket numberplate shuttle seat pickup,Transport,Medium,synth_highacc,5,0
conductor license rude cab brake,Transport,Low,synth_highacc,5,1
traffic license jam stop driver,Transport,Low,synth_highacc,5,1
helmet auto shuttle license helmet,Transport,Medium,synth_highacc,5,0
fare indicator refund indicator taillight,Transport,High,synth_highacc,5,2
schedule headlight delayed cycle rickshaw,Transport,High,synth_highacc,5,2
driver route speeding taillight auto,Transport,Low,synth_highacc,5,1
cab auto unavailable taxi taillight,Transport,High,synth_highacc,5,2
driver schedule pickup conductor seat,Transport,High,synth_highacc,5,2
cab taxi vehicle driver numberplate,Transport,High,synth_highacc,5,2
schedule clutch helmet fare fare,Transport,High,synth_highacc,5,2
seat cab broken accident shuttle,Transport,High,synth_highacc,5,2
ticket schedule rickshaw seat brake,Transport,High,synth_highacc,5,2
ticket shuttle missing brake bicycle,Transport,Medium,synth_highacc,5,0
brake seat failure fare schedule,Transport,Low,synth_highacc,5,1
pickup drop van fare van,Transport,High,synth_highacc,5,2
bus headlight taillight clutch,Transport,High,synth_highacc,5,2
auto taxi overcharge helmet license,Transport,High,synth_highacc,5,2
numberplate vehicle indicator driver ticket,Transport,Medium,synth_highacc,5,0
driver seat speeding shuttle route,Transport,Low,synth_highacc,5,1
gear indicator driver shuttle ticket,Transport,Medium,synth_highacc,5,0
route traffic stop stop numberplate,Transport,Medium,synth_highacc,5,0
cab taxi seat indicator clutch,Transport,Low,synth_highacc,5,1
headlight ticket dim gear fare,Transport,High,synth_highacc,5,2
auto rickshaw bus traffic cycle,Transport,High,synth_highacc,5,2
brake cycle failure parking conductor,Transport,High,synth_highacc,5,2
accident seat reported license stop,Transport,Medium,synth_highacc,5,0
gear vehicle problem parking driver,Transport,High,synth_highacc,5,2
bus gear cycle ticket,Transport,High,synth_highacc,5,2
bus schedule late seat bus,Transport,High,synth_highacc,5,2
taillight indicator damaged brake numberplate,Transport,High,synth_highacc,5,2
cycle bicycle license license helmet,Transport,Medium,synth_highacc,5,0
headlight seat dim indicator traffic,Transport,High,synth_highacc,5,2
brake shuttle failure fare gear,Transport,Medium,synth_highacc,5,0
gear indicator parking seat fare,Transport,High,synth_highacc,5,2
indicator clutch broken indicator brake,Transport,Medium,synth_highacc,5,0
shuttle van rickshaw ticket license,Transport,High,synth_highacc,5,2
parking cycle full stop headlight,Transport,Medium,synth_highacc,5,0
vehicle cab schedule parking rickshaw,Transport,Low,synth_highacc,5,1
traffic fare van accident cab,Transport,High,synth_highacc,5,2
traffic traffic vehicle accident bus,Transport,Medium,synth_highacc,5,0
pickup drop headlight schedule gear,Transport,Medium,synth_highacc,5,0
numberplate pickup missing fare conductor,Transport,Low,synth_highacc,5,1
ticket auto ticket seat rickshaw,Transport,High,synth_highacc,5,2
seat route broken license taxi,Transport,Low,synth_highacc,5,1
route brake extended clutch bus,Transport,High,synth_highacc,5,2
cycle bicycle bicycle bicycle bus,Transport,Low,synth_highacc,5,1
bus brake gear traffic,Transport,Low,synth_highacc,5,1
cab taxi ticket brake conductor,Transport,Medium,synth_highacc,5,0
shuttle van numberplate traffic pickup,Transport,Low,synth_highacc,5,1
bus numberplate clutch route,Transport,High,synth_highacc,5,2
stop gear unsafe parking indicator,Transport,High,synth_highacc,5,2
vehicle fare stop parking cab,Transport,High,synth_highacc,5,2
cycle gear stolen schedule vehicle,Transport,Medium,synth_highacc,5,0
cab stop unavailable ticket driver,Transport,High,synth_highacc,5,2
bus seat overcrowded traffic shuttle,Transport,Low,synth_highacc,5,1
driver gear driver conductor route,Transport,High,synth_highacc,5,2
driver route rash taxi headlight,Transport,Medium,synth_highacc,5,0
shuttle van bus taillight ticket,Transport,Low,synth_highacc,5,1
gear indicator auto bicycle stop,Transport,Medium,synth_highacc,5,0
headlight vehicle dim ticket taillight,Transport,High,synth_highacc,5,2
ticket accident missing headlight helmet,Transport,Low,synth_highacc,5,1
shuttle schedule cancelled route ticket,Transport,Low,synth_highacc,5,1
driver cycle rash conductor pickup,Transport,Medium,synth_highacc,5,0
auto rickshaw cycle taillight taillight,Transport,Low,synth_highacc,5,1
route pickup stop stop schedule,Transport,Medium,synth_highacc,5,0
pickup parking missed pickup schedule,Transport,High,synth_highacc,5,2
parking stop full headlight accident,Transport,High,synth_highacc,5,2
conductor pickup rude gear vehicle,Transport,Medium,synth_highacc,5,0
cycle bicycle seat taillight cab,Transport,High,synth_highacc,5,2
fare taillight increased seat clutch,Transport,High,synth_highacc,5,2
ticket clutch bus seat indicator,Transport,Low,synth_highacc,5,1
ticket traffic counter stop parking,Transport,Low,synth_highacc,5,1
ticket rickshaw missing license clutch,Transport,Medium,synth_highacc,5,0
ticket route van seat auto,Transport,High,synth_highacc,5,2
bus stop late conductor parking,Transport,Low,synth_highacc,5,1
traffic brake bicycle accident cycle,Transport,Medium,synth_highacc,5,0
shuttle auto cancelled cab helmet,Transport,Medium,synth_highacc,5,0
brake clutch failure traffic parking,Transport,Low,synth_highacc,5,1
headlight taillight dim ticket bicycle,Transport,Medium,synth_highacc,5,0
accident cab reported shuttle shuttle,Transport,Medium,synth_highacc,5,0
traffic shuttle jam gear ticket,Transport,Medium,synth_highacc,5,0
vehicle van helmet parking auto,Transport,High,synth_highacc,5,2
helmet brake mandatory helmet clutch,Transport,High,synth_highacc,5,2
gear indicator helmet conductor ticket,Transport,Medium,synth_highacc,5,0
bus fare indicator bus,Transport,Medium,synth_highacc,5,0
accident cab reported numberplate stop,Transport,Low,synth_highacc,5,1
schedule taillight cycle fare cycle,Transport,Low,synth_highacc,5,1
driver rickshaw rash stop gear,Transport,High,synth_highacc,5,2
vehicle ticket breakdown fare gear,Transport,Low,synth_highacc,5,1
schedule license stop fare route,Transport,High,synth_highacc,5,2
driver stop speeding bicycle license,Transport,Low,synth_highacc,5,1
bus numberplate overcrowded auto cycle,Transport,Low,synth_highacc,5,1
bus route overcrowded accident van,Transport,Low,synth_highacc,5,1
cab gear unavailable pickup indicator,Transport,Low,synth_highacc,5,1
driver stop cycle conductor stop,Transport,Low,synth_highacc,5,1
headlight taillight conductor bus van,Transport,Medium,synth_highacc,5,0
shuttle van brake schedule cab,Transport,High,synth_highacc,5,2
cab taxi license taxi helmet,Transport,Medium,synth_highacc,5,0
cab auto unavailable license parking,Transport,Medium,synth_highacc,5,0
headlight helmet dim bus vehicle,Transport,Low,synth_highacc,5,1
shuttle van driver headlight traffic,Transport,Low,synth_highacc,5,1
brake brake failure schedule taxi,Transport,Low,synth_highacc,5,1
bus bicycle gear auto,Transport,High,synth_highacc,5,2
auto shuttle overcharge helmet gear,Transport,Medium,synth_highacc,5,0
helmet taxi mandatory vehicle helmet,Transport,Low,synth_highacc,5,1
parking taillight full schedule seat,Transport,Low,synth_highacc,5,1
pickup bicycle missed numberplate stop,Transport,High,synth_highacc,5,2
brake clutch bicycle pickup driver,Transport,Low,synth_highacc,5,1
seat schedule broken gear license,Transport,High,synth_highacc,5,2
brake gear failure conductor gear,Transport,High,synth_highacc,5,2
auto cab overcharge parking traffic,Transport,High,synth_highacc,5,2
seat gear broken bicycle schedule,Transport,Low,synth_highacc,5,1
fare traffic increased auto fare,Transport,Medium,synth_highacc,5,0
cycle bicycle route conductor cycle,Transport,High,synth_highacc,5,2
ticket indicator counter parking bus,Transport,Low,synth_highacc,5,1
driver schedule rash shuttle route,Transport,Low,synth_highacc,5,1
brake clutch pickup bus brake,Transport,Medium,synth_highacc,5,0
helmet shuttle fare license traffic,Transport,Low,synth_highacc,5,1
headlight taillight seat conductor van,Transport,High,synth_highacc,5,2
route van clutch stop cab,Transport,Low,synth_highacc,5,1
schedule parking conductor fare numberplate,Transport,Medium,synth_highacc,5,0
bus cycle brake vehicle,Transport,Medium,synth_highacc,5,0
van fare overloaded parking brake,Transport,Medium,synth_highacc,5,0
route cycle extended stop helmet,Transport,High,synth_highacc,5,2
cycle bicycle parking auto headlight,Transport,High,synth_highacc,5,2
van route overloaded taxi clutch,Transport,Low,synth_highacc,5,1
driver van clutch conductor bicycle,Transport,Medium,synth_highacc,5,0
license indicator suspended indicator driver,Transport,Medium,synth_highacc,5,0
pickup drop stop accident rickshaw,Transport,Low,synth_highacc,5,1
indicator conductor broken numberplate helmet,Transport,Low,synth_highacc,5,1
brake clutch clutch accident traffic,Transport,Low,synth_highacc,5,1
ticket helmet counter schedule numberplate,Transport,High,synth_highacc,5,2
pickup license missed pickup traffic,Transport,High,synth_highacc,5,2
ticket parking counter rickshaw clutch,Transport,Low,synth_highacc,5,1
stop vehicle skipped cycle pickup,Transport,Medium,synth_highacc,5,0
route headlight helmet stop brake,Transport,High,synth_highacc,5,2
ticket ticket missing fare pickup,Transport,High,synth_highacc,5,2
ticket numberplate stop seat van,Transport,High,synth_highacc,5,2
shuttle route cancelled clutch bus,Transport,Low,synth_highacc,5,1
ticket indicator counter vehicle shuttle,Transport,Low,synth_highacc,5,1
shuttle route cancelled rickshaw parking,Transport,Low,synth_highacc,5,1
driver schedule rash conductor seat,Transport,High,synth_highacc,5,2
fare cycle increased conductor conductor,Transport,Low,synth_highacc,5,1
driver brake speeding rickshaw seat,Transport,Medium,synth_highacc,5,0
numberplate brake headlight driver rickshaw,Transport,High,synth_highacc,5,2
cab taxi numberplate route van,Transport,Medium,synth_highacc,5,0
route cycle indicator stop vehicle,Transport,Medium,synth_highacc,5,0
vehicle indicator breakdown pickup taillight,Transport,High,synth_highacc,5,2
cab taxi rickshaw cycle taxi,Transport,High,synth_highacc,5,2
route cycle changed conductor accident,Transport,Medium,synth_highacc,5,0
van rickshaw overloaded seat headlight,Transport,High,synth_highacc,5,2
stolen accused evidence harassment stolen,Security / Discipline,High,synth_highacc,6,2
sexually bully teasing offence fir,Security / Discipline,Low,synth_highacc,6,1
violence harrash threaten weapon vandalism,Security / Discipline,Low,synth_highacc,6,1
smoke violence detected harassment abusing,Security / Discipline,Medium,synth_highacc,6,0
sexually drugs abusing interrogate harass,Security / Discipline,Medium,synth_highacc,6,0
suspicious drugs activity evidence investigate,Security / Discipline,Medium,synth_highacc,6,0
danger harass tease unsafe harrash,Security / Discipline,Medium,synth_highacc,6,0
sexual alcohol harrash teasing violence,Security / Discipline,Medium,synth_highacc,6,0
ragging unsafe suspicious fight case,Security / Discipline,Medium,synth_highacc,6,0
patrol offence security investigate harrass,Security / Discipline,Medium,synth_highacc,6,0
suspicious thief activity investigate sexual,Security / Discipline,Medium,synth_highacc,6,0
violence witness abuse weapon unsafe,Security / Discipline,High,synth_highacc,6,2
stolen case vandalism harassment stolen,Security / Discipline,Medium,synth_highacc,6,0
sexually alcohol teasing security abuse,Security / Discipline,Low,synth_highacc,6,1
patrol steal arrest investigate alcohol,Security / Discipline,Medium,synth_highacc,6,0
accused witness tease witness harass,Security / Discipline,Low,synth_highacc,6,1
ragging fight violence fight harass,Security / Discipline,Medium,synth_highacc,6,0
sexually smoke abusing weapon patrol,Security / Discipline,Low,synth_highacc,6,1
complaint ragging registered tease stolen,Security / Discipline,Low,synth_highacc,6,1
danger suspicious warning danger sexually,Security / Discipline,Low,synth_highacc,6,1
bully weapon complaint security security,Security / Discipline,High,synth_highacc,6,2
interrogate sexually suspect offence alcohol,Security / Discipline,Medium,synth_highacc,6,0
interrogate complaint suspect vandalism theft,Security / Discipline,High,synth_highacc,6,2
sexually case teasing teasing harassment,Security / Discipline,High,synth_highacc,6,2
complaint report registered accused sexual,Security / Discipline,Medium,synth_highacc,6,0
complaint unsafe registered theft sexual,Security / Discipline,Medium,synth_highacc,6,0
violence guard unsafe weapon harrass,Security / Discipline,High,synth_highacc,6,2
threaten ragging life patrol theft,Security / Discipline,Medium,synth_highacc,6,0
tease haras sexual witness smoke,Security / Discipline,High,synth_highacc,6,2
drugs harrash peddling thief abuse,Security / Discipline,High,synth_highacc,6,2
guard weapon offence cctv investigate,Security / Discipline,Low,synth_highacc,6,1
cctv vandalism footage abuse stranger,Security / Discipline,Low,synth_highacc,6,1
guard arrest complaint cctv theft,Security / Discipline,Medium,synth_highacc,6,0
haras trespass sexually steal danger,Security / Discipline,Medium,synth_highacc,6,0
vandalism harrass property offence guard,Security / Discipline,High,synth_highacc,6,2
suspicious weapon activity weapon stranger,Security / Discipline,Medium,synth_highacc,6,0
tease investigate sexual alcohol patrol,Security / Discipline,Medium,synth_highacc,6,0
suspicious tease drugs stranger alcohol,Security / Discipline,Medium,synth_highacc,6,0
drugs fir case security sexually,Security / Discipline,High,synth_highacc,6,2
danger vandalism warning threaten interrogate,Security / Discipline,High,synth_highacc,6,2
evidence alcohol collected witness threaten,Security / Discipline,High,synth_highacc,6,2
patrol harrash increased harass harrash,Security / Discipline,Low,synth_highacc,6,1
fir steal lodged accused weapon,Security / Discipline,Low,synth_highacc,6,1
trespass accused prohibited investigate harrash,Security / Discipline,High,synth_highacc,6,2
unsafe cctv feel report thief,Security / Discipline,High,synth_highacc,6,2
arrest weapon abuse offence abusing,Security / Discipline,Medium,synth_highacc,6,0
alcohol vandalism consumption harrass teasing,Security / Discipline,Medium,synth_highacc,6,0
suspicious stranger drugs stranger weapon,Security / Discipline,High,synth_highacc,6,2
arrest violence made theft trespass,Security / Discipline,Low,synth_highacc,6,1
vandalism threaten property fight interrogate,Security / Discipline,Medium,synth_highacc,6,0
theft weapon reported arrest bully,Security / Discipline,Low,synth_highacc,6,1
threaten thief life theft steal,Security / Discipline,Low,synth_highacc,6,1
sexually trespass teasing patrol case,Security / Discipline,Medium,synth_highacc,6,0
harassment sexually filed complaint alcohol,Security / Discipline,Low,synth_highacc,6,1
alcohol violence consumption teasing accused,Security / Discipline,High,synth_highacc,6,2
abuse stolen verbal complaint alcohol,Security / Discipline,Low,synth_highacc,6,1
investigate vandalism matter tease violence,Security / Discipline,Medium,synth_highacc,6,0
violence sexually physical alcohol abusing,Security / Discipline,Low,synth_highacc,6,1
arrest haras made cctv harrass,Security / Discipline,High,synth_highacc,6,2
smoke violence detected witness ragging,Security / Discipline,High,synth_highacc,6,2
alcohol unsafe abuse smoke harass,Security / Discipline,Low,synth_highacc,6,1
steal alcohol theft thief witness,Security / Discipline,High,synth_highacc,6,2
violence steal accused weapon investigate,Security / Discipline,Low,synth_highacc,6,1
smoke vandalism detected steal haras,Security / Discipline,Medium,synth_highacc,6,0
investigate witness matter stranger tease,Security / Discipline,Low,synth_highacc,6,1
fir abusing lodged danger teasing,Security / Discipline,High,synth_highacc,6,2
tease bully sexual vandalism ragging,Security / Discipline,High,synth_highacc,6,2
harass fight harass bully sexual,Security / Discipline,High,synth_highacc,6,2
steal witness report thief harrash,Security / Discipline,Low,synth_highacc,6,1
suspicious case activity harrass harrash,Security / Discipline,Low,synth_highacc,6,1
arrest ragging tease offence harass,Security / Discipline,Low,synth_highacc,6,1
trespass trespass prohibited abuse violence,Security / Discipline,Low,synth_highacc,6,1
trespass steal prohibited weapon harassment,Security / Discipline,Medium,synth_highacc,6,0
investigate harassment matter abuse arrest,Security / Discipline,Medium,synth_highacc,6,0
fight unsafe broke witness smoke,Security / Discipline,Low,synth_highacc,6,1
drugs danger theft security tease,Security / Discipline,High,synth_highacc,6,2
smoke witness detected case thief,Security / Discipline,Low,synth_highacc,6,1
harassment stranger filed security accused,Security / Discipline,High,synth_highacc,6,2
weapon theft found sexually patrol,Security / Discipline,High,synth_highacc,6,2
accused harrass teasing witness case,Security / Discipline,Low,synth_highacc,6,1
weapon steal found patrol cctv,Security / Discipline,Low,synth_highacc,6,1
patrol trespass harrass investigate abuse,Security / Discipline,Low,synth_highacc,6,1
steal haras caught abusing harass,Security / Discipline,High,synth_highacc,6,2
interrogate haras suspect fight fight,Security / Discipline,Medium,synth_highacc,6,0
guard harass stranger cctv fir,Security / Discipline,High,synth_highacc,6,2
arrest drugs guard offence alcohol,Security / Discipline,High,synth_highacc,6,2
abuse teasing verbal ragging tease,Security / Discipline,Low,synth_highacc,6,1
evidence fight collected violence harrash,Security / Discipline,High,synth_highacc,6,2
sexually report teasing danger sexually,Security / Discipline,Low,synth_highacc,6,1
offence guard serious alcohol smoke,Security / Discipline,Medium,synth_highacc,6,0
cctv fight footage unsafe accused,Security / Discipline,Low,synth_highacc,6,1
cctv vandalism footage alcohol teasing,Security / Discipline,High,synth_highacc,6,2
bully trespass complaint witness harassment,Security / Discipline,Medium,synth_highacc,6,0
alcohol thief cctv smoke ragging,Security / Discipline,High,synth_highacc,6,2
threaten threaten life case evidence,Security / Discipline,High,synth_highacc,6,2
bully violence complaint steal harrass,Security / Discipline,Low,synth_highacc,6,1
harrass unsafe sexual alcohol tease,Security / Discipline,Medium,synth_highacc,6,0
report harassment abuse case interrogate,Security / Discipline,Medium,synth_highacc,6,0
ragging sexual stopped unsafe harrass,Security / Discipline,Low,synth_highacc,6,1
steal offence caught theft suspicious,Security / Discipline,Low,synth_highacc,6,1
suspicious complaint activity unsafe abusing,Security / Discipline,High,synth_highacc,6,2
ragging vandalism threaten fight case,Security / Discipline,Low,synth_highacc,6,1
violence abuse physical harrash fir,Security / Discipline,Medium,synth_highacc,6,0
arrest case made interrogate harassment,Security / Discipline,High,synth_highacc,6,2
fir weapon lodged arrest alcohol,Security / Discipline,Medium,synth_highacc,6,0
haras unsafe sexually teasing teasing,Security / Discipline,Low,synth_highacc,6,1
harrass guard sexual guard thief,Security / Discipline,Medium,synth_highacc,6,0
threaten harrass life harrass smoke,Security / Discipline,Low,synth_highacc,6,1
cctv unsafe footage report vandalism,Security / Discipline,Low,synth_highacc,6,1
smoke steal detected threaten steal,Security / Discipline,High,synth_highacc,6,2
sexually complaint teasing theft drugs,Security / Discipline,Medium,synth_highacc,6,0
trespass violence thief vandalism investigate,Security / Discipline,High,synth_highacc,6,2
stolen suspicious evidence harassment steal,Security / Discipline,Low,synth_highacc,6,1
stranger harrash entry weapon danger,Security / Discipline,Medium,synth_highacc,6,0
steal stranger caught violence harass,Security / Discipline,High,synth_highacc,6,2
sexual unsafe harrash guard accused,Security / Discipline,Low,synth_highacc,6,1
abuse danger verbal offence drugs,Security / Discipline,Medium,synth_highacc,6,0
harrash evidence complaint harrass trespass,Security / Discipline,High,synth_highacc,6,2
danger steal abusing unsafe stolen,Security / Discipline,Low,synth_highacc,6,1
trespass harrash unsafe vandalism offence,Security / Discipline,High,synth_highacc,6,2
danger abusing warning sexually harass,Security / Discipline,Low,synth_highacc,6,1
offence trespass serious investigate theft,Security / Discipline,High,synth_highacc,6,2
sexually stolen abusing ragging thief,Security / Discipline,Low,synth_highacc,6,1
harass danger harassment bully ragging,Security / Discipline,Medium,synth_highacc,6,0
interrogate accused suspect vandalism fight,Security / Discipline,High,synth_highacc,6,2
alcohol haras report smoke drugs,Security / Discipline,Low,synth_highacc,6,1
trespass unsafe sexual vandalism report,Security / Discipline,Medium,synth_highacc,6,0
investigate smoke matter interrogate harrass,Security / Discipline,High,synth_highacc,6,2
violence bully physical complaint security,Security / Discipline,High,synth_highacc,6,2
trespass fight prohibited unsafe security,Security / Discipline,Low,synth_highacc,6,1
abuse ragging threaten threaten harass,Security / Discipline,Medium,synth_highacc,6,0
alcohol bully consumption interrogate evidence,Security / Discipline,High,synth_highacc,6,2
harrash abuse complaint offence harassment,Security / Discipline,Low,synth_highacc,6,1
trespass stolen prohibited abuse theft,Security / Discipline,High,synth_highacc,6,2
patrol drugs vandalism investigate teasing,Security / Discipline,Medium,synth_highacc,6,0
danger suspicious abuse unsafe report,Security / Discipline,High,synth_highacc,6,2
vandalism unsafe property danger drugs,Security / Discipline,High,synth_highacc,6,2
violence cctv harrash weapon haras,Security / Discipline,Low,synth_highacc,6,1
ragging vandalism stopped smoke accused,Security / Discipline,High,synth_highacc,6,2
guard violence teasing cctv harassment,Security / Discipline,Medium,synth_highacc,6,0
danger sexually warning arrest danger,Security / Discipline,High,synth_highacc,6,2
fir harrash lodged sexual drugs,Security / Discipline,Low,synth_highacc,6,1
witness harrass statement bully steal,Security / Discipline,Medium,synth_highacc,6,0
drugs fight steal security security,Security / Discipline,High,synth_highacc,6,2
violence smoke physical stranger ragging,Security / Discipline,Low,synth_highacc,6,1
alcohol harass consumption stranger alcohol,Security / Discipline,Low,synth_highacc,6,1
violence violence cctv weapon alcohol,Security / Discipline,High,synth_highacc,6,2
harassment stolen filed smoke fight,Security / Discipline,Medium,synth_highacc,6,0
danger stolen evidence unsafe vandalism,Security / Discipline,High,synth_highacc,6,2
danger teasing warning threaten teasing,Security / Discipline,Medium,synth_highacc,6,0
drugs case fight security patrol,Security / Discipline,High,synth_highacc,6,2
trespass patrol prohibited alcohol harrash,Security / Discipline,High,synth_highacc,6,2
harass evidence bully bully harrass,Security / Discipline,Low,synth_highacc,6,1
suspicious stolen thief stranger complaint,Security / Discipline,Medium,synth_highacc,6,0
report harassment investigate case harrash,Security / Discipline,Medium,synth_highacc,6,0
fir accused offence complaint violence,Security / Discipline,Medium,synth_highacc,6,0
abuse harrash verbal abusing offence,Security / Discipline,Medium,synth_highacc,6,0
trespass abuse prohibited sexually abuse,Security / Discipline,Medium,synth_highacc,6,0
investigate threaten matter case threaten,Security / Discipline,High,synth_highacc,6,2
theft harrash tease cctv,Security / Discipline,High,synth_highacc,6,2
patrol security increased danger offence,Security / Discipline,Low,synth_highacc,6,1
alcohol unsafe arrest smoke harassment,Security / Discipline,Low,synth_highacc,6,1
drugs suspicious drugs security sexual,Security / Discipline,Low,synth_highacc,6,1
complaint security registered alcohol suspicious,Security / Discipline,Low,synth_highacc,6,1
drugs ragging harassment security sexually,Security / Discipline,High,synth_highacc,6,2
case theft pending case stranger,Security / Discipline,Medium,synth_highacc,6,0
drugs theft peddling guard bully,Security / Discipline,Medium,synth_highacc,6,0
suspicious thief steal stranger complaint,Security / Discipline,High,synth_highacc,6,2
arrest abusing patrol offence cctv,Security / Discipline,Low,synth_highacc,6,1
case sexual pending harrash harrash,Security / Discipline,Medium,synth_highacc,6,0
harrass suspicious sexual smoke guard,Security / Discipline,High,synth_highacc,6,2
bully investigate complaint ragging interrogate,Security / Discipline,Medium,synth_highacc,6,0
accused trespass drugs witness theft,Security / Discipline,Medium,synth_highacc,6,0
theft suspicious reported patrol interrogate,Security / Discipline,High,synth_highacc,6,2
stranger harrass entry fight arrest,Security / Discipline,High,synth_highacc,6,2
offence witness serious steal sexual,Security / Discipline,Medium,synth_highacc,6,0
harrash abusing complaint interrogate sexual,Security / Discipline,Medium,synth_highacc,6,0
trespass steal prohibited bully complaint,Security / Discipline,High,synth_highacc,6,2
interrogate alcohol suspect trespass abuse,Security / Discipline,High,synth_highacc,6,2
abuse teasing vandalism threaten witness,Security / Discipline,Low,synth_highacc,6,1
evidence witness arrest interrogate investigate,Security / Discipline,Medium,synth_highacc,6,0
sexual patrol harassment tease ragging,Security / Discipline,High,synth_highacc,6,2
bully suspicious complaint violence report,Security / Discipline,Medium,synth_highacc,6,0
evidence danger teasing interrogate thief,Security / Discipline,High,synth_highacc,6,2
violence offence physical suspicious accused,Security / Discipline,Low,synth_highacc,6,1
danger drugs warning complaint stranger,Security / Discipline,Medium,synth_highacc,6,0
suspicious theft guard stranger arrest,Security / Discipline,Low,synth_highacc,6,1
suspicious arrest activity sexual patrol,Security / Discipline,Medium,synth_highacc,6,0
patrol fir increased interrogate sexually,Security / Discipline,Medium,synth_highacc,6,0
trespass threaten prohibited harassment threaten,Security / Discipline,Low,synth_highacc,6,1
suspicious thief activity abuse threaten,Security / Discipline,High,synth_highacc,6,2
suspicious stolen guard stranger danger,Security / Discipline,Low,synth_highacc,6,1
danger stranger warning interrogate theft,Security / Discipline,Low,synth_highacc,6,1
accused haras stranger witness threaten,Security / Discipline,High,synth_highacc,6,2
complaint fir registered sexual harass,Security / Discipline,High,synth_highacc,6,2
evidence sexual teasing interrogate alcohol,Security / Discipline,High,synth_highacc,6,2
abuse threaten abusing threaten thief,Security / Discipline,Medium,synth_highacc,6,0
bully bully complaint arrest witness,Security / Discipline,Medium,synth_highacc,6,0
danger violence warning harrash ragging,Security / Discipline,Medium,synth_highacc,6,0
cctv danger footage tease complaint,Security / Discipline,Medium,synth_highacc,6,0
evidence unsafe collected report haras,Security / Discipline,High,synth_highacc,6,2
sexual teasing harrash ragging haras,Security / Discipline,Medium,synth_highacc,6,0
alcohol teasing consumption danger danger,Security / Discipline,Low,synth_highacc,6,1
theft complaint reported witness drugs,Security / Discipline,High,synth_highacc,6,2
drugs vandalism alcohol security harrash,Security / Discipline,Low,synth_highacc,6,1
violence smoke physical offence unsafe,Security / Discipline,High,synth_highacc,6,2
evidence stranger collected drugs stranger,Security / Discipline,Medium,synth_highacc,6,0
suspicious weapon activity weapon drugs,Security / Discipline,Low,synth_highacc,6,1
alcohol steal consumption weapon harass,Security / Discipline,Low,synth_highacc,6,1
patrol danger increased bully report,Security / Discipline,High,synth_highacc,6,2
ragging haras stopped accused investigate,Security / Discipline,High,synth_highacc,6,2
sexual threaten harassment stolen violence,Security / Discipline,Low,synth_highacc,6,1
abuse interrogate verbal theft drugs,Security / Discipline,High,synth_highacc,6,2
suspicious stolen activity harass stolen,Security / Discipline,Medium,synth_highacc,6,0
tease evidence sexual harrash suspicious,Security / Discipline,High,synth_highacc,6,2
danger threaten complaint unsafe security,Security / Discipline,High,synth_highacc,6,2
harassment stolen filed harrass report,Security / Discipline,High,synth_highacc,6,2
vandalism stolen property offence abuse,Security / Discipline,High,synth_highacc,6,2
violence fir guard weapon haras,Security / Discipline,Low,synth_highacc,6,1
evidence witness collected sexual danger,Security / Discipline,High,synth_highacc,6,2
theft theft reported guard accused,Security / Discipline,High,synth_highacc,6,2
guard harrass harassment cctv theft,Security / Discipline,Low,synth_highacc,6,1
cctv harrass footage patrol harrash,Security / Discipline,Low,synth_highacc,6,1
patrol harrash security investigate steal,Security / Discipline,High,synth_highacc,6,2
unsafe violence feel stolen harrass,Security / Discipline,Medium,synth_highacc,6,0
abuse security verbal tease bully,Security / Discipline,High,synth_highacc,6,2
accused accused arrest witness smoke,Security / Discipline,High,synth_highacc,6,2
patrol harrass increased alcohol sexual,Security / Discipline,High,synth_highacc,6,2
steal tease sexual thief interrogate,Security / Discipline,Low,synth_highacc,6,1
alcohol cctv offence smoke investigate,Security / Discipline,Low,synth_highacc,6,1
stranger security entry threaten threaten,Security / Discipline,High,synth_highacc,6,2
danger report guard unsafe trespass,Security / Discipline,High,synth_highacc,6,2
evidence violence vandalism interrogate offence,Security / Discipline,Low,synth_highacc,6,1
suspicious weapon activity alcohol sexual,Security / Discipline,Low,synth_highacc,6,1
arrest drugs harrass offence complaint,Security / Discipline,Medium,synth_highacc,6,0
theft report danger thief,Security / Discipline,High,synth_highacc,6,2
fir interrogate lodged accused smoke,Security / Discipline,Low,synth_highacc,6,1
bully haras complaint drugs drugs,Security / Discipline,Medium,synth_highacc,6,0
theft sexually stranger cctv,Security / Discipline,High,synth_highacc,6,2
patrol stranger patrol investigate vandalism,Security / Discipline,High,synth_highacc,6,2
ragging tease evidence fight sexual,Security / Discipline,Medium,synth_highacc,6,0
fir complaint lodged suspicious drugs,Security / Discipline,High,synth_highacc,6,2
harrash haras complaint fight interrogate,Security / Discipline,Medium,synth_highacc,6,0
abuse harassment verbal evidence security,Security / Discipline,Medium,synth_highacc,6,0
stranger case entry interrogate tease,Security / Discipline,High,synth_highacc,6,2
arrest cctv made interrogate patrol,Security / Discipline,Medium,synth_highacc,6,0
trespass offence unsafe vandalism report,Security / Discipline,High,synth_highacc,6,2
bully report complaint accused violence,Security / Discipline,Low,synth_highacc,6,1
stolen steal sexually harassment abusing,Security / Discipline,Low,synth_highacc,6,1
complaint harrash registered guard arrest,Security / Discipline,Medium,synth_highacc,6,0
steal abusing caught bully harrash,Security / Discipline,Low,synth_highacc,6,1
offence vandalism serious weapon harassment,Security / Discipline,Low,synth_highacc,6,1
patrol ragging increased harrass thief,Security / Discipline,High,synth_highacc,6,2
ragging smoke trespass fight case,Security / Discipline,High,synth_highacc,6,2
tease steal sexual tease unsafe,Security / Discipline,Low,synth_highacc,6,1
interrogate smoke suspect vandalism haras,Security / Discipline,High,synth_highacc,6,2
smoke fir detected teasing teasing,Security / Discipline,Medium,synth_highacc,6,0
trespass smoke prohibited arrest threaten,Security / Discipline,Low,synth_highacc,6,1
guard sexually alcohol cctv patrol,Security / Discipline,Low,synth_highacc,6,1
abuse report steal threaten witness,Security / Discipline,High,synth_highacc,6,2
danger abuse thief unsafe haras,Security / Discipline,Low,synth_highacc,6,1
ragging weapon stopped complaint investigate,Security / Discipline,Low,synth_highacc,6,1
harassment tease filed arrest evidence,Security / Discipline,High,synth_highacc,6,2
trespass teasing prohibited abuse complaint,Security / Discipline,Medium,synth_highacc,6,0
vandalism stranger property stranger accused,Security / Discipline,High,synth_highacc,6,2
harrash haras complaint harassment smoke,Security / Discipline,Medium,synth_highacc,6,0
investigate vandalism matter harassment complaint,Security / Discipline,Low,synth_highacc,6,1
trespass patrol danger vandalism harrash,Security / Discipline,Low,synth_highacc,6,1
trespass abusing prohibited stolen case,Security / Discipline,High,synth_highacc,6,2
harassment steal filed abusing threaten,Security / Discipline,Medium,synth_highacc,6,0
fight stranger broke harassment sexually,Security / Discipline,Medium,synth_highacc,6,0
ragging investigate complaint fight bully,Security / Discipline,High,synth_highacc,6,2
patrol cctv increased danger violence,Security / Discipline,High,synth_highacc,6,2
harass investigate offence bully harrass,Security / Discipline,High,synth_highacc,6,2
stranger ragging entry evidence steal,Security / Discipline,Low,synth_highacc,6,1
harassment weapon filed ragging teasing,Security / Discipline,Medium,synth_highacc,6,0
sexual stolen harassment haras abuse,Security / Discipline,High,synth_highacc,6,2
haras suspicious sexually interrogate stolen,Security / Discipline,Low,synth_highacc,6,1
trespass harassment prohibited complaint accused,Security / Discipline,High,synth_highacc,6,2
tease thief sexual stranger harassment,Security / Discipline,Medium,synth_highacc,6,0
cctv accused footage harass fir,Security / Discipline,Medium,synth_highacc,6,0
trespass fight thief vandalism harrash,Security / Discipline,Low,synth_highacc,6,1
trespass cctv prohibited abusing evidence,Security / Discipline,Medium,synth_highacc,6,0
danger security warning danger abusing,Security / Discipline,Low,synth_highacc,6,1
harass steal teasing bully investigate,Security / Discipline,High,synth_highacc,6,2
sexually vandalism abusing arrest arrest,Security / Discipline,High,synth_highacc,6,2
steal fir security thief stolen,Security / Discipline,Medium,synth_highacc,6,0
sexual vandalism harrash offence haras,Security / Discipline,Medium,synth_highacc,6,0
interrogate alcohol suspect fir haras,Security / Discipline,Low,synth_highacc,6,1
unsafe harrass feel accused trespass,Security / Discipline,Medium,synth_highacc,6,0
guard suspicious alcohol cctv stolen,Security / Discipline,Low,synth_highacc,6,1
fir harass report complaint theft,Security / Discipline,Low,synth_highacc,6,1
threaten investigate life complaint thief,Security / Discipline,Low,synth_highacc,6,1
sexually bully abusing stolen harassment,Security / Discipline,Low,synth_highacc,6,1
trespass smoke tease vandalism threaten,Security / Discipline,Low,synth_highacc,6,1
steal stranger caught case evidence,Security / Discipline,Low,synth_highacc,6,1
arrest haras case offence violence,Security / Discipline,Medium,synth_highacc,6,0
complaint harrass registered interrogate harassment,Security / Discipline,Low,synth_highacc,6,1
accused investigate abuse witness guard,Security / Discipline,High,synth_highacc,6,2
witness stranger statement abusing smoke,Security / Discipline,High,synth_highacc,6,2
theft trespass reported fir threaten,Security / Discipline,High,synth_highacc,6,2
report patrol fight case unsafe,Security / Discipline,High,synth_highacc,6,2
weapon cctv found harrash stolen,Security / Discipline,Medium,synth_highacc,6,0
threaten accused life guard fight,Security / Discipline,Low,synth_highacc,6,1
patrol haras patrol investigate abusing,Security / Discipline,Medium,synth_highacc,6,0
witness fir statement abuse harrass,Security / Discipline,Medium,synth_highacc,6,0
offence sexual serious thief bully,Security / Discipline,High,synth_highacc,6,2
unsafe evidence feel drugs harrass,Security / Discipline,Low,synth_highacc,6,1
trespass thief prohibited fight fight,Security / Discipline,High,synth_highacc,6,2
fight danger broke harass stolen,Security / Discipline,Medium,synth_highacc,6,0
harrash accused complaint vandalism guard,Security / Discipline,Low,synth_highacc,6,1
sexually vandalism abusing vandalism smoke,Security / Discipline,Low,synth_highacc,6,1
fir abuse vandalism complaint tease,Security / Discipline,High,synth_highacc,6,2
danger investigate warning stolen interrogate,Security / Discipline,Medium,synth_highacc,6,0
stolen investigate stranger harassment steal,Security / Discipline,High,synth_highacc,6,2
case suspicious pending ragging report,Security / Discipline,Low,synth_highacc,6,1
case steal pending suspicious accused,Security / Discipline,Medium,synth_highacc,6,0
sexually alcohol abusing stolen harrash,Security / Discipline,High,synth_highacc,6,2
fight arrest broke threaten investigate,Security / Discipline,Medium,synth_highacc,6,0
danger complaint warning complaint patrol,Security / Discipline,Medium,synth_highacc,6,0
alcohol vandalism drugs smoke bully,Security / Discipline,Low,synth_highacc,6,1
theft fight arrest fight,Security / Discipline,Low,synth_highacc,6,1
report investigate threaten case suspicious,Security / Discipline,High,synth_highacc,6,2
abuse thief verbal accused fight,Security / Discipline,Medium,synth_highacc,6,0
evidence interrogate ragging interrogate evidence,Security / Discipline,High,synth_highacc,6,2
theft harrass danger complaint,Security / Discipline,High,synth_highacc,6,2
steal ragging caught tease smoke,Security / Discipline,Medium,synth_highacc,6,0
steal smoke theft thief drugs,Security / Discipline,Low,synth_highacc,6,1
bully security complaint witness fir,Security / Discipline,Low,synth_highacc,6,1
threaten stolen life report harass,Security / Discipline,Medium,synth_highacc,6,0
patrol fir increased unsafe harassment,Security / Discipline,Medium,synth_highacc,6,0
drugs ragging fight security ragging,Security / Discipline,Medium,synth_highacc,6,0
trespass abusing witness vandalism tease,Security / Discipline,Low,synth_highacc,6,1
sexually accused abusing evidence stolen,Security / Discipline,Low,synth_highacc,6,1
suspicious evidence thief stranger tease,Security / Discipline,High,synth_highacc,6,2
vandalism smoke property report unsafe,Security / Discipline,Low,synth_highacc,6,1
alcohol abusing consumption stolen ragging,Security / Discipline,Medium,synth_highacc,6,0
steal arrest stranger thief investigate,Security / Discipline,High,synth_highacc,6,2
stolen case bully harassment stranger,Security / Discipline,Low,synth_highacc,6,1
ragging cctv smoke fight harrass,Security / Discipline,High,synth_highacc,6,2
ragging bully abuse fight unsafe,Security / Discipline,High,synth_highacc,6,2
ragging arrest stopped weapon harassment,Security / Discipline,High,synth_highacc,6,2
danger threaten warning sexual steal,Security / Discipline,Medium,synth_highacc,6,0
cctv trespass footage suspicious weapon,Security / Discipline,High,synth_highacc,6,2
ragging security stopped threaten accused,Security / Discipline,Low,synth_highacc,6,1
alcohol trespass thief smoke threaten,Security / Discipline,Low,synth_highacc,6,1
drugs steal peddling harrash case,Security / Discipline,Low,synth_highacc,6,1
harrass unsafe sexual cctv cctv,Security / Discipline,High,synth_highacc,6,2
arrest stranger made abuse vandalism,Security / Discipline,High,synth_highacc,6,2
stolen interrogate sexual harassment vandalism,Security / Discipline,High,synth_highacc,6,2
abuse harassment abusing threaten complaint,Security / Discipline,High,synth_highacc,6,2
smoke witness detected fir weapon,Security / Discipline,High,synth_highacc,6,2
offence harrass serious patrol stolen,Security / Discipline,High,synth_highacc,6,2
stranger interrogate entry patrol patrol,Security / Discipline,Medium,synth_highacc,6,0
steal fight caught teasing complaint,Security / Discipline,Medium,synth_highacc,6,0
report suspicious bully case trespass,Security / Discipline,Low,synth_highacc,6,1
suspicious unsafe activity harrass offence,Security / Discipline,Low,synth_highacc,6,1
unsafe weapon feel trespass harass,Security / Discipline,Medium,synth_highacc,6,0
alcohol cctv consumption harassment trespass,Security / Discipline,High,synth_highacc,6,2
stranger case entry abusing smoke,Security / Discipline,Medium,synth_highacc,6,0
fir complaint haras complaint investigate,Security / Discipline,Low,synth_highacc,6,1
sexual weapon harrash arrest report,Security / Discipline,High,synth_highacc,6,2
trespass case ragging vandalism threaten,Security / Discipline,Medium,synth_highacc,6,0
steal harrass caught harass weapon,Security / Discipline,Medium,synth_highacc,6,0
vandalism sexual property complaint guard,Security / Discipline,High,synth_highacc,6,2
sexual teasing harassment tease drugs,Security / Discipline,Low,synth_highacc,6,1
alcohol harrass weapon smoke ragging,Security / Discipline,High,synth_highacc,6,2
arrest security made harrash haras,Security / Discipline,Low,synth_highacc,6,1
tease alcohol sexual steal offence,Security / Discipline,Low,synth_highacc,6,1
ragging haras cctv fight patrol,Security / Discipline,Medium,synth_highacc,6,0
danger stranger warning haras violence,Security / Discipline,High,synth_highacc,6,2
alcohol bully consumption threaten harrass,Security / Discipline,Medium,synth_highacc,6,0
haras suspicious sexually report case,Security / Discipline,High,synth_highacc,6,2
danger thief harassment unsafe stranger,Security / Discipline,Medium,synth_highacc,6,0
threaten witness life smoke alcohol,Security / Discipline,Medium,synth_highacc,6,0
case security pending offence haras,Security / Discipline,High,synth_highacc,6,2
drugs report cctv security harass,Security / Discipline,Low,synth_highacc,6,1
theft report report trespass,Security / Discipline,High,synth_highacc,6,2
fir drugs lodged vandalism unsafe,Security / Discipline,Medium,synth_highacc,6,0
drugs cctv report security fight,Security / Discipline,Low,synth_highacc,6,1
fir danger guard complaint suspicious,Security / Discipline,Low,synth_highacc,6,1
smoke patrol detected patrol report,Security / Discipline,High,synth_highacc,6,2
harrash alcohol complaint threaten unsafe,Security / Discipline,Medium,synth_highacc,6,0
steal tease caught sexual thief,Security / Discipline,High,synth_highacc,6,2
sexual abuse harassment alcohol patrol,Security / Discipline,Medium,synth_highacc,6,0
smoke accused detected unsafe harrash,Security / Discipline,Medium,synth_highacc,6,0
arrest sexually harrass offence threaten,Security / Discipline,Medium,synth_highacc,6,0
trespass smoke prohibited abusing sexually,Security / Discipline,Medium,synth_highacc,6,0
accused case harrash witness abusing,Security / Discipline,High,synth_highacc,6,2
evidence sexual harrash interrogate abuse,Security / Discipline,High,synth_highacc,6,2
tease cctv sexual sexually steal,Security / Discipline,High,synth_highacc,6,2
stolen investigate investigate harassment teasing,Security / Discipline,Low,synth_highacc,6,1
trespass steal prohibited trespass abuse,Security / Discipline,Medium,synth_highacc,6,0
smoke alcohol detected smoke patrol,Security / Discipline,Low,synth_highacc,6,1
tease drugs sexual threaten harrass,Security / Discipline,High,synth_highacc,6,2
arrest harrass made smoke alcohol,Security / Discipline,Medium,synth_highacc,6,0
accused harass haras witness fight,Security / Discipline,High,synth_highacc,6,2
complaint harrass registered stranger harass,Security / Discipline,High,synth_highacc,6,2
sexually abusing teasing harassment unsafe,Security / Discipline,Low,synth_highacc,6,1
vandalism suspicious property fight drugs,Security / Discipline,High,synth_highacc,6,2
witness cctv statement arrest harassment,Security / Discipline,High,synth_highacc,6,2
interrogate unsafe suspect thief alcohol,Security / Discipline,Low,synth_highacc,6,1
arrest patrol made unsafe teasing,Security / Discipline,High,synth_highacc,6,2
complaint witness registered thief witness,Security / Discipline,High,synth_highacc,6,2
theft bully haras report,Security / Discipline,Medium,synth_highacc,6,0
sexually abusing abusing arrest teasing,Security / Discipline,Medium,synth_highacc,6,0
stranger sexual entry guard tease,Security / Discipline,High,synth_highacc,6,2
trespass threaten prohibited haras teasing,Security / Discipline,High,synth_highacc,6,2
sexual harass harassment patrol abuse,Security / Discipline,Low,synth_highacc,6,1
verification application done letterhead procedure,Administration,High,synth_highacc,7,2
processing pending notice stamp certificate,Administration,Medium,synth_highacc,7,0
certificate dean issue regulation registration,Administration,High,synth_highacc,7,2
deadline registrar missed guideline enrollment,Administration,Medium,synth_highacc,7,0
regulation circular strict affidavit stamp,Administration,Medium,synth_highacc,7,0
status notary clerk notary circular,Administration,Medium,synth_highacc,7,0
procedure processing lengthy guideline registration,Administration,High,synth_highacc,7,2
dean procedure approval letterhead clerk,Administration,Low,synth_highacc,7,1
status approval affidavit notary notary,Administration,Medium,synth_highacc,7,0
registration attestation completed admission registrar,Administration,High,synth_highacc,7,2
verification approval done stamp attestation,Administration,Medium,synth_highacc,7,0
endorse approval document enrollment notice,Administration,Medium,synth_highacc,7,0
application signature fee submission notary,Administration,Medium,synth_highacc,7,0
procedure regulation lengthy verification circular,Administration,Low,synth_highacc,7,1
certificate clerk dean application official,Administration,Low,synth_highacc,7,1
registration certificate completed procedure submission,Administration,Medium,synth_highacc,7,0
document circular missing admission verification,Administration,Medium,synth_highacc,7,0
attestation verification needed registration dean,Administration,Low,synth_highacc,7,1
certificate letterhead delayed deadline registrar,Administration,Medium,synth_highacc,7,0
status pending unknown certificate clerk,Administration,Medium,synth_highacc,7,0
registration registrar completed policy notary,Administration,Low,synth_highacc,7,1
guideline seal followed submission guideline,Administration,Low,synth_highacc,7,1
processing regulation slow admission signature,Administration,High,synth_highacc,7,2
guideline document followed affidavit deadline,Administration,Low,synth_highacc,7,1
admission application form submission notice,Administration,Medium,synth_highacc,7,0
dean submission approval submission procedure,Administration,Low,synth_highacc,7,1
notary certificate attest official seal,Administration,Medium,synth_highacc,7,0
guideline seal followed stamp pending,Administration,High,synth_highacc,7,2
enrollment status confirmed notice registrar,Administration,Medium,synth_highacc,7,0
regulation endorse enrollment guideline admission,Administration,Medium,synth_highacc,7,0
processing pending procedure deadline registrar,Administration,Low,synth_highacc,7,1
approval status document signature submission,Administration,High,synth_highacc,7,2
enrollment official registration registration processing,Administration,Medium,synth_highacc,7,0
approval stamp clerk signature clerk,Administration,Low,synth_highacc,7,1
status guideline submission notary notice,Administration,Low,synth_highacc,7,1
approval dean deadline signature approval,Administration,Medium,synth_highacc,7,0
notary registration attest signature pending,Administration,High,synth_highacc,7,2
certificate status delayed application application,Administration,Low,synth_highacc,7,1
policy deadline unclear notice submission,Administration,High,synth_highacc,7,2
registration document completed document deadline,Administration,High,synth_highacc,7,2
submission endorse pending signature approval,Administration,High,synth_highacc,7,2
deadline processing missed registration seal,Administration,High,synth_highacc,7,2
approval processing pending admission verification,Administration,High,synth_highacc,7,2
signature document attestation clerk dean,Administration,Medium,synth_highacc,7,0
deadline submission approval dean guideline,Administration,High,synth_highacc,7,2
official registration letter clerk verification,Administration,Low,synth_highacc,7,1
status affidavit verification notary procedure,Administration,Medium,synth_highacc,7,0
official clerk letter endorse notice,Administration,High,synth_highacc,7,2
policy registrar unclear registration document,Administration,Medium,synth_highacc,7,0
approval registration awaited affidavit enrollment,Administration,High,synth_highacc,7,2
application approval fee attestation registrar,Administration,High,synth_highacc,7,2
certificate registration submission application registrar,Administration,Medium,synth_highacc,7,0
clerk letterhead rude policy approval,Administration,High,synth_highacc,7,2
approval admission pending signature processing,Administration,High,synth_highacc,7,2
clerk approval procedure admission stamp,Administration,Low,synth_highacc,7,1
procedure policy lengthy registrar application,Administration,Low,synth_highacc,7,1
enrollment regulation confirmed pending letterhead,Administration,High,synth_highacc,7,2
approval pending awaited policy submission,Administration,Low,synth_highacc,7,1
stamp seal submission letterhead dean,Administration,Medium,synth_highacc,7,0
approval deadline pending admission pending,Administration,Low,synth_highacc,7,1
approval admission notice signature policy,Administration,High,synth_highacc,7,2
registration status completed document dean,Administration,High,synth_highacc,7,2
processing pending submission procedure processing,Administration,Medium,synth_highacc,7,0
guideline letterhead followed admission affidavit,Administration,High,synth_highacc,7,2
endorse affidavit admission attestation notice,Administration,Medium,synth_highacc,7,0
policy procedure unclear status deadline,Administration,High,synth_highacc,7,2
clerk endorse approval admission verification,Administration,High,synth_highacc,7,2
registrar registration signature dean submission,Administration,Low,synth_highacc,7,1
regulation official deadline guideline approval,Administration,Low,synth_highacc,7,1
deadline submission attestation status approval,Administration,Low,synth_highacc,7,1
verification letterhead done stamp guideline,Administration,High,synth_highacc,7,2
procedure signature lengthy deadline status,Administration,High,synth_highacc,7,2
registration registration completed document clerk,Administration,Low,synth_highacc,7,1
verification clerk done deadline endorse,Administration,High,synth_highacc,7,2
certificate official delayed admission regulation,Administration,Medium,synth_highacc,7,0
notice guideline board stamp signature,Administration,Medium,synth_highacc,7,0
regulation circular strict seal processing,Administration,High,synth_highacc,7,2
application enrollment fee official regulation,Administration,Medium,synth_highacc,7,0
official attestation letter seal endorse,Administration,Medium,synth_highacc,7,0
signature deadline attestation status endorse,Administration,Low,synth_highacc,7,1
regulation official notice guideline pending,Administration,Medium,synth_highacc,7,0
document admission verification stamp,Administration,Low,synth_highacc,7,1
official application letter document clerk,Administration,High,synth_highacc,7,2
deadline submission seal notice approval,Administration,High,synth_highacc,7,2
letterhead admission format approval certificate,Administration,High,synth_highacc,7,2
letterhead regulation format stamp application,Administration,Medium,synth_highacc,7,0
status procedure unknown notary registrar,Administration,Medium,synth_highacc,7,0
status document unknown endorse seal,Administration,Medium,synth_highacc,7,0
application pending rejected endorse status,Administration,Medium,synth_highacc,7,0
deadline deadline missed clerk enrollment,Administration,High,synth_highacc,7,2
document registration verification endorse dean,Administration,High,synth_highacc,7,2
guideline guideline followed circular seal,Administration,Low,synth_highacc,7,1
deadline signature missed approval deadline,Administration,Low,synth_highacc,7,1
certificate stamp delayed dean policy,Administration,Low,synth_highacc,7,1
letterhead processing official official policy,Administration,High,synth_highacc,7,2
document registration verification admission policy,Administration,High,synth_highacc,7,2
submission dean pending affidavit processing,Administration,High,synth_highacc,7,2
processing circular slow endorse letterhead,Administration,Low,synth_highacc,7,1
regulation document processing guideline registrar,Administration,Low,synth_highacc,7,1
clerk endorse processing admission regulation,Administration,Low,synth_highacc,7,1
procedure stamp letterhead policy status,Administration,Low,synth_highacc,7,1
signature application required notary certificate,Administration,Low,synth_highacc,7,1
policy processing unclear attestation verification,Administration,High,synth_highacc,7,2
official admission letter clerk official,Administration,Low,synth_highacc,7,1
endorse affidavit procedure registration registration,Administration,Medium,synth_highacc,7,0
application letterhead fee enrollment clerk,Administration,High,synth_highacc,7,2
signature official required application notary,Administration,High,synth_highacc,7,2
processing pending affidavit stamp affidavit,Administration,High,synth_highacc,7,2
certificate notice delayed signature pending,Administration,Medium,synth_highacc,7,0
circular attestation issued letterhead notice,Administration,Medium,synth_highacc,7,0
affidavit approval sworn procedure notary,Administration,Medium,synth_highacc,7,0
notary enrollment attest stamp document,Administration,Medium,synth_highacc,7,0
letterhead submission format circular enrollment,Administration,High,synth_highacc,7,2
verification seal done regulation procedure,Administration,Low,synth_highacc,7,1
admission enrollment form stamp endorse,Administration,High,synth_highacc,7,2
document seal attestation enrollment,Administration,High,synth_highacc,7,2
deadline submission document policy clerk,Administration,Medium,synth_highacc,7,0
enrollment endorse enrollment registration endorse,Administration,Medium,synth_highacc,7,0
policy endorse unclear document regulation,Administration,Medium,synth_highacc,7,0
approval guideline dean signature guideline,Administration,Medium,synth_highacc,7,0
enrollment certificate confirmed notice notice,Administration,Medium,synth_highacc,7,0
certificate guideline delayed certificate policy,Administration,Low,synth_highacc,7,1
application endorse fee letterhead regulation,Administration,High,synth_highacc,7,2
letterhead letterhead format stamp letterhead,Administration,High,synth_highacc,7,2
notary submission attest procedure processing,Administration,Low,synth_highacc,7,1
approval enrollment document signature regulation,Administration,High,synth_highacc,7,2
procedure notice deadline policy stamp,Administration,Low,synth_highacc,7,1
clerk verification pending admission status,Administration,Low,synth_highacc,7,1
stamp seal attestation guideline notice,Administration,Low,synth_highacc,7,1
signature approval required status procedure,Administration,Medium,synth_highacc,7,0
deadline submission guideline regulation deadline,Administration,Low,synth_highacc,7,1
registrar pending office circular status,Administration,Medium,synth_highacc,7,0
application stamp fee notary policy,Administration,High,synth_highacc,7,2
clerk official rude document affidavit,Administration,High,synth_highacc,7,2
enrollment verification confirmed pending circular,Administration,High,synth_highacc,7,2
stamp seal application seal pending,Administration,High,synth_highacc,7,2
procedure deadline dean policy application,Administration,Low,synth_highacc,7,1
attestation certificate needed dean regulation,Administration,Low,synth_highacc,7,1
certificate official issue verification stamp,Administration,High,synth_highacc,7,2
signature pending attestation pending affidavit,Administration,Low,synth_highacc,7,1
approval dean pending procedure enrollment,Administration,Low,synth_highacc,7,1
registrar attestation office policy pending,Administration,High,synth_highacc,7,2
clerk policy endorse admission attestation,Administration,Low,synth_highacc,7,1
verification endorse application attestation stamp,Administration,High,synth_highacc,7,2
clerk stamp admission admission policy,Administration,High,synth_highacc,7,2
certificate submission stamp application processing,Administration,Low,synth_highacc,7,1
processing pending guideline enrollment attestation,Administration,Low,synth_highacc,7,1
approval affidavit awaited registrar clerk,Administration,High,synth_highacc,7,2
notary affidavit attest notary status,Administration,Low,synth_highacc,7,1
signature submission attestation deadline signature,Administration,Medium,synth_highacc,7,0
stamp seal registration notice clerk,Administration,Low,synth_highacc,7,1
certificate signature delayed policy admission,Administration,Medium,synth_highacc,7,0
status pending seal notary dean,Administration,Low,synth_highacc,7,1
circular notice clerk dean notice,Administration,Medium,synth_highacc,7,0
document application missing letterhead enrollment,Administration,High,synth_highacc,7,2
clerk enrollment rude submission guideline,Administration,High,synth_highacc,7,2
attestation pending needed guideline circular,Administration,Low,synth_highacc,7,1
approval affidavit pending signature policy,Administration,Medium,synth_highacc,7,0
procedure procedure policy policy seal,Administration,High,synth_highacc,7,2
verification enrollment done guideline processing,Administration,High,synth_highacc,7,2
application seal rejected admission notice,Administration,High,synth_highacc,7,2
circular pending issued deadline processing,Administration,Medium,synth_highacc,7,0
clerk official submission admission seal,Administration,Medium,synth_highacc,7,0
processing pending attestation dean certificate,Administration,Low,synth_highacc,7,1
regulation circular strict guideline stamp,Administration,Medium,synth_highacc,7,0
letterhead attestation policy official admission,Administration,Medium,synth_highacc,7,0
notice registration board circular policy,Administration,Low,synth_highacc,7,1
signature notice required approval guideline,Administration,Medium,synth_highacc,7,0
document stamp verification letterhead,Administration,Medium,synth_highacc,7,0
registrar guideline office notary approval,Administration,Low,synth_highacc,7,1
dean clerk approval stamp attestation,Administration,High,synth_highacc,7,2
circular notice submission document attestation,Administration,High,synth_highacc,7,2
letterhead policy format policy notice,Administration,Medium,synth_highacc,7,0
approval registration awaited letterhead pending,Administration,Low,synth_highacc,7,1
document deadline missing enrollment regulation,Administration,Medium,synth_highacc,7,0
official circular letter registration clerk,Administration,Low,synth_highacc,7,1
status submission endorse notary notary,Administration,High,synth_highacc,7,2
enrollment verification verification registration submission,Administration,Medium,synth_highacc,7,0
notice registration board policy document,Administration,Low,synth_highacc,7,1
policy stamp unclear endorse clerk,Administration,High,synth_highacc,7,2
certificate affidavit issue official seal,Administration,High,synth_highacc,7,2
registration signature deadline signature circular,Administration,Medium,synth_highacc,7,0
stamp seal application clerk processing,Administration,Low,synth_highacc,7,1
dean attestation approval registration stamp,Administration,Medium,synth_highacc,7,0
document circular signature seal,Administration,Low,synth_highacc,7,1
approval clerk pending application stamp,Administration,Low,synth_highacc,7,1
processing pending verification application deadline,Administration,Low,synth_highacc,7,1
procedure circular procedure policy status,Administration,Medium,synth_highacc,7,0
document letterhead stamp enrollment,Administration,Low,synth_highacc,7,1
official procedure letter circular registration,Administration,High,synth_highacc,7,2
processing pending endorse letterhead circular,Administration,Medium,synth_highacc,7,0
letterhead notice format registrar submission,Administration,Low,synth_highacc,7,1
admission signature form admission submission,Administration,Low,synth_highacc,7,1
enrollment submission confirmed admission notary,Administration,Medium,synth_highacc,7,0
affidavit deadline sworn status verification,Administration,High,synth_highacc,7,2
enrollment procedure confirmed application enrollment,Administration,Medium,synth_highacc,7,0
endorse deadline document policy document,Administration,Low,synth_highacc,7,1
submission stamp pending submission registrar,Administration,Medium,synth_highacc,7,0
clerk admission rude official pending,Administration,Low,synth_highacc,7,1
processing regulation slow submission registration,Administration,Low,synth_highacc,7,1
notary registrar attest signature letterhead,Administration,Low,synth_highacc,7,1
approval seal clerk signature verification,Administration,Low,synth_highacc,7,1
registrar registration office guideline stamp,Administration,Medium,synth_highacc,7,0
procedure clerk clerk policy registration,Administration,High,synth_highacc,7,2
official certificate letter dean affidavit,Administration,Medium,synth_highacc,7,0
circular notice stamp registration circular,Administration,High,synth_highacc,7,2
enrollment attestation processing registration application,Administration,Medium,synth_highacc,7,0
affidavit deadline sworn approval guideline,Administration,Medium,synth_highacc,7,0
document stamp admission signature,Administration,High,synth_highacc,7,2
policy registration unclear circular attestation,Administration,Low,synth_highacc,7,1
procedure guideline lengthy affidavit circular,Administration,Medium,synth_highacc,7,0
verification submission done certificate clerk,Administration,Medium,synth_highacc,7,0
document deadline missing guideline approval,Administration,High,synth_highacc,7,2
attestation official needed enrollment submission,Administration,Medium,synth_highacc,7,0
application admission fee status procedure,Administration,Medium,synth_highacc,7,0
verification processing stamp attestation verification,Administration,High,synth_highacc,7,2
registration registration deadline status circular,Administration,Low,synth_highacc,7,1
procedure document admission policy affidavit,Administration,High,synth_highacc,7,2
deadline dean missed seal official,Administration,High,synth_highacc,7,2
approval status awaited attestation verification,Administration,Low,synth_highacc,7,1
letterhead clerk format certificate approval,Administration,Medium,synth_highacc,7,0
letterhead enrollment format certificate notary,Administration,High,synth_highacc,7,2
affidavit enrollment sworn dean verification,Administration,Medium,synth_highacc,7,0
affidavit clerk sworn submission pending,Administration,Low,synth_highacc,7,1
guideline dean followed stamp clerk,Administration,Medium,synth_highacc,7,0
registration document completed attestation admission,Administration,Medium,synth_highacc,7,0
status certificate unknown regulation approval,Administration,Medium,synth_highacc,7,0
approval certificate awaited procedure deadline,Administration,Medium,synth_highacc,7,0
endorse affidavit stamp application procedure,Administration,Low,synth_highacc,7,1
letterhead deadline signature official guideline,Administration,Medium,synth_highacc,7,0
verification notary done dean enrollment,Administration,Medium,synth_highacc,7,0
certificate regulation issue registrar endorse,Administration,High,synth_highacc,7,2
regulation policy strict attestation certificate,Administration,Low,synth_highacc,7,1
signature enrollment required certificate signature,Administration,High,synth_highacc,7,2
approval guideline awaited processing notary,Administration,Low,synth_highacc,7,1
admission official form deadline application,Administration,Medium,synth_highacc,7,0
status deadline unknown clerk verification,Administration,Medium,synth_highacc,7,0
certificate stamp affidavit application deadline,Administration,Medium,synth_highacc,7,0
approval guideline awaited deadline notary,Administration,Low,synth_highacc,7,1
verification affidavit done approval processing,Administration,Low,synth_highacc,7,1
notice dean board clerk regulation,Administration,High,synth_highacc,7,2
guideline status followed processing registrar,Administration,High,synth_highacc,7,2
stamp seal enrollment policy letterhead,Administration,Low,synth_highacc,7,1
registration endorse deadline verification dean,Administration,High,synth_highacc,7,2
certificate submission issue stamp dean,Administration,High,synth_highacc,7,2
endorse certificate document regulation registration,Administration,Low,synth_highacc,7,1
affidavit clerk sworn dean document,Administration,Medium,synth_highacc,7,0
processing pending document processing verification,Administration,High,synth_highacc,7,2
letterhead dean dean official attestation,Administration,High,synth_highacc,7,2
status admission unknown approval registrar,Administration,Low,synth_highacc,7,1
certificate notice admission application registrar,Administration,Low,synth_highacc,7,1
processing clerk slow deadline notice,Administration,High,synth_highacc,7,2
letterhead policy format verification guideline,Administration,High,synth_highacc,7,2
registrar procedure office registration letterhead,Administration,High,synth_highacc,7,2
document admission admission admission,Administration,Medium,synth_highacc,7,0
attestation signature needed attestation status,Administration,High,synth_highacc,7,2
procedure seal lengthy procedure notice,Administration,Low,synth_highacc,7,1
affidavit registration sworn dean registration,Administration,Low,synth_highacc,7,1
endorse status document policy affidavit,Administration,Low,synth_highacc,7,1
status letterhead unknown procedure enrollment,Administration,Low,synth_highacc,7,1
processing pending deadline official enrollment,Administration,Medium,synth_highacc,7,0
application submission rejected admission attestation,Administration,High,synth_highacc,7,2
letterhead document format signature regulation,Administration,High,synth_highacc,7,2
regulation regulation enrollment guideline policy,Administration,Medium,synth_highacc,7,0
registration submission completed document submission,Administration,Medium,synth_highacc,7,0
circular deadline issued letterhead registrar,Administration,Medium,synth_highacc,7,0
guideline signature followed registration regulation,Administration,Low,synth_highacc,7,1
enrollment registration seal registration seal,Administration,Low,synth_highacc,7,1
notice clerk board stamp status,Administration,Low,synth_highacc,7,1
document submission verification deadline registration,Administration,High,synth_highacc,7,2
registration enrollment completed submission seal,Administration,Medium,synth_highacc,7,0
submission dean pending admission submission,Administration,Medium,synth_highacc,7,0
status approval unknown circular notary,Administration,High,synth_highacc,7,2
status submission unknown guideline admission,Administration,High,synth_highacc,7,2
guideline procedure followed registration registrar,Administration,Medium,synth_highacc,7,0
procedure submission lengthy attestation clerk,Administration,Medium,synth_highacc,7,0
regulation endorse status guideline stamp,Administration,Medium,synth_highacc,7,0
application document rejected procedure pending,Administration,Medium,synth_highacc,7,0
registration attestation deadline guideline stamp,Administration,High,synth_highacc,7,2
enrollment registration policy registration guideline,Administration,Medium,synth_highacc,7,0
registration verification completed seal guideline,Administration,Low,synth_highacc,7,1
processing registrar slow signature regulation,Administration,High,synth_highacc,7,2
policy application unclear regulation policy,Administration,High,synth_highacc,7,2
registration affidavit completed document admission,Administration,High,synth_highacc,7,2
endorse affidavit stamp policy guideline,Administration,Medium,synth_highacc,7,0
affidavit application sworn affidavit enrollment,Administration,Low,synth_highacc,7,1
signature regulation attestation notary processing,Administration,High,synth_highacc,7,2
admission procedure form official status,Administration,Low,synth_highacc,7,1
regulation attestation enrollment guideline deadline,Administration,Low,synth_highacc,7,1
circular notice letterhead endorse notice,Administration,Low,synth_highacc,7,1
signature signature required clerk application,Administration,Low,synth_highacc,7,1
processing pending policy attestation attestation,Administration,Low,synth_highacc,7,1
affidavit regulation sworn attestation registrar,Administration,Low,synth_highacc,7,1
letterhead official format guideline approval,Administration,High,synth_highacc,7,2
registrar status office endorse endorse,Administration,Low,synth_highacc,7,1
endorse affidavit attestation deadline affidavit,Administration,Low,synth_highacc,7,1
document deadline certificate circular,Administration,High,synth_highacc,7,2
registration status completed official letterhead,Administration,Medium,synth_highacc,7,0
registrar processing verification dean affidavit,Administration,Medium,synth_highacc,7,0
application procedure fee approval notice,Administration,High,synth_highacc,7,2
notary procedure attest notice document,Administration,Medium,synth_highacc,7,0
official pending letter deadline certificate,Administration,Medium,synth_highacc,7,0
enrollment pending confirmed pending deadline,Administration,Low,synth_highacc,7,1
clerk registration rude notice endorse,Administration,High,synth_highacc,7,2
status guideline unknown attestation verification,Administration,Low,synth_highacc,7,1
enrollment signature status registration dean,Administration,High,synth_highacc,7,2
registration processing deadline approval deadline,Administration,Low,synth_highacc,7,1
clerk verification rude circular admission,Administration,Low,synth_highacc,7,1
endorse affidavit processing letterhead seal,Administration,Medium,synth_highacc,7,0
enrollment admission guideline registration notice,Administration,Low,synth_highacc,7,1
letterhead notary format notice letterhead,Administration,Low,synth_highacc,7,1
registration dean deadline admission clerk,Administration,High,synth_highacc,7,2
attestation admission needed processing attestation,Administration,High,synth_highacc,7,2
document policy missing dean regulation,Administration,Low,synth_highacc,7,1
registration signature deadline signature official,Administration,Medium,synth_highacc,7,0
certificate registrar notary application enrollment,Administration,High,synth_highacc,7,2
clerk notice rude clerk clerk,Administration,High,synth_highacc,7,2
regulation policy guideline guideline clerk,Administration,Medium,synth_highacc,7,0
application attestation fee circular clerk,Administration,Low,synth_highacc,7,1
signature processing attestation notice signature,Administration,Low,synth_highacc,7,1
submission clerk pending status registration,Administration,Medium,synth_highacc,7,0
status registrar unknown document status,Administration,Low,synth_highacc,7,1
deadline clerk missed signature policy,Administration,Low,synth_highacc,7,1
document enrollment missing deadline official,Administration,High,synth_highacc,7,2
regulation registration strict letterhead regulation,Administration,Low,synth_highacc,7,1
dean guideline approval signature policy,Administration,High,synth_highacc,7,2
signature official required enrollment registration,Administration,Medium,synth_highacc,7,0
notary stamp attest status official,Administration,Medium,synth_highacc,7,0
circular notice letterhead notary registration,Administration,Low,synth_highacc,7,1
endorse affidavit document application admission,Administration,Low,synth_highacc,7,1
approval seal pending registrar signature,Administration,Medium,synth_highacc,7,0
submission submission pending deadline processing,Administration,Low,synth_highacc,7,1
notary seal attest enrollment letterhead,Administration,Medium,synth_highacc,7,0
notice endorse board guideline endorse,Administration,Low,synth_highacc,7,1
signature status attestation pending processing,Administration,High,synth_highacc,7,2
status deadline seal notary enrollment,Administration,High,synth_highacc,7,2
approval registration guideline signature approval,Administration,Medium,synth_highacc,7,0
policy application unclear dean procedure,Administration,High,synth_highacc,7,2
signature procedure attestation status application,Administration,Low,synth_highacc,7,1
attestation policy needed official registrar,Administration,Low,synth_highacc,7,1
document processing missing deadline stamp,Administration,High,synth_highacc,7,2
notary status attest registrar registrar,Administration,High,synth_highacc,7,2
application attestation fee stamp certificate,Administration,High,synth_highacc,7,2
certificate procedure delayed dean application,Administration,High,synth_highacc,7,2
deadline submission deadline pending endorse,Administration,Low,synth_highacc,7,1
letterhead official clerk official certificate,Administration,Low,synth_highacc,7,1
status registrar policy notary submission,Administration,High,synth_highacc,7,2
official attestation letter approval procedure,Administration,Low,synth_highacc,7,1
signature processing required guideline application,Administration,Low,synth_highacc,7,1
official approval letter attestation application,Administration,Medium,synth_highacc,7,0
deadline submission approval procedure policy,Administration,Low,synth_highacc,7,1
submission letterhead pending clerk policy,Administration,Low,synth_highacc,7,1
deadline verification missed status notary,Administration,Low,synth_highacc,7,1
approval notary awaited attestation submission,Administration,High,synth_highacc,7,2
deadline submission policy processing guideline,Administration,High,synth_highacc,7,2
registration attestation deadline document dean,Administration,Medium,synth_highacc,7,0
submission dean pending letterhead guideline,Administration,Low,synth_highacc,7,1
registrar official office letterhead official,Administration,Medium,synth_highacc,7,0
notary clerk attest dean status,Administration,High,synth_highacc,7,2
endorse affidavit admission dean circular,Administration,High,synth_highacc,7,2
policy clerk unclear guideline attestation,Administration,Low,synth_highacc,7,1
registration affidavit deadline stamp letterhead,Administration,Low,synth_highacc,7,1
signature notary required official letterhead,Administration,Medium,synth_highacc,7,0
regulation stamp application guideline submission,Administration,Medium,synth_highacc,7,0
affidavit clerk sworn approval endorse,Administration,Medium,synth_highacc,7,0
registrar guideline office circular procedure,Administration,Low,synth_highacc,7,1
deadline submission submission approval submission,Administration,Low,synth_highacc,7,1
processing pending clerk official clerk,Administration,Medium,synth_highacc,7,0
document official verification letterhead approval,Administration,High,synth_highacc,7,2
approval endorse pending regulation seal,Administration,High,synth_highacc,7,2
affidavit signature sworn admission stamp,Administration,Low,synth_highacc,7,1
document registration verification processing stamp,Administration,Low,synth_highacc,7,1
processing circular slow stamp admission,Administration,High,synth_highacc,7,2
official guideline letter regulation processing,Administration,Medium,synth_highacc,7,0
document deadline verification dean registrar,Administration,Medium,synth_highacc,7,0
official endorse letter status pending,Administration,Medium,synth_highacc,7,0
clerk signature rude clerk admission,Administration,High,synth_highacc,7,2
dean pending approval deadline admission,Administration,Medium,synth_highacc,7,0
approval verification pending policy registration,Administration,Medium,synth_highacc,7,0
document submission affidavit registration,Administration,Low,synth_highacc,7,1
registration enrollment completed guideline processing,Administration,Low,synth_highacc,7,1
letterhead submission format dean document,Administration,High,synth_highacc,7,2
deadline submission seal circular notice,Administration,Medium,synth_highacc,7,0
application pending rejected enrollment document,Administration,Medium,synth_highacc,7,0
verification processing done registration admission,Administration,High,synth_highacc,7,2
circular deadline issued seal processing,Administration,Low,synth_highacc,7,1
processing official slow attestation status,Administration,Medium,synth_highacc,7,0
enrollment application registrar registration stamp,Administration,Medium,synth_highacc,7,0
approval letterhead awaited affidavit deadline,Administration,High,synth_highacc,7,2
official affidavit letter affidavit certificate,Administration,High,synth_highacc,7,2
admission notice form affidavit endorse,Administration,High,synth_highacc,7,2
procedure registrar lengthy dean regulation,Administration,High,synth_highacc,7,2
admission certificate form approval certificate,Administration,High,synth_highacc,7,2
registrar dean office procedure enrollment,Administration,Medium,synth_highacc,7,0
application approval rejected letterhead signature,Administration,High,synth_highacc,7,2
registrar admission submission dean deadline,Administration,Medium,synth_highacc,7,0
procedure status signature policy policy,Administration,Medium,synth_highacc,7,0
notice seal board procedure application,Administration,Medium,synth_highacc,7,0
endorse affidavit admission policy procedure,Administration,High,synth_highacc,7,2
document procedure missing official pending,Administration,Medium,synth_highacc,7,0
certificate document issue signature submission,Administration,Low,synth_highacc,7,1
certificate notice issue deadline admission,Administration,Medium,synth_highacc,7,0
document attestation verification deadline notary,Administration,Low,synth_highacc,7,1
circular notice admission attestation registrar,Administration,Medium,synth_highacc,7,0
clerk admission rude seal circular,Administration,High,synth_highacc,7,2
document dean missing regulation deadline,Administration,Low,synth_highacc,7,1
letterhead approval guideline official verification,Administration,Medium,synth_highacc,7,0
enrollment processing confirmed letterhead processing,Administration,Low,synth_highacc,7,1
regulation certificate strict endorse official,Administration,Medium,synth_highacc,7,0
shelf rack section rack nonfiction,Library,Medium,synth_highacc,8,0
print fiction queue locate photocopy,Library,High,synth_highacc,8,2
research magazine newspaper reference research,Library,High,synth_highacc,8,2
reading silent nonfiction newspaper almanac,Library,High,synth_highacc,8,2
bibliography fine section magazine section,Library,Medium,synth_highacc,8,0
membership aisle expire borrow photocopy,Library,Low,synth_highacc,8,1
photocopy photocopy almanac print volume,Library,High,synth_highacc,8,2
research section paper shelf counter,Library,High,synth_highacc,8,2
book book overdue librarian shelf,Library,Low,synth_highacc,8,1
section aisle silent section borrow,Library,Medium,synth_highacc,8,0
section aisle silent edition almanac,Library,High,synth_highacc,8,2
fiction fine available print borrow,Library,Low,synth_highacc,8,1
desk borrow staff penalty reading,Library,Low,synth_highacc,8,1
renew shelf edition fine rack,Library,Low,synth_highacc,8,1
print print queue magazine silent,Library,Medium,synth_highacc,8,0
section aisle penalty fine reading,Library,Low,synth_highacc,8,1
fine search waived membership penalty,Library,Medium,synth_highacc,8,0
shelf rack reference aisle research,Library,Medium,synth_highacc,8,0
shelf rack aisle penalty librarian,Library,Low,synth_highacc,8,1
penalty aisle charged counter fine,Library,Low,synth_highacc,8,1
desk librarian staff research newspaper,Library,Low,synth_highacc,8,1
silent volume zone research return,Library,Low,synth_highacc,8,1
penalty fiction print membership silent,Library,Medium,synth_highacc,8,0
scan penalty newspaper librarian nonfiction,Library,Medium,synth_highacc,8,0
catalogue catalogue search nonfiction research,Library,Medium,synth_highacc,8,0
shelf rack book librarian desk,Library,Medium,synth_highacc,8,0
renew print scan fine reading,Library,Low,synth_highacc,8,1
fine reading waived membership newspaper,Library,High,synth_highacc,8,2
bibliography librarian section bibliography shelf,Library,Medium,synth_highacc,8,0
journal silent subscription rack borrow,Library,Low,synth_highacc,8,1
photocopy book reference print volume,Library,Low,synth_highacc,8,1
card catalogue bibliography rack journal,Library,High,synth_highacc,8,2
counter desk locate scan desk,Library,Low,synth_highacc,8,1
renew renew request renew volume,Library,Low,synth_highacc,8,1
research renew paper scan research,Library,Low,synth_highacc,8,1
shelf rack fiction penalty reading,Library,Medium,synth_highacc,8,0
edition scan outdated catalogue silent,Library,Low,synth_highacc,8,1
shelf rack photocopy shelf bibliography,Library,Low,synth_highacc,8,1
research borrow paper desk rack,Library,High,synth_highacc,8,2
borrow volume limit return return,Library,Low,synth_highacc,8,1
book print membership newspaper,Library,Medium,synth_highacc,8,0
research research bibliography reference almanac,Library,Medium,synth_highacc,8,0
print aisle queue reference book,Library,Medium,synth_highacc,8,0
catalogue bibliography search catalogue reference,Library,Medium,synth_highacc,8,0
fiction edition available scan article,Library,Medium,synth_highacc,8,0
locate fine shelf reference membership,Library,High,synth_highacc,8,2
card catalogue borrow membership newspaper,Library,High,synth_highacc,8,2
renew counter locate fine article,Library,Low,synth_highacc,8,1
section aisle catalogue renew reading,Library,Medium,synth_highacc,8,0
book almanac damaged volume volume,Library,High,synth_highacc,8,2
volume edition reference silent section,Library,Medium,synth_highacc,8,0
fiction borrow available rack librarian,Library,High,synth_highacc,8,2
newspaper fine renew article book,Library,Low,synth_highacc,8,1
edition rack outdated card return,Library,Medium,synth_highacc,8,0
magazine book torn bibliography bibliography,Library,Medium,synth_highacc,8,0
scan counter aisle librarian penalty,Library,Medium,synth_highacc,8,0
volume catalogue missing edition aisle,Library,Low,synth_highacc,8,1
research search paper nonfiction photocopy,Library,Medium,synth_highacc,8,0
photocopy catalogue photocopy print fiction,Library,High,synth_highacc,8,2
membership article expire photocopy volume,Library,Medium,synth_highacc,8,0
research scan section reference shelf,Library,High,synth_highacc,8,2
card catalogue article membership almanac,Library,Low,synth_highacc,8,1
penalty locate reference membership print,Library,Medium,synth_highacc,8,0
penalty section charged newspaper nonfiction,Library,Low,synth_highacc,8,1
return nonfiction date fine borrow,Library,High,synth_highacc,8,2
section aisle shelf fine print,Library,High,synth_highacc,8,2
aisle borrow light volume volume,Library,Low,synth_highacc,8,1
print scan queue edition membership,Library,High,synth_highacc,8,2
photocopy return machine scan return,Library,Low,synth_highacc,8,1
nonfiction return collection membership borrow,Library,High,synth_highacc,8,2
volume section missing fine search,Library,Low,synth_highacc,8,1
return locate date librarian volume,Library,Medium,synth_highacc,8,0
catalogue almanac search silent reference,Library,High,synth_highacc,8,2
journal book missing magazine catalogue,Library,High,synth_highacc,8,2
scan reading document penalty magazine,Library,Low,synth_highacc,8,1
card desk renewal reference borrow,Library,Medium,synth_highacc,8,0
reading silent card counter return,Library,High,synth_highacc,8,2
renew counter request fine card,Library,Medium,synth_highacc,8,0
research membership search reference reference,Library,Medium,synth_highacc,8,0
penalty borrow penalty membership aisle,Library,Low,synth_highacc,8,1
nonfiction search collection silent book,Library,High,synth_highacc,8,2
penalty volume reading membership volume,Library,Low,synth_highacc,8,1
desk bibliography staff membership aisle,Library,Medium,synth_highacc,8,0
penalty edition almanac membership borrow,Library,Low,synth_highacc,8,1
card photocopy renewal search rack,Library,Medium,synth_highacc,8,0
fiction nonfiction research almanac section,Library,High,synth_highacc,8,2
reading silent fiction locate membership,Library,High,synth_highacc,8,2
renew newspaper scan fine card,Library,High,synth_highacc,8,2
locate section shelf desk journal,Library,High,synth_highacc,8,2
renew search search fine catalogue,Library,High,synth_highacc,8,2
silent photocopy zone desk catalogue,Library,Medium,synth_highacc,8,0
borrow book article return fiction,Library,Low,synth_highacc,8,1
counter fiction staff membership section,Library,High,synth_highacc,8,2
volume edition article fiction librarian,Library,High,synth_highacc,8,2
photocopy librarian machine rack article,Library,High,synth_highacc,8,2
bibliography article section article research,Library,Low,synth_highacc,8,1
reference desk section counter rack,Library,Medium,synth_highacc,8,0
bibliography aisle section almanac volume,Library,Low,synth_highacc,8,1
return section date shelf penalty,Library,High,synth_highacc,8,2
photocopy shelf photocopy print article,Library,Medium,synth_highacc,8,0
renew shelf request almanac catalogue,Library,Medium,synth_highacc,8,0
nonfiction print collection print card,Library,Medium,synth_highacc,8,0
penalty journal charged silent almanac,Library,High,synth_highacc,8,2
edition catalogue outdated return penalty,Library,High,synth_highacc,8,2
desk silent staff counter print,Library,Low,synth_highacc,8,1
locate newspaper shelf photocopy print,Library,High,synth_highacc,8,2
print membership queue silent reading,Library,Low,synth_highacc,8,1
journal newspaper subscription counter silent,Library,High,synth_highacc,8,2
locate renew shelf librarian fine,Library,Medium,synth_highacc,8,0
book fiction damaged print photocopy,Library,Medium,synth_highacc,8,0
reference return section return silent,Library,Low,synth_highacc,8,1
penalty fine reading membership nonfiction,Library,High,synth_highacc,8,2
bibliography locate section edition renew,Library,Medium,synth_highacc,8,0
volume magazine missing fine newspaper,Library,Low,synth_highacc,8,1
book counter damaged catalogue borrow,Library,High,synth_highacc,8,2
article edition unavailable print counter,Library,Low,synth_highacc,8,1
borrow article limit locate newspaper,Library,Medium,synth_highacc,8,0
section aisle aisle rack card,Library,High,synth_highacc,8,2
search locate search shelf fiction,Library,Low,synth_highacc,8,1
reading membership area card membership,Library,Medium,synth_highacc,8,0
bibliography penalty section borrow book,Library,Medium,synth_highacc,8,0
almanac shelf bibliography bibliography aisle,Library,Medium,synth_highacc,8,0
scan fine document desk renew,Library,High,synth_highacc,8,2
counter counter staff librarian catalogue,Library,High,synth_highacc,8,2
reference catalogue section section scan,Library,Medium,synth_highacc,8,0
almanac silent edition bibliography print,Library,Low,synth_highacc,8,1
reading reference area silent card,Library,High,synth_highacc,8,2
counter reference staff article nonfiction,Library,High,synth_highacc,8,2
catalogue edition search silent article,Library,High,synth_highacc,8,2
section aisle print membership almanac,Library,Medium,synth_highacc,8,0
librarian journal help almanac aisle,Library,Medium,synth_highacc,8,0
counter section staff magazine return,Library,Low,synth_highacc,8,1
scan aisle document journal print,Library,Medium,synth_highacc,8,0
book borrow damaged magazine print,Library,Low,synth_highacc,8,1
journal search subscription catalogue shelf,Library,High,synth_highacc,8,2
aisle fiction light section reference,Library,Medium,synth_highacc,8,0
counter desk aisle reading edition,Library,High,synth_highacc,8,2
nonfiction reading collection photocopy membership,Library,High,synth_highacc,8,2
silent desk zone borrow edition,Library,High,synth_highacc,8,2
counter silent staff book journal,Library,High,synth_highacc,8,2
card print renewal research magazine,Library,High,synth_highacc,8,2
research volume desk reference return,Library,High,synth_highacc,8,2
scan card renew librarian renew,Library,Low,synth_highacc,8,1
bibliography fiction section research photocopy,Library,Low,synth_highacc,8,1
renew counter librarian fine desk,Library,Medium,synth_highacc,8,0
reading bibliography area reference photocopy,Library,Low,synth_highacc,8,1
renew reading print fine renew,Library,High,synth_highacc,8,2
fine catalogue waived fiction newspaper,Library,Low,synth_highacc,8,1
fiction nonfiction counter fine membership,Library,Medium,synth_highacc,8,0
bibliography newspaper section photocopy aisle,Library,Low,synth_highacc,8,1
photocopy catalogue machine shelf journal,Library,High,synth_highacc,8,2
newspaper scan article article return,Library,Low,synth_highacc,8,1
photocopy book machine book silent,Library,Medium,synth_highacc,8,0
journal shelf missing scan magazine,Library,Low,synth_highacc,8,1
scan fiction renew librarian edition,Library,Low,synth_highacc,8,1
research article material borrow scan,Library,High,synth_highacc,8,2
photocopy aisle renew print nonfiction,Library,Low,synth_highacc,8,1
penalty shelf charged rack edition,Library,Low,synth_highacc,8,1
journal locate missing article print,Library,High,synth_highacc,8,2
photocopy volume return print article,Library,Medium,synth_highacc,8,0
scan borrow photocopy librarian almanac,Library,High,synth_highacc,8,2
scan librarian document aisle research,Library,High,synth_highacc,8,2
scan magazine document photocopy card,Library,Medium,synth_highacc,8,0
search locate card fiction fine,Library,Medium,synth_highacc,8,0
journal print journal magazine bibliography,Library,High,synth_highacc,8,2
book article damaged volume newspaper,Library,High,synth_highacc,8,2
bibliography silent section volume edition,Library,High,synth_highacc,8,2
return edition date fine locate,Library,Medium,synth_highacc,8,0
card catalogue aisle fine locate,Library,High,synth_highacc,8,2
fine counter waived section librarian,Library,Low,synth_highacc,8,1
locate shelf shelf fiction article,Library,Medium,synth_highacc,8,0
scan bibliography document librarian reading,Library,Medium,synth_highacc,8,0
desk locate staff journal volume,Library,Low,synth_highacc,8,1
scan newspaper reading librarian edition,Library,Low,synth_highacc,8,1
bibliography silent section journal edition,Library,Low,synth_highacc,8,1
newspaper reading librarian article fine,Library,Medium,synth_highacc,8,0
print journal queue section nonfiction,Library,High,synth_highacc,8,2
photocopy nonfiction scan print rack,Library,Low,synth_highacc,8,1
renew almanac renew fine membership,Library,High,synth_highacc,8,2
magazine magazine torn penalty fiction,Library,Low,synth_highacc,8,1
librarian book help rack librarian,Library,Low,synth_highacc,8,1
reading research area locate book,Library,Low,synth_highacc,8,1
fiction photocopy available renew librarian,Library,Low,synth_highacc,8,1
reference counter section rack borrow,Library,Low,synth_highacc,8,1
aisle card light catalogue section,Library,High,synth_highacc,8,2
librarian reading help penalty search,Library,Medium,synth_highacc,8,0
reading book area desk desk,Library,Medium,synth_highacc,8,0
volume edition fine fiction catalogue,Library,High,synth_highacc,8,2
book counter rack aisle,Library,Low,synth_highacc,8,1
fiction membership available magazine research,Library,Low,synth_highacc,8,1
reading silent fiction magazine renew,Library,High,synth_highacc,8,2
magazine return torn catalogue counter,Library,Medium,synth_highacc,8,0
print locate queue locate catalogue,Library,Low,synth_highacc,8,1
card research renewal counter fine,Library,Low,synth_highacc,8,1
scan fiction document fine reference,Library,High,synth_highacc,8,2
journal bibliography bibliography magazine article,Library,Low,synth_highacc,8,1
section aisle rack librarian renew,Library,Low,synth_highacc,8,1
card magazine renewal card section,Library,High,synth_highacc,8,2
reference aisle section borrow aisle,Library,High,synth_highacc,8,2
desk rack staff nonfiction fine,Library,Low,synth_highacc,8,1
journal silent subscription rack book,Library,Low,synth_highacc,8,1
article catalogue unavailable renew print,Library,Medium,synth_highacc,8,0
scan journal counter librarian librarian,Library,Low,synth_highacc,8,1
book nonfiction overdue magazine membership,Library,Low,synth_highacc,8,1
edition fine outdated photocopy aisle,Library,Low,synth_highacc,8,1
penalty magazine charged card volume,Library,Medium,synth_highacc,8,0
scan return document borrow silent,Library,Low,synth_highacc,8,1
penalty magazine desk membership volume,Library,High,synth_highacc,8,2
shelf rack return silent scan,Library,Low,synth_highacc,8,1
search locate article membership book,Library,Medium,synth_highacc,8,0
book journal librarian research,Library,Low,synth_highacc,8,1
card rack renewal edition magazine,Library,Low,synth_highacc,8,1
bibliography bibliography section librarian locate,Library,High,synth_highacc,8,2
volume librarian missing aisle card,Library,High,synth_highacc,8,2
locate catalogue shelf print almanac,Library,Medium,synth_highacc,8,0
search locate almanac edition scan,Library,Low,synth_highacc,8,1
search locate locate renew librarian,Library,Medium,synth_highacc,8,0
reading silent scan shelf section,Library,Medium,synth_highacc,8,0
search locate rack almanac desk,Library,High,synth_highacc,8,2
print membership queue counter reference,Library,High,synth_highacc,8,2
research penalty material counter desk,Library,Medium,synth_highacc,8,0
membership aisle expire aisle librarian,Library,Medium,synth_highacc,8,0
reference photocopy section silent counter,Library,Low,synth_highacc,8,1
journal volume subscription penalty card,Library,Low,synth_highacc,8,1
book fine damaged fine scan,Library,Medium,synth_highacc,8,0
scan desk document scan reading,Library,Low,synth_highacc,8,1
return borrow date bibliography article,Library,High,synth_highacc,8,2
bibliography aisle section reading desk,Library,Low,synth_highacc,8,1
scan penalty photocopy librarian return,Library,High,synth_highacc,8,2
borrow volume limit section renew,Library,Medium,synth_highacc,8,0
shelf rack penalty librarian renew,Library,Medium,synth_highacc,8,0
research borrow paper counter fine,Library,Low,synth_highacc,8,1
renew silent request almanac card,Library,High,synth_highacc,8,2
card catalogue fiction silent volume,Library,High,synth_highacc,8,2
edition rack outdated article magazine,Library,Low,synth_highacc,8,1
shelf rack book journal photocopy,Library,Low,synth_highacc,8,1
magazine print torn fine borrow,Library,Low,synth_highacc,8,1
journal magazine missing scan silent,Library,High,synth_highacc,8,2
penalty bibliography charged photocopy renew,Library,Medium,synth_highacc,8,0
journal article missing return borrow,Library,Low,synth_highacc,8,1
renew research request edition desk,Library,Low,synth_highacc,8,1
scan bibliography document search card,Library,Low,synth_highacc,8,1
fiction borrow available aisle article,Library,Low,synth_highacc,8,1
card catalogue librarian bibliography librarian,Library,Medium,synth_highacc,8,0
reading silent shelf scan aisle,Library,High,synth_highacc,8,2
librarian renew help aisle shelf,Library,Medium,synth_highacc,8,0
fiction print available photocopy newspaper,Library,Medium,synth_highacc,8,0
research renew reference reference reading,Library,High,synth_highacc,8,2
return borrow date research fine,Library,High,synth_highacc,8,2
magazine locate torn newspaper print,Library,High,synth_highacc,8,2
locate shelf shelf desk return,Library,Medium,synth_highacc,8,0
fiction nonfiction fine nonfiction search,Library,High,synth_highacc,8,2
shelf rack fiction silent return,Library,Low,synth_highacc,8,1
bibliography card section reading catalogue,Library,Medium,synth_highacc,8,0
fine photocopy waived rack search,Library,High,synth_highacc,8,2
card almanac renewal newspaper photocopy,Library,High,synth_highacc,8,2
journal reference book magazine shelf,Library,Medium,synth_highacc,8,0
borrow fine limit bibliography librarian,Library,Medium,synth_highacc,8,0
journal search librarian magazine photocopy,Library,Medium,synth_highacc,8,0
silent section zone desk photocopy,Library,Low,synth_highacc,8,1
research catalogue material fine fiction,Library,Medium,synth_highacc,8,0
volume edition newspaper aisle newspaper,Library,High,synth_highacc,8,2
magazine nonfiction torn research shelf,Library,Low,synth_highacc,8,1
card article renewal card magazine,Library,Low,synth_highacc,8,1
reference magazine section borrow card,Library,Low,synth_highacc,8,1
research book book reference photocopy,Library,High,synth_highacc,8,2
research borrow almanac reference photocopy,Library,High,synth_highacc,8,2
renew research journal fine reference,Library,Low,synth_highacc,8,1
research newspaper paper renew newspaper,Library,High,synth_highacc,8,2
borrow book section return membership,Library,Low,synth_highacc,8,1
newspaper newspaper librarian article silent,Library,High,synth_highacc,8,2
photocopy fine machine bibliography fine,Library,High,synth_highacc,8,2
locate renew shelf bibliography locate,Library,High,synth_highacc,8,2
nonfiction journal collection aisle renew,Library,High,synth_highacc,8,2
book newspaper renew fine,Library,Medium,synth_highacc,8,0
search locate edition fine research,Library,High,synth_highacc,8,2
card magazine renewal fine renew,Library,Medium,synth_highacc,8,0
card membership renewal return counter,Library,High,synth_highacc,8,2
counter locate staff desk nonfiction,Library,High,synth_highacc,8,2
book penalty overdue section catalogue,Library,Medium,synth_highacc,8,0
research card paper volume book,Library,High,synth_highacc,8,2
nonfiction catalogue collection locate return,Library,Low,synth_highacc,8,1
newspaper magazine fiction article print,Library,High,synth_highacc,8,2
newspaper section newspaper article aisle,Library,Low,synth_highacc,8,1
research newspaper paper silent scan,Library,High,synth_highacc,8,2
nonfiction magazine collection catalogue silent,Library,Medium,synth_highacc,8,0
research bibliography material scan fiction,Library,Medium,synth_highacc,8,0
card fiction renewal silent edition,Library,High,synth_highacc,8,2
scan membership return librarian rack,Library,High,synth_highacc,8,2
research desk material almanac almanac,Library,Medium,synth_highacc,8,0
return almanac date almanac aisle,Library,Low,synth_highacc,8,1
search locate librarian desk shelf,Library,Low,synth_highacc,8,1
magazine librarian torn borrow counter,Library,Medium,synth_highacc,8,0
book section renew borrow,Library,High,synth_highacc,8,2
photocopy penalty article print shelf,Library,Medium,synth_highacc,8,0
catalogue borrow search search photocopy,Library,Low,synth_highacc,8,1
shelf rack fiction counter return,Library,Medium,synth_highacc,8,0
scan search document membership fine,Library,Medium,synth_highacc,8,0
aisle fiction light section section,Library,Low,synth_highacc,8,1
locate journal shelf print article,Library,Low,synth_highacc,8,1
magazine bibliography torn locate borrow,Library,Low,synth_highacc,8,1
photocopy fiction machine penalty desk,Library,Medium,synth_highacc,8,0
book reading return photocopy,Library,High,synth_highacc,8,2
journal section missing research reference,Library,High,synth_highacc,8,2
book photocopy overdue scan reference,Library,Medium,synth_highacc,8,0
librarian bibliography help magazine shelf,Library,Medium,synth_highacc,8,0
reference desk section card penalty,Library,Medium,synth_highacc,8,0
reading membership area silent bibliography,Library,Medium,synth_highacc,8,0
scan photocopy document photocopy fine,Library,Low,synth_highacc,8,1
magazine membership torn card card,Library,Medium,synth_highacc,8,0
librarian bibliography help shelf silent,Library,High,synth_highacc,8,2
renew librarian borrow fine silent,Library,Low,synth_highacc,8,1
photocopy fiction machine almanac search,Library,Low,synth_highacc,8,1
penalty librarian charged fine search,Library,High,synth_highacc,8,2
search locate scan journal bibliography,Library,Low,synth_highacc,8,1
section aisle book silent print,Library,High,synth_highacc,8,2
catalogue borrow search search silent,Library,Medium,synth_highacc,8,0
magazine edition torn fine fine,Library,High,synth_highacc,8,2
aisle research light locate journal,Library,High,synth_highacc,8,2
scan volume nonfiction librarian locate,Library,Low,synth_highacc,8,1
borrow section limit book reading,Library,Medium,synth_highacc,8,0
counter desk borrow locate shelf,Library,Low,synth_highacc,8,1
bibliography desk section newspaper scan,Library,Medium,synth_highacc,8,0
desk borrow staff aisle librarian,Library,High,synth_highacc,8,2
reading silent aisle silent article,Library,Medium,synth_highacc,8,0
membership search expire fine almanac,Library,Medium,synth_highacc,8,0
reading silent reference silent shelf,Library,Low,synth_highacc,8,1
newspaper silent bibliography article scan,Library,Low,synth_highacc,8,1
magazine librarian torn shelf section,Library,High,synth_highacc,8,2
magazine counter torn renew silent,Library,High,synth_highacc,8,2
card rack renewal locate silent,Library,High,synth_highacc,8,2
card rack renewal nonfiction journal,Library,High,synth_highacc,8,2
book reference damaged fiction magazine,Library,Low,synth_highacc,8,1
card catalogue borrow article volume,Library,Low,synth_highacc,8,1
book card damaged newspaper scan,Library,Medium,synth_highacc,8,0
article newspaper unavailable desk photocopy,Library,Low,synth_highacc,8,1
locate counter shelf edition journal,Library,High,synth_highacc,8,2
renew counter request borrow newspaper,Library,Low,synth_highacc,8,1
penalty return charged research catalogue,Library,Low,synth_highacc,8,1
almanac journal shelf bibliography journal,Library,High,synth_highacc,8,2
reading membership area bibliography rack,Library,Low,synth_highacc,8,1
section aisle membership borrow reference,Library,High,synth_highacc,8,2
magazine silent torn librarian counter,Library,Low,synth_highacc,8,1
silent locate zone fiction shelf,Library,High,synth_highacc,8,2
book desk damaged magazine rack,Library,Low,synth_highacc,8,1
counter rack staff penalty membership,Library,High,synth_highacc,8,2
locate book shelf print newspaper,Library,High,synth_highacc,8,2
reference nonfiction section return counter,Library,Low,synth_highacc,8,1
search locate edition book locate,Library,Medium,synth_highacc,8,0
scan scan document nonfiction librarian,Library,Low,synth_highacc,8,1
scan catalogue photocopy librarian fine,Library,Medium,synth_highacc,8,0
fiction nonfiction counter research locate,Library,Medium,synth_highacc,8,0
shelf rack aisle nonfiction counter,Library,Low,synth_highacc,8,1
photocopy research rack print librarian,Library,Low,synth_highacc,8,1
research penalty paper fine reading,Library,High,synth_highacc,8,2
nonfiction penalty collection reading scan,Library,Medium,synth_highacc,8,0
newspaper membership catalogue article penalty,Library,High,synth_highacc,8,2
shelf rack reading book penalty,Library,Low,synth_highacc,8,1
article penalty unavailable fiction librarian,Library,High,synth_highacc,8,2
magazine almanac torn counter return,Library,Medium,synth_highacc,8,0
catalogue locate search card magazine,Library,High,synth_highacc,8,2
renew book shelf fine journal,Library,Low,synth_highacc,8,1
volume edition book reading aisle,Library,Medium,synth_highacc,8,0
journal return subscription article journal,Library,Medium,synth_highacc,8,0
counter desk fine section scan,Library,Low,synth_highacc,8,1
volume edition desk shelf reading,Library,Low,synth_highacc,8,1
penalty reading borrow membership catalogue,Library,Medium,synth_highacc,8,0
counter desk research shelf bibliography,Library,Low,synth_highacc,8,1
book research newspaper card,Library,Medium,synth_highacc,8,0
counter search staff search shelf,Library,High,synth_highacc,8,2
librarian bibliography help magazine borrow,Library,Low,synth_highacc,8,1
research counter librarian reference shelf,Library,Low,synth_highacc,8,1
locate section shelf almanac desk,Library,Low,synth_highacc,8,1
book rack magazine search,Library,High,synth_highacc,8,2
book bibliography overdue fine search,Library,Low,synth_highacc,8,1
fiction search available fine card,Library,High,synth_highacc,8,2
penalty book charged rack section,Library,High,synth_highacc,8,2
reading fiction area membership journal,Library,Medium,synth_highacc,8,0
reference newspaper section scan almanac,Library,Medium,synth_highacc,8,0
print return queue scan scan,Library,High,synth_highacc,8,2
scan edition document borrow silent,Library,High,synth_highacc,8,2
edition print outdated desk renew,Library,High,synth_highacc,8,2
return scan date almanac print,Library,Medium,synth_highacc,8,0
search locate fiction edition desk,Library,Medium,synth_highacc,8,0
fine newspaper waived catalogue reference,Library,Medium,synth_highacc,8,0
research almanac material aisle edition,Library,High,synth_highacc,8,2
reading silent rack photocopy nonfiction,Library,High,synth_highacc,8,2
search locate photocopy edition return,Library,High,synth_highacc,8,2
card catalogue penalty counter newspaper,Library,Medium,synth_highacc,8,0
penalty nonfiction edition membership rack,Library,High,synth_highacc,8,2
renew book catalogue fine return,Library,High,synth_highacc,8,2
section aisle photocopy fiction research,Library,Medium,synth_highacc,8,0
journal scan subscription counter volume,Library,High,synth_highacc,8,2
return membership date print desk,Library,High,synth_highacc,8,2
card article renewal membership almanac,Library,Low,synth_highacc,8,1
reading fine area book nonfiction,Library,Low,synth_highacc,8,1
locate borrow shelf magazine reading,Library,Low,synth_highacc,8,1
card counter renewal reading penalty,Library,High,synth_highacc,8,2
edition article outdated fine shelf,Library,Low,synth_highacc,8,1
shelf rack locate research penalty,Library,Low,synth_highacc,8,1
desk magazine staff magazine catalogue,Library,Medium,synth_highacc,8,0
penalty section print membership counter,Library,Low,synth_highacc,8,1
reading reading area photocopy librarian,Library,Medium,synth_highacc,8,0
counter desk reading section bibliography,Library,High,synth_highacc,8,2
volume rack missing fiction rack,Library,Medium,synth_highacc,8,0
magazine print torn shelf catalogue,Library,High,synth_highacc,8,2
catalogue librarian search edition article,Library,Medium,synth_highacc,8,0
reading print area fiction shelf,Library,Medium,synth_highacc,8,0
journal fiction newspaper magazine bibliography,Library,Medium,synth_highacc,8,0
