text,category,priority,source,category_encoded,priority_encoded
vpn intermittently disconnects during remote work connections drop every 20 30 minutes while on client calls please review vpn logs and stability for my profile,IT Support,Medium,complaint_triage,0,0
request to map departmental research share i need read write access to the biology research drive the path in the wiki returns access denied could you confirm my group membership and map the drive no elevated privileges required,IT Support,Low,complaint_triage,0,1
canvas submission blocked by sso loop right before deadline sign in passes then loops to login again tried different browsers and cleared cache please break the loop or provide a temporary bypass this is time critical for my grade,IT Support,High,complaint_triage,0,2
matlab license request for course project i need matlab installed with the university license could you assist with activation on a managed laptop,IT Support,Low,complaint_triage,0,1
onedrive for education sync conflicts across lab and office pcs edits on the lab machine create conflicted copy when opened in my office i reinstalled the client and cleared cache issue persists version history shows parallel edits despite single user workflow please review client version throttling and campus network egress preserving version history is important for compliance happy to share log files and affected folder ids kindly propose a safe clean up process,IT Support,Medium,complaint_triage,0,0
library printer queue stuck at processing jobs appear in the queue but nothing prints i restarted the spooler and re added the printer toner and paper are full please check device status and backend print server,IT Support,Medium,complaint_triage,0,0
mfa reset needed after phone replacement authenticator app on new device not recognized urgent reset required to access email and lms,IT Support,High,complaint_triage,0,2
trackpad lag on loaner laptop pointer stutters especially when zoom is open i updated drivers and toggled precision settings it s making note taking oddly frustrating any recommended fixes,IT Support,Low,complaint_triage,0,1
sharepoint course folder permission missing after enrollment i enrolled yesterday folder link says i lack permission classmates can open it fine signed out in and tried different browsers ta verified my email is on the list still blocked with the same error could you grant access so i can download lab files i m catching up on lectures,IT Support,Medium,complaint_triage,0,0
software center installs failing with generic error several updates show retry without details please push remediation or advise steps,IT Support,Low,complaint_triage,0,1
teams audio device not detected before thesis defense headset shows in system settings but not in teams checked privacy permissions and drivers defense starts in an hour please assist urgently policy refresh or workaround needed,IT Support,High,complaint_triage,0,2
ssl warning on internal faculty dashboard browser reports certificate name mismatch peers report identical interstitial warnings is this a renewal delay or misconfiguration please confirm san entries and chain trust provide guidance if pinning affects clients a short post incident note would help prefer resolution before grade submission week,IT Support,Medium,complaint_triage,0,0
request for lightweight image editor on lab pc i only need crop resize for a class assignment if there s a standard tool please deploy to my profile open source is fine no admin rights necessary if via portal,IT Support,Low,complaint_triage,0,1
proxy blocks vendor documentation site docs subdomain is categorized incorrectly please review and allow if appropriate,IT Support,Medium,complaint_triage,0,0
reported phishing fake bursar notice targeting students email requests payment via a suspicious external portal i did not click links others may have received it please initiate campus wide alert and filter updates headers available for analysis kindly confirm incident response steps time sensitive to prevent credential theft appreciate quick action,IT Support,High,complaint_triage,0,2
brightness hotkeys stopped after update display is stuck too bright in lecture halls please help restore hotkey functionality,IT Support,Low,complaint_triage,0,1
power bi workspace contributor access request need to publish departmental dashboards read only currently blocks refresh and edits please add my account to the correct security group workspace id ready to share,IT Support,Medium,complaint_triage,0,0
exam portal times out on campus wi fi works on hotspot sign in spins indefinitely on eduroam cleared cache tried multiple browsers exam closes in 45 minutes please fix routing or provide an immediate workaround,IT Support,High,complaint_triage,0,2
scheduled script misses run when laptop sleeps task is set for 3 a m local time if the laptop sleeps it never catches up wake the computer seems ineffective is there a recommended policy for this could this run on a server instead looking for reliability not urgent thanks for best practice guidance,IT Support,Low,complaint_triage,0,1
webcam turns off randomly during zoom seminars camera disconnects mid call and won t reconnect it s awkward in presentations please advise,IT Support,Medium,complaint_triage,0,0
new ra onboarding bundle of standard academic tools research assistant starts monday please provision accounts licenses and mfa sharepoint and git access aligned with project asset tag to follow,IT Support,Low,complaint_triage,0,1
sis login failing for multiple faculty members authentication errors began this morning message shows invalid sso token cache cookie clears did not help please check idp health and federation trust provide eta and any workaround this blocks grading submissions escalation requested,IT Support,High,complaint_triage,0,2
library printer shows quota exceeded unexpectedly i printed very little this month could you review and reset my quota,IT Support,Medium,complaint_triage,0,0
outlook search misses recent messages i can see them manually but search finds nothing index rebuild didn t help it slows me down open to a profile recreation if needed please advise a reliable fix,IT Support,Low,complaint_triage,0,1
restore request deleted lab dataset folder a research folder was removed from the network share today please restore from last night s backup needed for an irb review this afternoon path and timestamp available,IT Support,High,complaint_triage,0,2
bsods started after recent driver bundle blue screen roughly once per day event viewer indicates driver power state failure display driver rollback did not fix it please advise stable driver versions or rollback plan memory disk diagnostics passed logs are available moderate recurring impact,IT Support,Medium,complaint_triage,0,0
temporary admin rights for approved research tool need same day install of a vendor sdk approval attached please assign jit elevation,IT Support,Low,complaint_triage,0,1
wi fi drops in auditorium during live guest lecture signal reads strong yet connection resets intermittently audience can t view shared content when it drops please stabilize access points currently disruptive live session in progress,IT Support,High,complaint_triage,0,2
can t see course teams channel after being added roster shows me enrolled but the channel is missing signed out in and cleared cache peers see it fine i need this for group assignment planning please check policy sync and group membership would appreciate a quick fix thanks,IT Support,Medium,complaint_triage,0,0
legacy web app only works in ie mode buttons don t render in chrome edge ie mode works but prompts repeatedly can you confirm recommended settings we ll document for the department,IT Support,Low,complaint_triage,0,1
ransomware alert on shared research drive endpoint security flagged mass renames the suspected workstation was isolated request incident response engagement and scoping validate signatures and protect affected shares backups confirmed last week need restore readiness status updates every 30 minutes please high impact to research continuity,IT Support,High,complaint_triage,0,2
external monitor flickers at 60 hz in lab noticeable flicker causing eye strain any driver or refresh rate fix,IT Support,Medium,complaint_triage,0,0
access to campus research ssid requested approved for a research group mac address available if needed please grant access to run measurements thank you,IT Support,Low,complaint_triage,0,1
build server offline ci failing for capstone teams all builds queued with no agents available portal times out after restart blocks deployment to staging urgent attention requested,IT Support,High,complaint_triage,0,2
send as permission for departmental mailbox our staff needs send as for the advising mailbox read only at present is insufficient please grant via security group rather than individuals audit trail is maintained confirmation upon completion appreciated no time critical impact thank you,IT Support,Low,complaint_triage,0,1
password about to expire without prompts not receiving expiry notices as usual please push reset or extend grace period,IT Support,Medium,complaint_triage,0,0
lab pcs rejecting logins during scheduled practical multiple students can t sign in to desktops error user profile service failed the sign in practical begins in 30 minutes tried alternate stations same error please refresh the profile service and reimage if needed any immediate workaround is appreciated time sensitive for the course,IT Support,High,complaint_triage,0,2
calendar time zone mismatch for cross campus meetings invitees see incorrect times on recurring events it s caused a few missed sessions could someone verify dst and policy handling sample events available,IT Support,Low,complaint_triage,0,1
renew expiring certificate for internal app monitoring shows the cert expires in 10 days please renew and deploy across environments include intermediate chain validation kindly confirm completion,IT Support,Medium,complaint_triage,0,0
sso down for student services portal students cannot sign in enrollment impact likely please check idp status and recent changes,IT Support,High,complaint_triage,0,2
headset not recognized on library desktops usb headset lights up but no audio any quick policy or driver fix,IT Support,Low,complaint_triage,0,1
autocad sluggish after lab image update large drawings now take minutes to pan zoom disabling hardware acceleration didn t help gpu drivers appear current please suggest stable versions or configs deadlines are approaching this stresses the workflow logs available if needed thanks for your help,IT Support,Medium,complaint_triage,0,0
distribution list ownership change request assign primary ownership to the department lead enable moderation for external senders no immediate urgency we ll update documentation,IT Support,Low,complaint_triage,0,1
proctoring tool crashes during camera check app closes after verifying webcam reinstall didn t help and i m mid exam window please provide a stable build or workaround urgent please,IT Support,High,complaint_triage,0,2
rdp client error 0x204 to vdi gateway connection fails after credentials kindly review gateway or policy changes,IT Support,Medium,complaint_triage,0,0
persistent coil whine on assigned laptop there s a high pitched tone under light load not critical but distracting in quiet study rooms temperatures and performance are normal is a replacement warranted bios and firmware updated already open to testing another power adapter thanks for reviewing,IT Support,Low,complaint_triage,0,1
git repo access with lfs objects blocked can clone code but lfs files deny access please add me to the lfs enabled group this blocks reproducing builds repo name available,IT Support,Medium,complaint_triage,0,0
production api throttled after waf change clients receive http 429 across endpoints suspect new rate limit policy please confirm limits and burst behavior funding portal calls are throttled need rollback or higher quotas asap we ll adjust client backoff accordingly eta requested,IT Support,High,complaint_triage,0,2
projector not detected via hdmi in seminar room cable works on a different laptop my device mirrors briefly then disconnects any recommended adapter or driver weekly seminars depend on this,IT Support,Low,complaint_triage,0,1
teams notifications randomly silent missing mentions causes confusion in group work any stable fix would help,IT Support,Medium,complaint_triage,0,0
security alert unfamiliar login to student email alert shows sign in from another region password changed immediately please review account activity and enforce sign out mfa policy check requested,IT Support,High,complaint_triage,0,2
keyboard intermittently repeats keys e and backspace repeat occasionally causes frequent typos cleaned keycaps and updated firmware if covered can we arrange a keyboard swap not urgent but inconvenient i can visit the service desk thanks,IT Support,Low,complaint_triage,0,1
adobe license shows expired despite portal assignment acrobat pro won t open pdfs portal says license assigned app disagrees please resync the license need to edit a submission today,IT Support,Medium,complaint_triage,0,0
guest access request for shared site external collaborator needs two week access enable sharing for the specific library only,IT Support,Low,complaint_triage,0,1
critical spreadsheet corrupted after sync workbook opens with a corruption error auto save shows multiple conflicting versions urgently need a clean version restored please check revision history and backups due today for committee review exact path and timestamps available thank you for fast recovery,IT Support,High,complaint_triage,0,2
proxy authentication prompts hourly frequent prompts interrupt workflow please review sso session lifetimes,IT Support,Medium,complaint_triage,0,0
accessibility tools disabled on lab image narrator and high contrast are unavailable i rely on them for reading navigation is there an accessibility profile you can enable i can use a designated station if needed not urgent but important please advise the approved process thanks for supporting accessibility,IT Support,Low,complaint_triage,0,1
vpn split tunneling misroutes cloud storage cloud drive is very slow unless vpn is off impacts large file sync for coursework please review split routes and dns high priority due to deadlines,IT Support,High,complaint_triage,0,2
web sessions sign out too quickly forms lose data when timeouts hit re entering everything is discouraging could sso stickiness be improved any guidance appreciated,IT Support,Medium,complaint_triage,0,0
add me to cybersecurity awareness program please include me in monthly simulations i d like the training materials,IT Support,Low,complaint_triage,0,1
lab vpn failing during remote proctor setup exam requires lab resources via vpn currently failing window opens in 1 hour urgent help please,IT Support,High,complaint_triage,0,2
jenkins job failing after credential rotation logs show expired credentials for artifact storage secrets rotated last week per policy please update jenkins credential binding builds block integration tests we need it green for today s release i can share credential id and job name confirm once updated,IT Support,Medium,complaint_triage,0,0
mouse pointer vanishes after sleep i toggle touchpad to bring it back minor but breaks flow any driver or power setting fix thanks,IT Support,Low,complaint_triage,0,1
time sync drift on classroom pc clock lags by minutes each day causes meeting join issues please verify ntp source and policy thanks for checking,IT Support,Medium,complaint_triage,0,0
endpoint quarantined during research compute security agent isolated my device mid run please review and release if safe,IT Support,High,complaint_triage,0,2
bios password reset for surplus laptop purchased approved surplus device need bios reset to enable virtualization,IT Support,Low,complaint_triage,0,1
video calls stutter when screen sharing audio is fine until sharing starts then frames drop and lag appears bandwidth tests look strong this is stressful in presentations any gpu scheduling or teams optimization tips happy to run diagnostics thanks,IT Support,Medium,complaint_triage,0,0
static ip reservation for lab instrument we need a reserved ip on the local vlan mac and switch port available no internet access required please advise the process,IT Support,Low,complaint_triage,0,1
ta access denied to grading dashboard i m assigned as ta but can t access grading students await feedback today please add correct role or elevate access time sensitive,IT Support,High,complaint_triage,0,2
bitlocker recovery key requested after normal reboot unexpected key prompt appeared please provide key or explain trigger,IT Support,Medium,complaint_triage,0,0
legacy updater popup on login every day a legacy prompt appears at each login clicking it does nothing useful minor but breaks focus daily could we remove the startup task or retire the tool no functional need anymore happy to test post removal thanks for the cleanup,IT Support,Low,complaint_triage,0,1
shared mailbox search inconsistent searching by sender returns no results intermittently other users see the same behavior can indexing be rebuilt server side please advise,IT Support,Medium,complaint_triage,0,0
power bi data gateway offline refresh failures scheduled refreshes fail with gateway unreachable affects dean s dashboards please restart restore gateway services need eta for next successful refresh kindly share root cause when available business critical thank you,IT Support,High,complaint_triage,0,2
join request for student developer git org i m on the course roster please add me to the dev students team needed for assignment repos thanks,IT Support,Low,complaint_triage,0,1
vpn disconnects after sleep waking the laptop drops the tunnel small hassle many times a day,IT Support,Medium,complaint_triage,0,0
hello my z drive is gone today it was there yesterday i need my files for the 10am meeting please fix this asap i restarted twice and still nothing,IT Support,High,complaint_triage,0,2
hey can u guys unblock emails from partner corp com my boss says they sent the contract but i don t see it anywhere probably in the spam thing,IT Support,Low,complaint_triage,0,1
i am stuck in a loop i do the mfa on my phone it says success then the website just asks me to log in again over and over i tried chrome and safari my roommate is logged in fine on the same wifi so idk what the deal is help,IT Support,Medium,complaint_triage,0,0
my computer keeps making a random ding sound when i m typing and the keys start acting weird i think i have a virus or something it s really annoying during class,IT Support,Low,complaint_triage,0,1
urgent the compiler says no license found for the lab software i have a deadline tonight and i can t build my project can i get a temporary code or something,IT Support,High,complaint_triage,0,2
why can t i change my background on zoom anymore the button is grey i m in a shared house and it s messy behind me i really need this enabled for privacy,IT Support,Medium,complaint_triage,0,0
tablet pen wont connect to the pc in room 302 it worked last week i tried clicking the button on the top but nothing happens,IT Support,Low,complaint_triage,0,1
my lecture slides for the faculty presentation just stoped working it shows the splash screen then disappears i tried safe mode like google said but it didnt help i m presenting in 90 minutes please help me,IT Support,High,complaint_triage,0,2
i need to see the hr sharepoint for the audit thing my boss said i should have access for the next two weeks,IT Support,Medium,complaint_triage,0,0
getting insufficient privileges on the portal i did the training last month why is it still blocking me there are no cases yet but i need to make sure i m ready to go,IT Support,Low,complaint_triage,0,1
my thesis backup failed and says quota exceeded i literally cannot lose this data can you just give me more space for like a week,IT Support,High,complaint_triage,0,2
every time i switch from my speakers to my jabra headset the whole app freezes and i have to task manager it is there a driver update or something this is ruining my calls,IT Support,Medium,complaint_triage,0,0
we have a bunch of old teams from the seniors who graduated last year can we just archive them all they re just cluttering up the list,IT Support,Low,complaint_triage,0,1
the webhook for the grading tool is timing out it started after the maintenance window last night i m seeing tcp resets can someone check the firewall rules it s blocking grade posts,IT Support,Medium,complaint_triage,0,0
why is the marketplace timed out i m trying to install a python extension on the campus wifi and it just spins,IT Support,Low,complaint_triage,0,1
my laptop sounds like a jet engine just reading news articles no heavy apps open is there a fix for this it s embarrassing in the library,IT Support,Low,complaint_triage,0,1
hey i saw a weird account name in the last modified section of our research folder i don t recognize the user can you guys check the logs i m worried we got hacked,IT Support,Medium,complaint_triage,0,0
my vdi session closes every hour on the dot i m literally typing and it just disconnects takes forever to get back in,IT Support,Medium,complaint_triage,0,0
add me to lab equipment booking calendar can u add me to the spectrometer booking calendar i can see it but it wont let me add my name to a slot,IT Support,Low,complaint_triage,0,1
password reset link expired mid process i tried to reset my password but the link expired before i could click it now i m locked out of my email right before my tutorial starts pls reset,IT Support,Low,complaint_triage,0,1
saml assertion too large for vendor integration i m getting a saml response exceeds size error when trying to log into the vendor portal is that a me problem or a system problem,IT Support,Medium,complaint_triage,0,0
decommission unused service account we don t need the auto bot 01 account anymore it s for a project that ended delete it whenever,IT Support,Low,complaint_triage,0,1
locked out of university git after losing 2fa device i lost my phone at the gym and i didn t save my backup codes for git i need to submit my assignment by midnight i have my student id to prove who i am help,IT Support,Low,complaint_triage,0,1
conference room console can t join sip h 323 bridge the console in the conference room wont join the sip bridge it just says unable to connect we have a big meeting on friday need a workaround if it s not fixable,IT Support,Low,complaint_triage,0,1
night light toggles off after reboot my screen keeps going bright every time i reboot i turn on night light but it doesn t stay on my eyes are hurting lol,IT Support,Low,complaint_triage,0,1
broken main door lock in block c room 214 the latch on my room door snapped this morning and i cannot lock it from the outside i have expensive lab equipment inside and a lecture to attend please send maintenance to replace the lock immediately as i cannot leave my belongings unsecured,Hostels,High,complaint_triage,1,2
electrical sparks coming from the bathroom geyser in block b every time i switch on the water heater there is a loud pop and visible blue sparks this is a massive fire risk and someone could get electrocuted i have turned off the mains but this needs an emergency electrician right now,Hostels,High,complaint_triage,1,2
emergency sewage overflow in the ground floor corridor of girls hostel block a the drains have completely backed up and foul smelling water is entering the rooms it is a major health hazard and making the wing uninhabitable please dispatch a plumbing team before it ruins more furniture,Hostels,High,complaint_triage,1,2
hostel fee portal error on the final payment day i have been trying to pay the mess and room charges for three hours but the transaction keeps failing at the final step today is the deadline to avoid the heavy late fee and loss of room allotment i need a manual override or a link that actually works before midnight,Hostels,High,complaint_triage,1,2
security breach near the back entrance of block d i saw an unidentified individual wandering near the stairwell who did not have a student id or a visitor pass when approached they ran toward the laundry area we need the security guards to check the perimeter and verify the gate logs immediately,Hostels,High,complaint_triage,1,2
total power outage in wing 4 during exam week all the lights and sockets in our wing have been dead since 8 pm while the rest of the building is fine we have a major end term paper tomorrow morning and none of our laptops are charged this is a critical situation for at least 40 students,Hostels,High,complaint_triage,1,2
aggressive behavior from a non resident in the common room a person who doesn t live in this hostel is currently in a heated argument with students and refusing to leave the situation is escalating and might turn into a physical fight security needs to intervene at block e right away,Hostels,High,complaint_triage,1,2
strong smell of gas near the mess kitchen area while walking past the dining hall i noticed a very thick smell of lpg this is extremely dangerous given the number of students nearby please check the cylinders and kitchen connections before there is an accident,Hostels,High,complaint_triage,1,2
missing fire extinguisher in the east wing i noticed the wall bracket near room 405 is empty with the recent short circuit incidents in the block this is a serious safety violation we need a replacement unit installed before the end of the day,Hostels,High,complaint_triage,1,2
ceiling plaster falling in room 102 of the old block a large chunk of the ceiling fell onto my study table this morning if i had been sitting there i would have been seriously injured the rest of the ceiling looks cracked and ready to collapse i need an emergency room shift or repair,Hostels,High,complaint_triage,1,2
unauthorized entry into my room while i was at the library i came back to find my cupboard open and some cash missing from my desk the window latch appears to have been tampered with from the outside this is a criminal matter and needs the warden s immediate attention,Hostels,High,complaint_triage,1,2
continuous water supply cut for over 24 hours in block f we have no water for drinking cleaning or the washrooms the hygiene levels are becoming unbearable for everyone in the building please fix the pump or arrange for a tanker immediately,Hostels,High,complaint_triage,1,2
severe allergic reaction reported due to pest control spray in block b my roommate is having trouble breathing after the maintenance team sprayed the rooms earlier today we were not given sufficient warning to vacate we need medical assistance and the room aired out now,Hostels,High,complaint_triage,1,2
broken window pane in ground floor room 005 someone threw a ball and shattered the glass completely since the room is on the ground floor anyone can climb in from the garden i cannot sleep here tonight until it is boarded up or replaced,Hostels,High,complaint_triage,1,2
medical emergency and elevator failure in the high rise block a student has fainted on the 8th floor and the only working lift has just jammed we cannot carry them down the stairs safely please get the lift technician and the campus ambulance to the site,Hostels,High,complaint_triage,1,2
infected water from the main cooler in block c multiple students have reported stomach cramps and fever after drinking from the ground floor filter today the water looks cloudy and needs to be tested and the tank cleaned before more people get sick,Hostels,High,complaint_triage,1,2
stray dogs entering the mess hall and biting incidents a dog entered the dining area during lunch and bit a student on the leg this is the third time animals have entered the eating area we need the gates secured and the student needs help with the medical report,Hostels,High,complaint_triage,1,2
exposed live wires in the laundry room the insulation on the heavy duty dryer cable has melted away someone using the machine is going to get a shock this needs to be cordoned off and fixed before the evening rush,Hostels,High,complaint_triage,1,2
hostel gate closed early preventing entry for lab students a group of us were working on a project in the cse lab and arrived 5 mins before curfew but the guard has locked the gates and is refusing entry it is raining and we are stuck outside please instruct him to let us in,Hostels,High,complaint_triage,1,2
lost my room keys and phone inside the locked room i am locked out of room 332 and have no way to contact anyone or access my meds which are inside i need the master key or a locksmith to help me get back in urgently,Hostels,High,complaint_triage,1,2
fumes in the basement of block g there is a strange chemical smell coming from the storage area under the stairs it is making people on the first floor feel dizzy please check if there is a chemical leak or something burning,Hostels,High,complaint_triage,1,2
fallen tree blocking the hostel exit a branch has snapped and is leaning against the main gate of block b it is unstable and could fall on anyone trying to leave for their 9 am exam maintenance needs to clear this path immediately,Hostels,High,complaint_triage,1,2
intruder alarm sounding in the girls wing the emergency buzzer has been going off for 10 minutes and no warden is visible we are unsure if we should evacuate or if there is a genuine threat please clarify and send security,Hostels,High,complaint_triage,1,2
roommate has locked themselves in and is not responding i have been knocking for an hour and can hear their alarm going off i am worried about their health we need a master key to check on them immediately,Hostels,High,complaint_triage,1,2
basement flooding near the electrical panel heavy rain has caused water to pool around the main circuit breakers for the hostel if the water level rises another inch the whole building will short circuit need a pump here now,Hostels,High,complaint_triage,1,2
laundry machine malfunction in block b three of the five washing machines have been out of order for over a week now the queues are getting ridiculous and students are fighting over the remaining two please get these repaired as it s been far too long,Hostels,Medium,complaint_triage,1,0
persistent ant infestation in room 442 i have complained twice to the floor supervisor about the ants coming from the wall cracks i have kept my food sealed but they are everywhere now this needs a proper professional pest control treatment not just a spray,Hostels,Medium,complaint_triage,1,0
poor quality of food in the mess for the last few days the rotis are consistently burnt and the dal is extremely watery several of us have spoken to the mess manager but there has been no improvement in the service we pay for a balanced diet and this is not it,Hostels,Medium,complaint_triage,1,0
geyser in the second floor bathroom has been cold since monday it s impossible to take a shower in this weather with cold water i reported it to the caretaker three days ago and he said it would be fixed by tuesday it is now thursday and still no hot water,Hostels,Medium,complaint_triage,1,0
incessant noise from the room above mine late at night the residents of 305 have been hosting loud gatherings every night this week i have tried talking to them but they don t listen it is affecting my sleep and my ability to study for my upcoming internals,Hostels,Medium,complaint_triage,1,0
broken study table chair in room 112 one of the legs of my chair is completely loose and i can t sit on it to do my assignments i ve been using my bed as a desk for four days and it s giving me back pain please provide a replacement chair,Hostels,Medium,complaint_triage,1,0
clogged washbasin in the common bathroom the sink on the left side has been standing with dirty water for two days it is starting to smell and is very unhygienic for everyone using the washroom maintenance needs to clear the blockage,Hostels,Medium,complaint_triage,1,0
tube light flickering in the balcony area the light outside my room has started flickering constantly which makes it very distracting while i m trying to study it also attracts a lot of bugs at night requesting a bulb replacement,Hostels,Medium,complaint_triage,1,0
shortage of cleaning supplies for the floor cleaners i noticed the staff is only using water to mop the floors because they ran out of disinfectant days ago the bathrooms are not being cleaned properly and it s starting to show please restock the supplies,Hostels,Medium,complaint_triage,1,0
request for a fan repair in room 201 the ceiling fan is making a very loud grinding noise on high speed it feels like it might fall or the motor might burn out soon it s getting too warm to sleep without it please have a technician look at it,Hostels,Medium,complaint_triage,1,0
dampness and mold growth on the north wall after the rains a large patch of black mold has appeared in the corner of my room it is causing a musty smell and i am worried about the air quality this needs to be cleaned and the wall waterproofed,Hostels,Medium,complaint_triage,1,0
inaccurate mess billing for the month of september i was away for two weeks on a sanctioned leave and submitted my mess off application yet i have been charged the full amount i have the approved slip from the warden please adjust my balance,Hostels,Medium,complaint_triage,1,0
gym equipment in the hostel basement is poorly maintained two of the treadmills have frayed belts and the weights are rusting it s becoming unsafe for us to use the facility we would appreciate it if maintenance could oil the machines and check the cables,Hostels,Medium,complaint_triage,1,0
intermittent internet connectivity in block e the signal keeps dropping every 15 minutes making it impossible to participate in online quizzes or research for our projects this has been happening for three days please check the router on the 3rd floor,Hostels,Medium,complaint_triage,1,0
water cooler filter needs replacement the water from the dispenser in block d has a metallic taste lately the change filter light has been red for a week can we get this serviced so we have clean drinking water again,Hostels,Medium,complaint_triage,1,0
curtain rods falling off in the common room the heavy drapes are sagging because the brackets have come loose from the wall one side actually fell yesterday and almost hit someone please secure them properly,Hostels,Medium,complaint_triage,1,0
request for replacement of a torn mattress the mattress provided at the start of the semester has a huge rip in the center and the springs are poking through it is very uncomfortable and i am unable to get a good night s rest can i get a new one from the store,Hostels,Medium,complaint_triage,1,0
common room tv remote is missing or broken we haven t been able to change the channel or adjust the volume for several days it s a small issue but it makes the space unusable for the evening news or sports please provide a new remote,Hostels,Medium,complaint_triage,1,0
bicycle rack in the parking area is overflowing there isn t enough space for everyone to park their cycles securely and people are now locking them to the main fence which blocks the path we need an additional rack installed in the block c parking zone,Hostels,Medium,complaint_triage,1,0
dustbins in the corridor are not being emptied daily by the evening the trash is overflowing onto the floor and attracting flies the cleaning schedule seems to have changed and it s not working please ensure the bins are cleared every morning,Hostels,Medium,complaint_triage,1,0
mirror in the washroom is cracked the large mirror above the sinks in the west wing has a big crack across the middle it looks like it might shatter if someone bumps into it for safety reasons it should be replaced soon,Hostels,Medium,complaint_triage,1,0
suggestion for better lighting in the backyard path the walkway between the hostel and the mess is very dark after 7 pm it s easy to trip on the uneven pavement there adding a couple of led lamps would make it much safer for everyone,Hostels,Medium,complaint_triage,1,0
lock on the balcony door is jammed i can t open the door to air out my room or dry my clothes it s been stuck for three days now please send someone with some lubricant or tools to fix the sliding mechanism,Hostels,Medium,complaint_triage,1,0
inconsistent hot water timings in the morning the boilers are supposed to be on from 6 am to 9 am but lately the water is lukewarm by 8 am this is a problem for those of us with later classes please ensure the heating cycle is fully completed,Hostels,Medium,complaint_triage,1,0
exhaust fan in the mess is not working the dining area gets incredibly smoky and hot during lunch hour because the ventilation system isn t clearing the air it makes eating there very uncomfortable please repair the exhaust units,Hostels,Medium,complaint_triage,1,0
request for window mesh repair the mosquito netting in my room has a hole in it and insects are getting in at night i ve tried taping it but it doesn t hold i would appreciate it if a new mesh could be fitted,Hostels,Medium,complaint_triage,1,0
vending machine in the lobby is eating coins i tried to buy a snack last night and it took my money without dispensing anything this has happened to three other students today the machine needs to be serviced or disabled until fixed,Hostels,Medium,complaint_triage,1,0
stairwell railing is loose between the 2nd and 3rd floors the wooden handrail wobbles when you put weight on it it s a safety hazard especially when people are carrying heavy laundry bags up and down please tighten the brackets,Hostels,Medium,complaint_triage,1,0
water pressure in the showers is very low it takes forever to wash up because the water just trickles out of the showerheads on the top floor we think there might be an air lock in the pipes could the plumber check the pressure valves,Hostels,Medium,complaint_triage,1,0
wall clock in the study hall has stopped working it s been stuck at 4 15 for two days it s helpful to have a working clock during timed practice sessions please replace the battery or the clock,Hostels,Medium,complaint_triage,1,0
hostel garden area is overgrown and attracting snakes the grass hasn t been cut in weeks and it s becoming a bit scary to walk near the hedges at night we ve seen a few large lizards and are worried about snakes please send the gardener,Hostels,Medium,complaint_triage,1,0
pigeon droppings in the balcony area there is a huge mess on the 4th floor ledge that is attracting flies and smells bad we need a professional cleaning and maybe some netting to keep the birds away from the residential area,Hostels,Medium,complaint_triage,1,0
microwave in the pantry is sparking when i tried to heat my food i saw sparks inside the unit even though i didn t use any metal i ve unplugged it for safety it needs to be checked or replaced before someone else uses it,Hostels,Medium,complaint_triage,1,0
library books in the hostel reading room are disorganized people are leaving them everywhere and the shelves are a mess we need a proper system or a student coordinator to manage the small collection we have here,Hostels,Medium,complaint_triage,1,0
drinking water tastes like chlorine the latest batch of water in the block g cooler has a very strong chemical smell and taste it s almost undrinkable please check if the purification system was over treated,Hostels,Medium,complaint_triage,1,0
request for more hangers in the drying room most of the existing ones are broken or missing it s a small thing but it would help us manage our laundry better during the busy weekend rush,Hostels,Low,complaint_triage,1,1
suggestion for a water dispenser on the 3rd floor currently we have to go down to the ground floor every time we need to refill our bottles having one on each floor would be much more convenient for the residents,Hostels,Low,complaint_triage,1,1
the clock in the mess hall is five minutes fast it causes a bit of confusion during breakfast when we are trying to catch the early campus shuttle it would be great if it could be synced with the actual time,Hostels,Low,complaint_triage,1,1
request for a shoe rack near the entrance a lot of students leave their muddy shoes near the door and it makes the lobby look untidy a simple wooden rack would help keep the area organized,Hostels,Low,complaint_triage,1,1
the common room curtains are very dusty i think they haven t been laundered in a long time and it s triggering my dust allergy when i sit there perhaps they could be cleaned during the next break,Hostels,Low,complaint_triage,1,1
can we get a few more magazines for the reading area the current selection is quite old and it would be nice to have some updated tech or science journals to browse through during our free time,Hostels,Low,complaint_triage,1,1
suggestion for a mirror in the elevator it s a small addition but most modern lifts have one and it makes the space feel a bit larger and less cramped when there are many people inside,Hostels,Low,complaint_triage,1,1
the paint in the study room is peeling in one corner it s not a major issue but it makes the room look a bit neglected it would be nice to have it touched up during the next maintenance cycle,Hostels,Low,complaint_triage,1,1
can we have a dedicated spot for food delivery pickups currently the delivery drivers just wait at the gate and it gets crowded a small table near the security post would be a perfect delivery drop off point,Hostels,Low,complaint_triage,1,1
the soap dispensers in the washroom are often empty by sunday evening it would be helpful if they could be topped up more generously on friday to last through the weekend when the cleaning staff is reduced,Hostels,Low,complaint_triage,1,1
the lighting in the laundry room is a bit dim it s hard to see if the clothes are properly cleaned or if there are any stains left replacing the current bulb with a brighter led would be a big help,Hostels,Low,complaint_triage,1,1
request for a bulletin board in block b we currently stick all the notices on the walls and it leaves a lot of tape marks a proper cork board would look much cleaner and hold the posters better,Hostels,Low,complaint_triage,1,1
the door to the terrace makes a loud squeaking sound it s a bit annoying for the students living in the rooms right next to the stairs a little bit of oil on the hinges should solve it easily,Hostels,Low,complaint_triage,1,1
can we get a few more indoor plants for the lobby it would make the entrance look more welcoming and improve the atmosphere of the hostel a few low maintenance palms would be great,Hostels,Low,complaint_triage,1,1
the channel list on the common room tv is missing a few sports networks we were hoping to watch the upcoming tournament but those channels aren t subscribed is it possible to add them to our package,Hostels,Low,complaint_triage,1,1
request for a suggestion box in the mess it would be easier for students to give feedback on the daily menu if there was a place to drop small notes for the mess committee to review,Hostels,Low,complaint_triage,1,1
the whiteboards in the study hall are getting stained and hard to erase can we get some proper whiteboard cleaner or a fresh set of markers and erasers for the residents to use,Hostels,Low,complaint_triage,1,1
the floor mats at the entrance are quite worn out they don t really clean our shoes anymore and they slip around on the tiles it might be time to get some new heavy duty rubber mats,Hostels,Low,complaint_triage,1,1
could we have more frequent pest control in the garden there are a lot of grasshoppers and small bugs that fly into the ground floor rooms in the evening it s a bit of a nuisance when the windows are open,Hostels,Low,complaint_triage,1,1
the benches in the courtyard could use a fresh coat of varnish the wood is starting to look a bit weathered from the sun and rain it would help preserve them for the coming years,Hostels,Low,complaint_triage,1,1
the water pressure in the bidet showers is a bit too high it s a bit uncomfortable to use maybe the valves could be adjusted slightly during the next plumbing check up,Hostels,Low,complaint_triage,1,1
request for more power outlets in the study room most of us have laptops and chargers and the current four sockets are always occupied an extension cord or a power strip would be a great addition,Hostels,Low,complaint_triage,1,1
the ceiling fan in the common room is a bit dusty it s blowing a lot of dust around when it s turned on it just needs a quick wipe down by the cleaning staff during their next round,Hostels,Low,complaint_triage,1,1
can we get a small rack for umbrellas near the gate during the rainy season people bring wet umbrellas into the corridor and it makes the floor very slippery a stand would keep the water at the entrance,Hostels,Low,complaint_triage,1,1
the emergency exit signs are a bit faded for safety compliance it might be good to give them a fresh coat of glow in the dark paint so they are clearly visible if the lights ever go out,Hostels,Low,complaint_triage,1,1
the waste bins in the study area don t have lids it would be better to have lidded bins to prevent any smell or trash from being visible keeping the study environment more pleasant,Hostels,Low,complaint_triage,1,1
request for a wall mounted fan in the gym area the corner with the free weights gets very stuffy because the main ac doesn t reach that spot perfectly a small fan would make a big difference,Hostels,Low,complaint_triage,1,1
the windows in the mess hall are a bit smudgy it would be nice if they could be cleaned on the outside once in a while so we can see the garden clearly while having our meals,Hostels,Low,complaint_triage,1,1
suggestion for a small lost and found shelf near the warden s office people often find keys or id cards and don t know where to leave them a designated shelf would make it easy to reclaim lost items,Hostels,Low,complaint_triage,1,1
the hand dryers in the washroom take a long time to start there s a bit of a delay with the sensor it s not a big deal but maybe the sensitivity could be adjusted by the maintenance team,Hostels,Low,complaint_triage,1,1
can we have a bike pump available at the security desk many of us cycle to class and it s a hassle to go to the main gate every time we need to check the tire pressure a basic hand pump would be enough,Hostels,Low,complaint_triage,1,1
the music in the mess hall is sometimes a bit too loud during breakfast it s hard to have a quiet conversation before heading to a 9 am lecture maybe the volume could be kept a bit lower in the mornings,Hostels,Low,complaint_triage,1,1
request for better signage for the different blocks visitors often get confused between block a and block b because the letters on the buildings are small and hard to read from the road,Hostels,Low,complaint_triage,1,1
the tiles in the laundry area are a bit uneven it doesn t cause any major issues but you have to be careful when walking with a heavy basket maybe they can be leveled during future renovations,Hostels,Low,complaint_triage,1,1
can we get a few more newspapers for the common room currently we only get one copy of the local paper and it s usually taken by 8 am having a second copy or a national daily would be great,Hostels,Low,complaint_triage,1,1
the coat hooks in the bathroom are a bit loose i m worried they might fall off if i hang a heavy towel on them they just need a quick tightening with a screwdriver,Hostels,Low,complaint_triage,1,1
suggestion for a small bookshelf in the lobby for book crossing residents could leave books they ve finished reading for others to pick up it would be a nice community feature for the hostel,Hostels,Low,complaint_triage,1,1
the doorbell for the warden s residence is very quiet sometimes people have to knock very loudly to get an answer a slightly louder buzzer would be more effective for student inquiries,Hostels,Low,complaint_triage,1,1
the lighting in the parking lot has a yellow tint that is a bit dim switching to white led bulbs would make it much easier to find our vehicles and see the locks at night,Hostels,Low,complaint_triage,1,1
request for a few more dustbins in the backyard people often hang out there in the evening and there s nowhere to throw small wrappers or bottles one or two extra bins would help keep the grass clean,Hostels,Low,complaint_triage,1,1
lms portal crashed ten minutes before the final project submission deadline my entire group has been trying to upload our documentation and source code for the last hour but the server keeps timing out this project is worth 40 of our final grade and the portal is supposed to close at midnight we need an immediate extension or an alternative email address to send our files,Academics,High,complaint_triage,2,2
major discrepancy in my end term marks for data structures the portal shows i have failed the course but i calculated my internals and they were well above the passing threshold i suspect my paper was swapped or there was a massive data entry error at the controller s office i need to see my evaluated script immediately before the re registration window closes tomorrow,Academics,High,complaint_triage,2,2
clash in the final exam schedule for two core subjects both operating systems and database management are scheduled for tomorrow morning in the same time slot i have raised this with the department clerk twice this week but the hall ticket still shows both i cannot miss either exam as it will result in a year back please resolve this conflict and update my schedule now,Academics,High,complaint_triage,2,2
scholarship verification link is expiring today and my documents are still pending at the hod office if the department doesn t digitally sign the verification by 5 pm i will lose my funding for the next semester and won t be able to pay the tuition i am standing outside the office but no one is available to help this is time critical for my education,Academics,High,complaint_triage,2,2
professor is refusing to accept my medical certificate for a missed mid sem i was hospitalized during the exam and have provided all the official hospital discharge papers and doctor s notes but the instructor says he has already submitted the marks to the portal i need the academic dean to intervene so i can sit for a make up test before the semester ends,Academics,High,complaint_triage,2,2
incorrect grade assigned due to a clerical error in the mark sheet my internal marks for the lab component were recorded as 0 out of 30 even though i attended every session and submitted all reports this error has dropped my cgpa significantly affecting my eligibility for the upcoming placement drive starting on monday please fix the records urgently,Academics,High,complaint_triage,2,2
the proctoring software for my online certification exam is failing to recognize my id i am currently in the 15 minute login window and if i don t get in now the exam will be marked as a forfeit i have tried three different browsers and restarted my system i need a bypass code or technical support immediately to save my exam attempt,Academics,High,complaint_triage,2,2
missing hall ticket for the external practicals starting tomorrow my name is missing from the eligibility list even though i have no dues and 85 attendance the lab assistant says he cannot let me perform the experiments without the official slip please verify my status and issue the hall ticket before the 9 am batch starts,Academics,High,complaint_triage,2,2
final year thesis portal is not accepting the turnitin report every time i upload it says service unavailable but the deadline for the final submission is this evening without this report my thesis won t be sent for external evaluation i need the it coordinator to reset my submission link or verify the server status immediately,Academics,High,complaint_triage,2,2
wrong question paper distributed during the current minor exam we are sitting in the hall for theory of computation but the paper provided is for compiler design the invigilator is not allowing us to leave or talk this is wasting our limited time and causing immense stress someone from the academics cell needs to bring the correct papers now,Academics,High,complaint_triage,2,2
digital signature failed on my provisional degree certificate i need this document for a visa interview scheduled for tomorrow morning the copy i downloaded has an invalid watermark on the university seal i need a corrected verified pdf sent to my registered email within the next hour,Academics,High,complaint_triage,2,2
attendance portal shows shortage despite attending all remedial classes i was told these extra sessions would clear my debarment but the system hasn t updated and i am being blocked from downloading my end term admit card the exams start the day after tomorrow i need a manual override from the department head,Academics,High,complaint_triage,2,2
credit transfer from my mooc course was rejected without reason i completed the nptel certification as per the university guidelines to replace a core elective today is the last day to finalize credits for the graduation list if this isn t added i won t have enough credits to graduate this year urgent review requested,Academics,High,complaint_triage,2,2
the lab evaluation for the afternoon batch was cancelled due to a power cut but the marks have been uploaded as absent we were told the viva would be rescheduled but the portal is already finalized we need the marks removed and the session rescheduled before the internal marks are frozen tonight,Academics,High,complaint_triage,2,2
sso login loop preventing access to the course selection portal the elective registration opened at 10 am and the popular courses are filling up in minutes i am stuck on the login screen while my peers are already finishing their selections this is unfair and i need my account access restored before all seats are gone,Academics,High,complaint_triage,2,2
harassment from a faculty member during the viva voce the examiner was making personal comments and used unprofessional language then threatened to fail me regardless of my answers i want to lodge a formal complaint and request a re evaluation with a different panel before the results are finalized,Academics,High,complaint_triage,2,2
plagiarism flag on a completely original assignment the software claims 90 similarity with a paper that doesn t exist the professor has given me a zero and reported me to the disciplinary committee i have a hearing tomorrow and i need the raw log files from the academic server to prove it was a system glitch,Academics,High,complaint_triage,2,2
university email account deactivated during the job application window i am expecting interview invites and test links on my student id but i can t log in this is the peak of placement season and being locked out for even a day could cost me a job please reactivate the account immediately,Academics,High,complaint_triage,2,2
payment for the backlog exam was deducted but the status is still unpaid the registration portal closes in two hours if i don t get the confirmation i won t be able to sit for the carry over paper this semester i have the bank transaction id and need a manual update to my profile,Academics,High,complaint_triage,2,2
course coordinator changed the project requirements 24 hours before the submission we have spent two months on the original brief and it is impossible to redo the entire architecture in one day this will lead to a mass failure for the entire batch we need the original rubric restored or a one week extension,Academics,High,complaint_triage,2,2
lost my physical answer script for the internal test the teacher says she doesn t have it but i signed the attendance sheet in the exam hall i refuse to take a zero for a mistake made by the department we need to find the paper or allow me a retest with full marks potential,Academics,High,complaint_triage,2,2
calculated sgpa on the result portal is mathematically incorrect it shows a 6 5 when it should be an 8 2 based on the grades displayed this is a critical error in the portal s logic that is affecting the entire branch s ranking please pause the results and recalculate before the official transcripts are printed,Academics,High,complaint_triage,2,2
the link for the online end term viva is not working there are 20 students waiting in the virtual lobby but the external examiner is not present and the link says meeting ended this was our only chance to finish the lab component we need a new link and a status update now,Academics,High,complaint_triage,2,2
security token for the academic portal is not being sent to my phone i need to register for the supplementary exams by tonight without the otp i can t even enter the site i ve tried multiple times and checked my network please send the code to my email instead,Academics,High,complaint_triage,2,2
degree name is misspelled on the final convocation list it says btech cse instead of btech cse ai ml i have paid for the specialized degree and this must be corrected before the certificates go to print this afternoon,Academics,High,complaint_triage,2,2
the reference books mentioned in the syllabus are not available in the central library there is only one copy for a batch of 120 students and it has been issued for the last month we have a research paper due next week and cannot complete the bibliography please order more copies or provide an e book link,Academics,Medium,complaint_triage,2,0
inconsistency in the lecture schedule for the third floor seminar hall sometimes the class is moved to a different block without any notice on the portal or the notice board we waste 15 minutes of the lecture just wandering around looking for the professor can we have a stabilized timetable,Academics,Medium,complaint_triage,2,0
the microphone in lt 2 is constantly buzzing during the advanced algorithms class we can barely hear the professor s explanations from the back rows this has been an issue for two weeks and the technician hasn t fixed it despite several verbal complaints it s affecting our understanding of complex topics,Academics,Medium,complaint_triage,2,0
internal marks for the python lab have not been uploaded even though the semester is almost over we have no idea where we stand in terms of our internals and it s making it hard to prioritize our study plan for the finals can the department ensure the instructor updates the portal by this friday,Academics,Medium,complaint_triage,2,0
the elective cloud computing was cancelled after we already attended three lectures now we are being told to choose a different course that clashes with our existing lab sessions the academic office needs to provide a better alternative or adjust the lab timings to accommodate us,Academics,Medium,complaint_triage,2,0
professor is taking extra classes during the lunch break every day we don t have enough time to eat or refresh between the morning and afternoon sessions while we appreciate the extra help it s becoming physically draining can these sessions be moved to the official zero hour,Academics,Medium,complaint_triage,2,0
the study material provided on the lms for theory of computation is just a series of scanned images that are unreadable we cannot search for keywords or use screen readers could the department provide proper digital pdfs or a standard textbook reference that matches the slides,Academics,Medium,complaint_triage,2,0
waitlist for the machine learning elective hasn t moved in two weeks i am at position 2 and there are several students who have dropped the course the system isn t automatically pulling people from the waitlist into the enrolled list please manually update the roster,Academics,Medium,complaint_triage,2,0
the rubric for the final year project is very vague we don t know the weightage for the implementation versus the documentation different guides are telling us different things we need a standardized evaluation sheet so we can prepare our presentation accordingly,Academics,Medium,complaint_triage,2,0
the air conditioning in the main computer lab is not working with 60 systems running the room gets incredibly hot and the computers are starting to lag due to thermal throttling it s hard to focus on our coding assignments for more than 30 minutes please repair the cooling system,Academics,Medium,complaint_triage,2,0
feedback for the first assignment was never provided we have already submitted the second assignment without knowing what we did wrong in the first one this defeats the purpose of continuous evaluation please ask the ta to release the comments and marks as soon as possible,Academics,Medium,complaint_triage,2,0
the guest lecture series on blockchain was scheduled during our mid term week most of us couldn t attend because we were studying since this was a mandatory part of our professional development credits can the recordings be uploaded to the portal,Academics,Medium,complaint_triage,2,0
request for a change in the lab partner for the os project my current partner has not attended a single session and is not responding to any communications i cannot finish the multi threaded application alone i would like to join another group or work solo if possible,Academics,Medium,complaint_triage,2,0
the industrial visit planned for this semester has been postponed three times we have already paid the registration fee and arranged for our own transport to the hub we need a clear final date and an itinerary or a full refund of the collected fees,Academics,Medium,complaint_triage,2,0
the software required for the digital image processing lab is not installed on the systems we were told it would be ready by the second week but we are still using trial versions that expire every few days this is interrupting our practical work,Academics,Medium,complaint_triage,2,0
the academic calendar on the website is different from the one sent via email one shows the mid semester break starting next monday while the other shows it starting the following friday we need a clarification so we can book our travel tickets home,Academics,Medium,complaint_triage,2,0
the projector in room 402 has a very dim lamp the slides are barely visible even with the lights turned off this is a core theory room and we have four lectures there every day please replace the bulb or the projector unit,Academics,Medium,complaint_triage,2,0
my attendance for the professional communication class was marked absent for the entire last week even though i was present i checked the manual register and my signature is there the faculty says i need to contact the portal admin to get it corrected,Academics,Medium,complaint_triage,2,0
the question bank provided for the microprocessor course contains several errors in the solved examples students are getting confused while practicing for the internals can a corrected version be vetted by a senior faculty member and re uploaded,Academics,Medium,complaint_triage,2,0
the add drop link for courses is not appearing on my student dashboard my friends are able to see it and change their electives but my page just shows an error i need to swap one of my subjects before the deadline on wednesday,Academics,Medium,complaint_triage,2,0
request for a special doubt clearing session for discrete mathematics the last few topics like graph theory were covered very quickly and most of the batch is struggling with the practice problems a two hour weekend session would be very helpful,Academics,Medium,complaint_triage,2,0
the digital library access through the vpn is extremely slow it takes minutes to download a single research paper from ieee xplore this is hampering our literature survey for the final year project is there a way to improve the bandwidth for the library gateway,Academics,Medium,complaint_triage,2,0
the internship noc no objection certificate request has been sitting with the department for a week the company needs the signed document to finalize my joining date i have already provided the offer letter please expedite the signature process,Academics,Medium,complaint_triage,2,0
there is a lot of background noise in the pre recorded lectures for software engineering we can hear construction sounds and other people talking which makes it very hard to follow the instructor could the audio be cleaned up or the videos re recorded,Academics,Medium,complaint_triage,2,0
the laboratory manuals for the analog electronics lab have not been distributed yet we are being asked to write our journals based on verbal instructions which is leading to many mistakes can we get the official pdf guides by the next lab session,Academics,Medium,complaint_triage,2,0
the seating plan for the minor exams is very congested there is almost no space to keep our stationery or calculators without them falling off the desks can the department use a larger hall or leave an empty seat between students,Academics,Medium,complaint_triage,2,0
the course coordinator for human values is not responding to emails regarding the group project we have a question about the case study but haven t received a reply in five days we need guidance before we proceed with the final report,Academics,Medium,complaint_triage,2,0
the wi fi signal in the study hall of block 2 is very weak we use that space for group studies between classes but we can t access any online resources or the lms a signal booster or a new access point is needed in that area,Academics,Medium,complaint_triage,2,0
request for a copy of the previous year s question papers for the new elective cyber laws since this is the first time it s being offered we don t have any reference for the exam pattern any sample papers or mock tests would be greatly appreciated,Academics,Medium,complaint_triage,2,0
the water dispenser near the main auditorium is always empty during the afternoon lectures it s the only one in that wing and students have to walk to the other side of the building for water can the refilling frequency be increased,Academics,Medium,complaint_triage,2,0
the outcomes section on my transcript is blank for the last semester even though the grades are there the credits earned column shows zero this is a technical bug that needs to be fixed before i apply for my internship,Academics,Medium,complaint_triage,2,0
the seminar on career opportunities in ai was overbooked many of us had registered but were turned away at the door because the room was full can the department organize a second session or move it to the main auditorium,Academics,Medium,complaint_triage,2,0
the faculty advisor has changed three times this semester every time we have to explain our project progress and academic issues to a new person from scratch we need a stable mentor for the rest of the academic year,Academics,Medium,complaint_triage,2,0
the grading scale for the data science course was changed mid way through the semester we were originally told it would be a relative grading system but now it s been moved to absolute this significantly changes how we need to perform to get an a,Academics,Medium,complaint_triage,2,0
the late entry policy for the 8 am lecture is being applied inconsistently some students are allowed in at 8 15 while others are marked absent at 8 05 we need a clear uniform rule for the entire department to avoid confusion,Academics,Medium,complaint_triage,2,0
the font size used in the computer networks slides is very small even from the middle of the classroom it s hard to read the diagrams and text it would be helpful if the professor could use a larger font or share the slides before the class,Academics,Low,complaint_triage,2,1
suggestion to add more charging ports in the library s individual study cubicles most of us work on laptops for long hours and there are only a few desks with working power outlets it would make the space much more functional,Academics,Low,complaint_triage,2,1
the news section on the student portal hasn t been updated since last month old event flyers are still pinned to the top making it hard to find the latest academic notices a quick cleanup of the landing page would be appreciated,Academics,Low,complaint_triage,2,1
the staplers provided in the assignment submission room are always out of pins it s a small inconvenience but it would be great if the department could keep a small stock of staples there for the students,Academics,Low,complaint_triage,2,1
request to extend the library hours during the week before the mid semester exams closing at 8 pm is a bit early when we have back to back tests staying open until 10 pm for just that one week would be a huge help,Academics,Low,complaint_triage,2,1
the chalk used in the basic electrical class is very dusty and leaves a lot of residue on the front row desks maybe the department could switch to dust free chalk or provide whiteboards for the older classrooms,Academics,Low,complaint_triage,2,1
the academic handbook pdf on the website has a few broken links in the table of contents you have to scroll manually through 50 pages to find the relevant section fixing the internal links would make it easier to navigate,Academics,Low,complaint_triage,2,1
can we have a few more benches in the shaded area outside the cse block it s a popular spot for students to sit and discuss assignments between lectures but there isn t enough seating for everyone,Academics,Low,complaint_triage,2,1
the automated voice on the university s academic helpline is a bit too fast it s hard to follow the menu options for result inquiries slowing down the recording slightly would make the system more user friendly,Academics,Low,complaint_triage,2,1
suggestion to organize a small workshop on latex for the first year students most of us are struggling with formatting our lab reports and a basic one hour introductory session would be very beneficial,Academics,Low,complaint_triage,2,1
the clocks in the east wing classrooms are not synchronized some are a few minutes behind others which makes it confusing to know exactly when the lecture is supposed to end a quick battery check and sync would be good,Academics,Low,complaint_triage,2,1
the water cooler in the faculty wing is much colder than the ones in the student areas it would be nice if the student coolers could be adjusted to the same temperature especially during the summer months,Academics,Low,complaint_triage,2,1
request for a designated quiet zone in the department lobby it s a good place to read between classes but it gets very noisy when people are talking loudly on their phones a few silence please signs might help,Academics,Low,complaint_triage,2,1
the markers used in the tutorial rooms are often dried out it would be helpful if the department could provide a fresh set to the class representatives at the start of each month to ensure the board work is visible,Academics,Low,complaint_triage,2,1
can the department post the faculty office hours on the doors of the staff rooms currently we have to keep checking or asking around to know when a professor is available for doubt clearing,Academics,Low,complaint_triage,2,1
the career counseling emails are sent too frequently sometimes three in a day it would be better if they could be consolidated into a single weekly newsletter so our inboxes don t get cluttered with identical info,Academics,Low,complaint_triage,2,1
the lighting in the back corner of the library is a bit dim for reading a single extra tube light or a stronger bulb in that area would make it a much better spot for focusing on our textbooks,Academics,Low,complaint_triage,2,1
suggestion to add a feedback button directly on the lms for each lecture it would be an easy way for students to let the professor know if they found a particular topic too fast or too slow in real time,Academics,Low,complaint_triage,2,1
the paper quality of the internal test sheets is very thin ink from gel pens often bleeds through to the other side making it messy to write on both pages using a slightly thicker paper would be better,Academics,Low,complaint_triage,2,1
the academic achievement board in the main hallway hasn t been updated with this year s winners it would be motivating for the current students to see the latest photos and projects displayed there,Academics,Low,complaint_triage,2,1
request for a digital map of the academic blocks to be added to the student app the campus is large and new students often get lost trying to find specific labs or faculty rooms in the first few weeks,Academics,Low,complaint_triage,2,1
the door to the advanced coding lab is very heavy and makes a loud slamming noise when it closes a simple door closer or a rubber bumper would prevent the noise from disrupting the students working inside,Academics,Low,complaint_triage,2,1
can we have more trash cans specifically for paper waste in the printer room most of the bins are filled with plastic bottles making it hard to collect the discarded paper for recycling,Academics,Low,complaint_triage,2,1
the student profile section on the portal doesn t allow us to upload a new photograph the one from our first year is quite old and we d like to update it with a more professional one for our ids,Academics,Low,complaint_triage,2,1
the chairs in the communication lab are a bit squeaky it s a minor distraction during presentations when everyone is moving around a bit of oiling on the chair bases would probably fix the issue,Academics,Low,complaint_triage,2,1
suggestion to add a common abbreviations sheet to the project management course there are a lot of acronyms used in the lectures and a quick reference guide would be helpful for the new students,Academics,Low,complaint_triage,2,1
the blinds in room 305 are stuck and cannot be fully closed this causes a glare on the whiteboard during the afternoon sessions making it hard to see the professor s notes a quick repair of the pulley would help,Academics,Low,complaint_triage,2,1
the water fountain in the sports wing of the academic block has a very low arc it s hard to drink from it directly without touching the metal adjusting the water pressure slightly would be more hygienic,Academics,Low,complaint_triage,2,1
request for more frequent cleaning of the whiteboards in the student lounge they are often left with old marker stains from previous days making it hard for new groups to use them for brainstorming,Academics,Low,complaint_triage,2,1
the course evaluation forms are a bit too long if they were simplified to 5 6 key questions more students would likely take the time to provide thoughtful feedback at the end of the semester,Academics,Low,complaint_triage,2,1
the hand sanitizer dispenser outside the main library has been empty for a few days it s a good habit to use it before entering the common area so it would be great if it could be refilled,Academics,Low,complaint_triage,2,1
can we have a small book exchange shelf in the department lobby students could leave their old textbooks or novels for others to read promoting a culture of sharing within the branch,Academics,Low,complaint_triage,2,1
the notices on the bulletin board are often pinned on top of each other it would be better if the older expired notices were removed weekly to make room for the new academic announcements,Academics,Low,complaint_triage,2,1
the digital notice board in the entrance hall has a few dead pixels it s not affecting the readability yet but it s a bit distracting when watching the departmental news scrolls,Academics,Low,complaint_triage,2,1
request for a clock to be installed in the outdoor open classroom area we often have informal tutorials there and it s hard to keep track of the time without checking our phones constantly,Academics,Low,complaint_triage,2,1
the study group sign up sheets on the wall are always falling off because of the wind using a proper clipboard or a magnetic board would keep the information more secure for the students,Academics,Low,complaint_triage,2,1
suggestion to add a language of the week corner in the cse block showing simple code snippets in different programming languages it would be a fun low key way to spark interest in new tech,Academics,Low,complaint_triage,2,1
the soap in the academic block washrooms has a very strong scent a more neutral or unscented soap would be better for students who are sensitive to strong fragrances in enclosed spaces,Academics,Low,complaint_triage,2,1
the floor in the microbiology theory room is a bit slippery when wet a caution sign or a more absorbent mat at the entrance during rainy days would prevent any accidental slips,Academics,Low,complaint_triage,2,1
can we have a few more coat hooks in the seminar hall when it s raining everyone has wet jackets and there s nowhere to hang them except over the back of the chairs which makes the seats damp,Academics,Low,complaint_triage,2,1
double deduction on the tuition fee portal today i tried paying my semester dues of 45 000 via the gateway but the first transaction showed a timeout i tried again and now both amounts have been debited from my father s bank account this is our entire savings for the month and we need the extra 45 000 reversed immediately to pay for medical bills please verify the transaction ids and initiate the refund,Fees / Finance,High,complaint_triage,3,2
scholarship disbursement missing for the final semester my name was on the approved list for the merit cum means grant but the funds haven t hit my bank account today is the last date to clear all dues to be eligible for the placement drive starting tomorrow morning if my balance isn t cleared by 5 pm i will be blocked from the interview please check the disbursement status urgently,Fees / Finance,High,complaint_triage,3,2
hostel fee payment not reflecting on the portal despite successful bank transfer i have the utr number and the bank confirmation but the accounts office still says my no dues certificate is pending curfew for the convocation registration is tonight and i can t apply without this clearance i ve been running between the bank and the finance desk all day with no resolution,Fees / Finance,High,complaint_triage,3,2
wrongful defaulter tag on my student id the system claims i owe 12 000 in library fines and lab breakages from three years ago which is completely false because of this error my final degree is being withheld and i have a visa interview in two days where i must present my original transcripts please clear this ghost balance so i can collect my documents,Fees / Finance,High,complaint_triage,3,2
bank loan disbursement rejected due to incorrect university account details the finance office provided a bank branch code that is no longer active my education loan has been stalled and the bank says they will cancel the sanction if the correct details aren t provided by this evening i cannot afford the semester fees out of pocket i need the corrected bank mandate immediately,Fees / Finance,High,complaint_triage,3,2
convocation fee portal is charging me twice the amount listed in the brochure today is the absolute last day to register for the ceremony and i don t have the extra funds if i don t pay now i won t get my degree on stage please fix the price logic for my roll number before the portal closes at midnight,Fees / Finance,High,complaint_triage,3,2
finance portal showing transaction failed but money deducted from upi i paid the supplementary exam fee of 1 500 just now the exam starts in two hours and the invigilator says i need a paid status to enter the hall i have the screenshot of the deduction but the system is stuck please manually verify and update my status so i don t miss the test,Fees / Finance,High,complaint_triage,3,2
incorrect late fee penalty applied to my account i paid my dues on the 10th which was the deadline but the system recorded it as the 11th and added a 2 000 fine this fine is preventing me from downloading my hall ticket for tomorrow s external viva please remove the penalty and unlock my admit card,Fees / Finance,High,complaint_triage,3,2
urgent refund for cancelled course not processed after 6 months i withdrew from the elective with full approval but the 8 000 fee is still sitting as a credit in the portal i need this money for my commute this week i ve sent ten emails with no response i am coming to the office today for a cheque or an immediate transfer,Fees / Finance,High,complaint_triage,3,2
financial block on my account prevents me from accessing the lms for the mid sem test the portal says i have an outstanding balance of 500 which is a mistake as i have already cleared all dues the test starts in 30 minutes if i can t log in i ll get a zero please clear the block immediately,Fees / Finance,High,complaint_triage,3,2
placement registration blocked due to incomplete fee status my bank statement shows all payments are up to date but the accounts branch says there s a 50 rupee discrepancy from 2023 this tiny error is stopping me from applying to the top 3 companies visiting campus tomorrow please resolve this technical glitch now,Fees / Finance,High,complaint_triage,3,2
backlog registration fee deducted thrice the server crashed while i was trying to register for my re exams now 4 500 is gone instead of 1 500 i need those funds back to pay for my mess bill which is due today please check the logs and initiate the reversal of the two extra charges,Fees / Finance,High,complaint_triage,3,2
major error in the fee structure for international students the portal is calculating my dues in usd but using a conversion rate from five years ago making it 20 higher than the current market rate i have to pay by tonight to avoid de enrollment please update the exchange rate logic for the payment gateway,Fees / Finance,High,complaint_triage,3,2
noc not issued due to unverified late fine i cleared all my library and hostel fines last month but the finance clerk says the sync hasn t happened i am graduating and moving out of the state tomorrow morning i need my no objection certificate today or i won t be able to collect my security deposit,Fees / Finance,High,complaint_triage,3,2
transaction id mismatch for semester payment i used a third party app to pay the fees and while the bank says success the university portal doesn t recognize the id format the deadline is in one hour if it s not resolved i ll be charged a 5 000 late fine please assist in manual mapping,Fees / Finance,High,complaint_triage,3,2
identity theft alert someone else used my student id to pay their fees via a stolen card and now my account is flagged for fraud i am being threatened with suspension i need the finance department to verify the payment source and clear my name before the hearing tomorrow,Fees / Finance,High,complaint_triage,3,2
excess fee payment for the lab component i accidentally added an extra zero and paid 50 000 instead of 5 000 my parents are extremely upset as this was for our home rent i need the 45 000 refunded to the source account within 24 hours,Fees / Finance,High,complaint_triage,3,2
the university s online payment server is down on the last day of fee submission thousands of us are trying to pay but getting 404 errors if the deadline isn t extended by tonight we will all be hit with late fines please confirm the extension or fix the server,Fees / Finance,High,complaint_triage,3,2
missing mess off refund from the previous break i stayed home for a month during the holidays and filed the paperwork but the credit isn t showing i need that 3 000 to pay for my current month s food bill or i ll be barred from the mess hall tonight,Fees / Finance,High,complaint_triage,3,2
tuition waiver not applied to my profile as a staff child i am entitled to a 50 discount but the portal shows the full amount of 1 2 lakhs the payment link expires this evening i need the corrected invoice before i can make the payment,Fees / Finance,High,complaint_triage,3,2
bank challan not accepted at the counter i stood in line for three hours only to be told the format changed this morning no one informed the students i have the cash and the old form and today is the deadline please accept the payment or provide a grace period,Fees / Finance,High,complaint_triage,3,2
emergency refund needed for medical withdrawal my brother is undergoing surgery and i need to withdraw my admission to support my family today is the final eligibility day for a full refund if this isn t processed today i lose 2 lakhs please expedite the file,Fees / Finance,High,complaint_triage,3,2
finance office lost my original demand draft i submitted it last week for the exam fee and have the receipt but now they say they can t find it and i need to pay again or i won t be allowed in the exam hall i cannot afford to pay twice please find the dd or accept my receipt as proof,Fees / Finance,High,complaint_triage,3,2
system error scholarship adjusted against the wrong semester the 20 000 grant was supposed to cover this semester s tuition but it was applied to a future semester instead now i have a due of 20 000 and i am being blocked from the library please fix the allocation today,Fees / Finance,High,complaint_triage,3,2
the atm inside the campus swallowed my card while i was trying to withdraw fee money the bank branch says they need an official letter from the university finance head to release the machine logs and give me my card back i need this today as all my funds are tied to that account,Fees / Finance,High,complaint_triage,3,2
request for a breakdown of the general amenities fee every year we pay 15 000 for this but there is no transparency on what it covers the gym is broken and the common rooms are dusty we would like an itemized list of where this money is being spent before the next installment is due,Fees / Finance,Medium,complaint_triage,3,0
the fee receipt generated by the portal is missing the university seal i need to submit this to my father s office for his hra and education allowance but they rejected the current pdf can the finance department provide a digitally signed version with the official stamp,Fees / Finance,Medium,complaint_triage,3,0
delay in refunding the caution money for passed out students it has been three months since i submitted my bank details for the 10 000 security deposit return all my batchmates have received theirs but mine is still in process please check the status of my application,Fees / Finance,Medium,complaint_triage,3,0
the pay in installments option is not appearing on my dashboard i was told that students with financial difficulties could opt for a 3 part payment plan but my portal only shows full payment i have already submitted my income certificate to the warden please enable the option,Fees / Finance,Medium,complaint_triage,3,0
discrepancy in the fine calculation for late book return the library says i owe 450 but the finance portal is showing 1 200 i have the return slips showing the actual dates the accounts branch needs to sync the data with the library system to reflect the correct amount,Fees / Finance,Medium,complaint_triage,3,0
scholarship status remains pending for over a month i ve submitted all the documents for the state scholarship but the university hasn t forwarded my application to the government portal yet if this delay continues the government portal will close please expedite the verification,Fees / Finance,Medium,complaint_triage,3,0
the fee payment history on my student profile is incomplete it shows payments for the 1st and 3rd years but the 2nd year data is missing even though i have the physical receipts this could cause issues during my final clearance next semester can you update the digital record,Fees / Finance,Medium,complaint_triage,3,0
inquiry regarding the development fee hike we noticed a 10 increase in the current semester s bill without any prior notice or explanation as students we would like to know the reason for this sudden change especially since the campus facilities remain the same,Fees / Finance,Medium,complaint_triage,3,0
the atm on campus has been out of cash for three consecutive days this is the only way for many of us to pay for small expenses and some of the smaller lab fees that are cash only can the finance department coordinate with the bank to ensure it s refilled,Fees / Finance,Medium,complaint_triage,3,0
need a duplicate copy of the first semester fee challan i lost my original file and the bank requires a copy to process my current loan top up the online portal doesn t show records that old can the accounts office issue a stamped duplicate this week,Fees / Finance,Medium,complaint_triage,3,0
request to adjust excess mess fees against the next semester s tuition i have a credit of 4 000 from the last semester and instead of a refund i d prefer it to be used to reduce my next bill i was told i need a written request for this please confirm if this is approved,Fees / Finance,Medium,complaint_triage,3,0
the finance helpdesk phone number is never answered i have been calling for three days to ask about my scholarship status and it just rings or goes to voicemail it s very difficult for us to keep visiting the office during lecture hours just for small queries,Fees / Finance,Medium,complaint_triage,3,0
inconsistency in the convocation fee for regular vs distance students some of my friends are being charged less for the same degree we need a clear clarification on the pricing policy for the 2025 batch to ensure everyone is being billed fairly,Fees / Finance,Medium,complaint_triage,3,0
the online payment gateway charges a 2 convenience fee for credit cards this adds up to nearly 2 000 rupees on a full semester bill are there any plans to introduce a zero fee payment method like imps or a direct university bank transfer for the students,Fees / Finance,Medium,complaint_triage,3,0
difficulty in generating a no dues certificate for a semester break i am taking a medical leave and need to show i ve cleared all finances the portal says i have library dues but the library says i m clear this cross departmental sync is taking forever,Fees / Finance,Medium,complaint_triage,3,0
the fee structure pdf on the website is outdated it still shows the 2023 rates which is confusing for those of us trying to plan our finances for the upcoming year can the accounts department upload the 2025 26 fee schedule as soon as possible,Fees / Finance,Medium,complaint_triage,3,0
request for a formal letter from the finance office for an external scholarship the ngo providing my funding needs a letter on university letterhead stating my total annual expenses i have the format ready when can i pick this up,Fees / Finance,Medium,complaint_triage,3,0
the fine waiver request i submitted last week hasn t been processed i was ill and couldn t pay the mess dues on time and i provided a doctor s note to the accounts manager the 500 late fine is still there can someone please review the case,Fees / Finance,Medium,complaint_triage,3,0
duplicate entry in the misc fees section i ve been billed for id card replacement twice this month even though i only requested it once and paid at the counter please remove the second charge of 250 from my outstanding balance,Fees / Finance,Medium,complaint_triage,3,0
need clarification on the alumni fund charge i am only in my second year but i see a 1 000 rupee deduction for the alumni association is this an annual charge or a one time thing it wasn t mentioned in the original prospectus we received,Fees / Finance,Medium,complaint_triage,3,0
the bank branch inside the campus is understaffed during the fee payment week the queues are so long that students are missing 2 3 lectures just to get a challan stamped can the finance office request the bank to open an extra counter during peak hours,Fees / Finance,Medium,complaint_triage,3,0
my fee receipt shows the wrong course name it says b sc instead of b tech which is causing issues with my education loan provider as they think i ve changed my stream i need a corrected receipt with the right department name,Fees / Finance,Medium,complaint_triage,3,0
the direct debit setup for my monthly mess bill failed this month i have enough balance in my account so the issue might be on the university s end i don t want to be hit with a late fine for a technical error please check the mandate status,Fees / Finance,Medium,complaint_triage,3,0
request for a fee concession form for siblings studying in the same university my younger sister just joined the architecture department and we were told there s a family discount where can we download the form and what are the required documents,Fees / Finance,Medium,complaint_triage,3,0
the finance portal doesn t allow for partial payments i want to pay 20 000 now and the rest next week but the gateway only allows the full amount to be entered this is a problem for students who are waiting for their parents salaries to be credited,Fees / Finance,Medium,complaint_triage,3,0
inquiry about the caution money interest since the university holds our 10 000 deposit for four years we would like to know if that interest is used for student welfare or if it s credited back to us this was a point of discussion in the last student council meeting,Fees / Finance,Medium,complaint_triage,3,0
the late fee keeps increasing every day even though the bank was closed for a public holiday we couldn t make the transfer because the servers were down and the branch was shut we request a two day extension on the grace period for the july batch,Fees / Finance,Medium,complaint_triage,3,0
my scholarship amount was credited but it s 2 000 less than the sanctioned amount is there a processing fee or a tax deduction that i wasn t aware of i need an itemized statement of the disbursement for my personal records,Fees / Finance,Medium,complaint_triage,3,0
the online finance portal has a very confusing ui it s hard to find where the previous semester s receipts are stored a simple download all button for the yearly statements would be very helpful for our income tax filings,Fees / Finance,Medium,complaint_triage,3,0
request to update the bank account details for my stipend i have closed my old account and need the research grant to be sent to my new idfc account from next month i have the cancelled cheque and the bank passbook copy ready,Fees / Finance,Medium,complaint_triage,3,0
inconsistency in the mess bill for vegetarians i noticed that the monthly charge is the same for everyone regardless of whether we opt for the non veg special meals can we have a tiered billing system that reflects our actual consumption,Fees / Finance,Medium,complaint_triage,3,0
the no dues clearance for the sports department is not reflecting in the finance system i returned all my equipment last friday but my portal still shows an outstanding amount of 2 500 please sync the records so i can register for exams,Fees / Finance,Medium,complaint_triage,3,0
i was charged a convenience fee for an offline cash deposit at the bank i thought these charges were only for online transactions can the finance branch clarify if this is a new policy for the current academic year,Fees / Finance,Medium,complaint_triage,3,0
request for a fee estimate for the next academic year i need to apply for a bank loan extension and they require an official projected cost for tuition and hostel who should i contact to get this document stamped,Fees / Finance,Medium,complaint_triage,3,0
need an explanation for the insurance premium deduction i noticed a 500 rupee charge for student insurance but i never received any policy documents or details on what it covers can the accounts office send us the digital policy copy,Fees / Finance,Medium,complaint_triage,3,0
the ink on the printed fee receipts is very faint by the time the semester ends the text is almost invisible it would be better if the finance office used higher quality printers or gave us a digital copy alongside the physical one,Fees / Finance,Low,complaint_triage,3,1
suggestion for an auto pay feature for the monthly mess bills it s a bit of a hassle to log in every month just to pay a small amount a recurring payment option through upi or net banking would be a great convenience for everyone,Fees / Finance,Low,complaint_triage,3,1
the lighting in the accounts office waiting area is a bit dim when we are trying to fill out the challan forms it s hard to see the small text adding one or two extra lights would make the process much easier for us,Fees / Finance,Low,complaint_triage,3,1
could we have a fee calculator on the university website sometimes it s hard to figure out the total amount including labs and electives a simple tool where we select our branch and semester would be very useful,Fees / Finance,Low,complaint_triage,3,1
the notice regarding the exam fee was posted very late on the bulletin board most of us only saw it a day before the deadline it would be better if these announcements were sent via sms or app notification as well,Fees / Finance,Low,complaint_triage,3,1
request for a small table near the bank counter currently there is nowhere to keep our bags or files while we are filling out the deposit slips a simple standing desk would make the queue much more organized,Fees / Finance,Low,complaint_triage,3,1
the finance section on the student app is quite slow it takes a long time to load the payment history a quick optimization update for the mobile version of the portal would be appreciated by the student community,Fees / Finance,Low,complaint_triage,3,1
can the university start accepting international cards for the application fees i have a foreign exchange card from my travel and it would be easier to use that than to keep converting currency for small academic charges,Fees / Finance,Low,complaint_triage,3,1
the fee payment window is only open from 10 am to 3 pm since most of us have labs during these hours it s hard to visit the office extending the window by just one hour until 4 pm would be a huge help,Fees / Finance,Low,complaint_triage,3,1
the digital display showing the token numbers in the finance lobby is flickering it makes it hard to know whose turn it is it probably just needs a loose cable to be tightened or the screen replaced,Fees / Finance,Low,complaint_triage,3,1
suggestion to add a frequently asked questions section for scholarships on the portal many of us have the same questions about eligibility and deadlines and a simple faq page would save a lot of time for the staff,Fees / Finance,Low,complaint_triage,3,1
the water cooler near the finance office is often out of paper cups in the afternoon since students spend a lot of time waiting in line there it would be nice if the supplies were restocked more frequently,Fees / Finance,Low,complaint_triage,3,1
can we have a separate fast track line for students who just need to pick up a pre printed receipt currently everyone stands in the same queue regardless of whether they are paying or just collecting a document,Fees / Finance,Low,complaint_triage,3,1
the scholarship notification emails sometimes end up in the spam folder because of the sender s address maybe the university can use a more recognized domain so we don t miss out on important financial deadlines,Fees / Finance,Low,complaint_triage,3,1
request for a few more pens to be kept at the challan counter often there are none available and we have to keep asking other students it s a small thing but it would make the experience smoother for everyone,Fees / Finance,Low,complaint_triage,3,1
the chairs in the finance waiting area are quite old and some are broken replacing them with a few rows of sturdy benches would provide more seating for the students during the busy admission weeks,Fees / Finance,Low,complaint_triage,3,1
the transaction fee for various online modes isn t clearly listed before we reach the final payment page it would be better to see the comparison of charges upfront,Fees / Finance,Low,complaint_triage,3,1
suggestion for a digital queue management system instead of standing in a physical line we could get a token on our phones and come back when it s our turn this would prevent the hallway from getting overcrowded,Fees / Finance,Low,complaint_triage,3,1
the annual report on student welfare funds hasn t been posted in the lobby this year we always like to see how the student activity fees are being utilized for campus events and sports equipment,Fees / Finance,Low,complaint_triage,3,1
the staff at the information desk in the finance wing are sometimes a bit curt when we ask about refund timelines a bit more patience with our queries would be appreciated,Fees / Finance,Low,complaint_triage,3,1
can we have a small bin specifically for the discarded challan carbon copies near the bank people usually just leave them on the desks which makes the area look quite untidy by the end of the day,Fees / Finance,Low,complaint_triage,3,1
the help icon on the payment portal is broken when you click it nothing happens it would be good if it linked to a support email for students facing technical issues during payment,Fees / Finance,Low,complaint_triage,3,1
request for a few more ceiling fans in the accounts branch hallway it gets very hot during the july fee submission week and the current ventilation isn t enough for the number of students standing in line,Fees / Finance,Low,complaint_triage,3,1
the fee due alerts on the mobile app are sent at 2 am it s a bit startling to get a notification in the middle of the night scheduling these for during the day would be a much better user experience,Fees / Finance,Low,complaint_triage,3,1
the finance news ticker on the lobby tv is moving too fast it s almost impossible to read the scholarship dates before they scroll off the screen slowing it down by half would be very helpful,Fees / Finance,Low,complaint_triage,3,1
suggestion to allow mobile wallet payments for the cafeteria and the small stationary shop on campus currently they only take cash which is a bit inconvenient for quick purchases,Fees / Finance,Low,complaint_triage,3,1
the scholarship form pdf is not editable we have to print it out fill it by hand and then scan it again making it a fillable pdf form would be a much more modern and efficient way to handle the process,Fees / Finance,Low,complaint_triage,3,1
request to move the fee deposit box to a more visible location it s currently hidden behind a pillar and many new students miss it and end up standing in the wrong line just to drop off a cheque,Fees / Finance,Low,complaint_triage,3,1
the transaction receipt we get via sms doesn t include the student id number adding that small detail would make it much easier to track the payment if there s ever a dispute,Fees / Finance,Low,complaint_triage,3,1
can the university provide a small finance handbook for the freshmen it would be great to have all the bank details payment dates and refund policies in one place,Fees / Finance,Low,complaint_triage,3,1
the no dues stamp used by the office is very blurry it s hard to read the date and signature on the final clearance form replacing the old rubber stamp with a new one would make the document look more official,Fees / Finance,Low,complaint_triage,3,1
request for a few more staplers at the document submission desk students often forget to staple their challans to their registration forms leading to lost papers a few fixed staplers would prevent this,Fees / Finance,Low,complaint_triage,3,1
the finance section website takes a long time to load on mobile browsers since many of us check our balance on the go a lite version of the site would be very useful,Fees / Finance,Low,complaint_triage,3,1
could the finance office post a holiday list on the main door sometimes we travel from far away only to find the bank and the accounts branch closed for a local festival a clear schedule would save us the trip,Fees / Finance,Low,complaint_triage,3,1
the carpet in the waiting area of the accounts office is quite worn out and has a few trip hazards it might be time to replace it with some easy to clean tiling or a new rug,Fees / Finance,Low,complaint_triage,3,1
suggestion for a feedback box specifically for the accounts department it would be a nice way for students to share their experiences with the fee payment process and suggest improvements,Fees / Finance,Low,complaint_triage,3,1
the instruction stickers on the atm are peeling off it s hard to see which slot is for the card and which is for the receipt a fresh set of stickers would make the machine easier to use for new students,Fees / Finance,Low,complaint_triage,3,1
can the finance office start sending payment successful notifications via the university s official whatsapp bot it s a more reliable way to keep a record than just relying on the website portal,Fees / Finance,Low,complaint_triage,3,1
the privacy screen on the finance office counters is a bit too opaque it s hard to hear the staff through the glass a small speaking hole or an intercom system would make communication much better,Fees / Finance,Low,complaint_triage,3,1
request for a clock in the finance office waiting area it helps us keep track of how long we ve been waiting and ensures we don t miss our next lecture if the queue is moving slowly,Fees / Finance,Low,complaint_triage,3,1
the main water pipe in the basement of block b has burst and is flooding the server room there is about two inches of water on the floor already and it is rising toward the power backup units if the water hits the electrical mains the entire building will short circuit we need a plumbing team and a heavy duty pump here immediately to prevent a total blackout and equipment damage,Maintenance,High,complaint_triage,4,2
gas leak detected near the chemistry lab storage area there is a very strong distinct smell of lpg wafting into the corridor of the west wing this is an extreme fire hazard especially with students performing experiments nearby i have evacuated the immediate area but we need a technician to shut off the main valve and check the pipes right now,Maintenance,High,complaint_triage,4,2
elevator stuck between the 5th and 6th floors with four students inside the emergency alarm is ringing but the lift car isn t moving and the fan has stopped working one of the students is starting to panic due to the heat and lack of ventilation we need the lift technician to manually override the system and rescue them before they run out of air,Maintenance,High,complaint_triage,4,2
exposed high voltage wires in the laundry room after the heavy rain the insulation on the main dryer cable has frayed and is sparking near a puddle of water on the floor anyone walking in there to collect their clothes is at risk of electrocution this area needs to be cordoned off and the power cut immediately for repairs,Maintenance,High,complaint_triage,4,2
main entrance glass door shattered in the girls hostel a heavy gust of wind slammed the door and it has broken into large sharp shards across the lobby since it is the ground floor entrance anyone can enter the premises now and students are walking barefoot near the glass we need an emergency cleanup and a temporary board installed for security,Maintenance,High,complaint_triage,4,2
ceiling plaster fell on a student s bed in room 302 of the old wing a large chunk of the roof collapsed this morning and the rest of the ceiling looks severely cracked and water damaged it is unsafe for the residents to stay in that room as another collapse is imminent we need an immediate structural assessment and a room shift for the occupants,Maintenance,High,complaint_triage,4,2
total power failure in the medical wing of the campus clinic the backup generator is not kicking in and there are temperature sensitive vaccines stored in the refrigerators if the power isn t restored in the next hour thousands of dollars worth of medication will be ruined please send an emergency electrician to bypass the faulty breaker,Maintenance,High,complaint_triage,4,2
heavy sewage backup in the ground floor washrooms of block c foul water is overflowing from the drains and entering the residential rooms it is a massive health risk and the smell is becoming unbearable for the entire block we need a professional drainage clearing team to address this blockage immediately,Maintenance,High,complaint_triage,4,2
broken window latch on a ground floor room facing the main road the lock snapped and the window can now be opened from the outside by anyone this is a major security breach for the student living there especially at night i cannot leave my room unattended please send a carpenter to fix the latch before sunset,Maintenance,High,complaint_triage,4,2
fire alarm system is malfunctioning and sounding continuously in block d it has been going off for 20 minutes but there is no fire however because it won t stop students are ignoring it which is dangerous if a real emergency occurs we need the system reset and the faulty sensor replaced immediately,Maintenance,High,complaint_triage,4,2
main gate of the faculty residential area is jammed and won t open an ambulance is trying to get through for an emergency call but the electronic gates are unresponsive we need someone to manually release the gears or cut the lock right now to allow the emergency vehicle through,Maintenance,High,complaint_triage,4,2
large tree limb has fallen across the power lines near the cafeteria the lines are sagging dangerously low and are humming loudly if they snap they will hit the crowded walkway below maintenance needs to clear the branch and secure the lines before someone gets hurt,Maintenance,High,complaint_triage,4,2
smoke coming from the central air conditioning vent in the auditorium during the seminar we noticed a burning smell and grey smoke emitting from the ceiling units we have turned off the ac but we need a technician to inspect the motor for a fire before the next session begins,Maintenance,High,complaint_triage,4,2
structural crack widened significantly on the 2nd floor balcony after the minor tremor last night the gap in the concrete has doubled in size we are worried about the balcony s weight bearing capacity please cordon off the area and send a civil engineer to inspect the stability today,Maintenance,High,complaint_triage,4,2
water tank overflow is flooding the stairwell of block e the float valve has failed and hundreds of gallons of water are cascading down the stairs making them extremely slippery this is wasting a massive amount of water and creating a fall hazard for everyone in the building,Maintenance,High,complaint_triage,4,2
basement flooding near the main circuit breakers rainwater is seeping through the foundation and pooling around the electrical panels if the water level rises another inch it will trigger a mass short circuit we need sandbags and a suction pump here now,Maintenance,High,complaint_triage,4,2
corroded railing on the 4th floor terrace has snapped a student leaned on it and a section of the metal gave way thankfully they didn t fall but that entire side of the roof is now unprotected this needs to be welded or replaced urgently before tonight,Maintenance,High,complaint_triage,4,2
the emergency exit door in the library is jammed shut in case of a fire people on the second floor would be trapped as the main stairs would be the only exit this is a serious safety violation the door needs to be unjammed and the hinges lubricated today,Maintenance,High,complaint_triage,4,2
steam pipe leak in the mess kitchen a high pressure valve has started leaking hot steam near the cooking vats it is too dangerous for the staff to prepare dinner we need a mechanical technician to replace the valve so the kitchen can resume operations,Maintenance,High,complaint_triage,4,2
unstable scaffolding left by the painting crew the metal structure near the entrance is swaying in the wind and looks like it might tip over onto the student walkway it needs to be secured or dismantled immediately before it causes an accident,Maintenance,High,complaint_triage,4,2
chemical spill in the basement storage room a shelf collapsed and several containers of industrial cleaning agents have leaked and are reacting there are localized fumes and we need a hazmat trained maintenance member to neutralize the spill,Maintenance,High,complaint_triage,4,2
the main boiler has reached critical pressure levels the gauge is in the red and the pressure release valve isn t popping we need a boiler technician to bleed the system immediately to prevent a rupture in the basement,Maintenance,High,complaint_triage,4,2
bees nest in the air vent of room 412 swarms of bees are entering the room through the ac duct and my roommate has already been stung twice she is allergic to stings we need an exterminator and the duct sealed before we can re enter the room,Maintenance,High,complaint_triage,4,2
sinkhole appearing in the parking lot a section of the asphalt has collapsed near the drain and is about three feet deep it is right in the path of incoming cars we need it cordoned off and filled before a vehicle falls in,Maintenance,High,complaint_triage,4,2
the overhead water tank lid has blown off in the storm birds and debris are falling into our drinking water supply this is an immediate hygiene issue for the 200 residents of this block please secure the lid or install a new one today,Maintenance,High,complaint_triage,4,2
the air conditioning in the computer lab is not cooling properly with 40 students and all the machines running the temperature is reaching 30 degrees it is becoming very difficult to focus on our coding lab the filters probably need cleaning or the gas needs a refill,Maintenance,Medium,complaint_triage,4,0
persistent dampness on the wall of room 215 ever since the rains started a large wet patch has appeared and mold is starting to grow it smells very musty and is affecting my breathing at night we need a waterproofing specialist to check the exterior wall,Maintenance,Medium,complaint_triage,4,0
one of the four burners in the hostel pantry is not working the ignition sparks but the flame won t catch so there is always a faint smell of gas when someone tries to use it it makes cooking very slow during the evening rush please have it serviced,Maintenance,Medium,complaint_triage,4,0
the communal shower in the north wing has a very weak flow it takes forever to get the soap off because the water just trickles out we think the showerhead is clogged with lime scale could maintenance replace the head or descale the pipes this week,Maintenance,Medium,complaint_triage,4,0
squeaky ceiling fan in the study hall the fan in the corner makes a loud metallic grinding noise whenever it s on speed 3 or higher it is very distracting for everyone trying to study in silence a simple oiling of the motor should fix the issue,Maintenance,Medium,complaint_triage,4,0
the hallway lights on the 3rd floor of block g have been dead for three days it is pitch black at night and we have to use our phone torches to find our room keys it s a safety issue for the students please replace the tube lights or check the starter,Maintenance,Medium,complaint_triage,4,0
slow drainage in the mess washbasin every time we wash our hands before lunch the water pools up and takes 10 minutes to go down it s getting quite dirty and leaves a lot of residue the u bend under the sink likely needs to be cleared of debris,Maintenance,Medium,complaint_triage,4,0
the door closer in the library is too tight the door slams shut with a loud bang every time someone enters which is constant it disrupts the quiet environment and might eventually break the glass please adjust the hydraulic tension on the arm,Maintenance,Medium,complaint_triage,4,0
exhaust fan in the bathroom is not rotating the room stays very humid and the mirrors are constantly fogged up which is leading to more mold on the tiles i ve checked the switch but the motor seems to be burnt out requesting a replacement,Maintenance,Medium,complaint_triage,4,0
the floor tiles in the lobby are loose several of the large marble tiles near the reception desk wobble when you step on them someone is going to trip if they aren t re cemented soon this has been an issue for over a week now,Maintenance,Medium,complaint_triage,4,0
window pane is vibrating loudly during high winds the glass in room 504 seems to have come loose from the putty or the frame it makes a very annoying rattling sound all night can maintenance apply some sealant to stop the vibration,Maintenance,Medium,complaint_triage,4,0
the gym treadmill has a frayed belt it s starting to slip when you run at higher speeds which could cause someone to fall off the machine is otherwise fine but the belt definitely needs to be replaced before it snaps completely,Maintenance,Medium,complaint_triage,4,0
pest control needed for the common room we have seen cockroaches and silverfish near the sofas and under the tv cabinet it s getting a bit unhygienic for us to sit there and eat snacks please schedule a professional spray for the weekend,Maintenance,Medium,complaint_triage,4,0
the water cooler in the faculty block is leaking there is a constant puddle of water on the wooden floor which is starting to warp the planks it looks like the internal drainage pipe is disconnected please fix the leak to save the flooring,Maintenance,Medium,complaint_triage,4,0
broken towel rack in the washroom the metal bar has come off the wall on one side because the screws have pulled out of the drywall i have no place to hang my clothes while showering can maintenance re install it with better anchors,Maintenance,Medium,complaint_triage,4,0
the clock in the main hallway is stuck it s been showing 10 15 for two days it s a small thing but it s the only clock we have to check if we are on time for our lectures please replace the battery or the unit,Maintenance,Medium,complaint_triage,4,0
bicycle rack is rusting and one of the bars has snapped it has a sharp edge that could scratch someone s leg or puncture a tire it needs a quick weld and a fresh coat of anti rust paint to make it usable again,Maintenance,Medium,complaint_triage,4,0
request for better weather stripping on the balcony door during the rain yesterday water seeped under the door and soaked my rug a simple rubber strip at the bottom of the door would prevent this from happening again,Maintenance,Medium,complaint_triage,4,0
the paint is peeling off the radiator in my room the old flakes are falling onto my bed and it looks very untidy since the radiator is still working it just needs a quick scrape and a heat resistant touch up before the winter starts,Maintenance,Medium,complaint_triage,4,0
automatic hand dryer in the cafeteria is not sensing anything it stays off even when you put your hands directly under it this leads to people using a lot of paper towels which is wasteful please check the ir sensor,Maintenance,Medium,complaint_triage,4,0
loose door handle on the seminar room you have to jiggle it several times to get it to latch properly sometimes students get locked in for a few seconds because it won t turn it just needs the internal screws tightened,Maintenance,Medium,complaint_triage,4,0
the outdoor benches in the courtyard are splintering the wood has weathered poorly and it s impossible to sit on them without catching your clothes or getting a splinter they need to be sanded down and revarnished for the students,Maintenance,Medium,complaint_triage,4,0
the water pressure in the bidet spray is way too high it s almost painful to use and it splashes water everywhere in the stall could the plumber adjust the pressure valve for the ground floor washrooms,Maintenance,Medium,complaint_triage,4,0
intermittent buzzing from the fluorescent lights in lt 1 one of the ballasts is failing and the constant hum is making it hard to hear the professor s voice clearly can maintenance replace the faulty ballast after classes end,Maintenance,Medium,complaint_triage,4,0
the lock on the post box is jammed i can t get my mail out because the key won t turn in the cylinder i ve tried using some oil but it didn t help i need a locksmith or the maintenance team to open it and replace the lock,Maintenance,Medium,complaint_triage,4,0
the privacy screen in the girls shower area is torn it s a thick plastic curtain but the rings have pulled through the top it provides very little privacy now requesting a new heavy duty curtain to be installed,Maintenance,Medium,complaint_triage,4,0
stairwell railing is loose between the 3rd and 4th floors the metal pipe wobbles when you hold it for support this is a safety concern for anyone carrying heavy books or laundry please tighten the wall brackets,Maintenance,Medium,complaint_triage,4,0
the microwave in the student pantry is not heating food evenly one side of the plate stays cold while the other is boiling it might be the rotating base or the magnetron failing can we have it checked by an appliance technician,Maintenance,Medium,complaint_triage,4,0
dust accumulation in the ac vents of the reading room whenever the air turns on it blows out a cloud of dust that triggers my allergies the vents haven t been vacuumed in a long time please schedule a cleaning of the duct covers,Maintenance,Medium,complaint_triage,4,0
the mirror in the washroom has developed black spots it looks like the silvering is coming off from the back due to the moisture it makes it very hard to see clearly it s time for a new mirror to be fitted,Maintenance,Medium,complaint_triage,4,0
one of the stalls in the men s room has a broken latch you have to hold the door with one hand while using the facility this has been broken for a month a simple sliding bolt would fix this easily,Maintenance,Medium,complaint_triage,4,0
the water dispenser is making a loud vibrating noise every time it chills the water the whole unit rattles against the wall it s very annoying for the students in the adjacent study room please check the compressor mounts,Maintenance,Medium,complaint_triage,4,0
the window mesh in room 108 is torn mosquitoes are getting in at night even when the glass is closed because the screen is loose i would appreciate it if maintenance could replace the mesh with a new one,Maintenance,Medium,complaint_triage,4,0
request for a doorstopper in the common room the door keeps swinging shut because of the draft and then people have to keep opening it a simple wedge or a floor mounted stopper would be a great addition,Maintenance,Medium,complaint_triage,4,0
the floor boards in the old music room are creaking loudly every time someone walks across the floor it makes a piercing sound we think some of the nails have come loose can maintenance secure the loose planks,Maintenance,Medium,complaint_triage,4,0
the paint in the study room is a bit scuffed it s not a major issue but the walls look a bit dirty from where chairs have rubbed against them a fresh coat of white paint would make the room feel much brighter and cleaner,Maintenance,Low,complaint_triage,4,1
the door handle to the terrace is a bit stiff it works fine but you have to use a bit more force than usual to turn it a quick spray of wd 40 on the mechanism would probably make it move smoothly again,Maintenance,Low,complaint_triage,4,1
request for more coat hooks in the individual study carrels currently there is nowhere to hang a jacket or a bag so they end up on the floor adding two small hooks to each booth would be a very helpful upgrade,Maintenance,Low,complaint_triage,4,1
the signage for the different wings is starting to fade new students are getting confused because the block b sign is hard to read from the entrance it would be nice to have them repainted or replaced with bolder text,Maintenance,Low,complaint_triage,4,1
could we have a few more mats at the entrance of the hostel during the rainy season the existing ones get soaked very quickly and then people just track mud into the hallway two extra rubber mats would help keep the floors clean,Maintenance,Low,complaint_triage,4,1
the clock in the cafeteria is five minutes slow it s not a big deal but it does cause some confusion for students trying to get to their 1 pm lectures on time it just needs to be synced with the digital campus clock,Maintenance,Low,complaint_triage,4,1
one of the legs on the common room coffee table is slightly uneven it wobbles just a little bit when you put a drink on it a small felt pad under the short leg would easily fix the balance,Maintenance,Low,complaint_triage,4,1
the window handles in the seminar hall are a bit dusty it looks like they were missed during the last cleaning round a quick wipe down with a damp cloth is all they need to look new again,Maintenance,Low,complaint_triage,4,1
suggestion for a small lost and found shelf near the maintenance office people often find keys or small tools and don t know where to drop them off a designated wooden shelf would be very useful for the community,Maintenance,Low,complaint_triage,4,1
the lighting in the laundry room is a bit yellow switching to a cool white led would make it much easier to see if there are any stains left on our white lab coats it s a minor preference but it would help,Maintenance,Low,complaint_triage,4,1
the door to the pantry makes a slight squeak when it opens it s not loud enough to bother most people but a drop of oil on the hinges would make the environment a bit quieter during late night study sessions,Maintenance,Low,complaint_triage,4,1
request for a bulletin board in the maintenance hallway we currently tape all our repair requests to the door which leaves sticky residue a proper cork board would be a much tidier way to manage the notices,Maintenance,Low,complaint_triage,4,1
the trash cans in the courtyard don t have lids this means that sometimes the wind blows lighter pieces of paper back onto the grass switching to bins with flap lids would keep the area looking much neater,Maintenance,Low,complaint_triage,4,1
the floor in the gym area has a few scuff marks from where the weights were moved it doesn t affect the usage but a good buffing or a deep clean would make the facility look much more professional,Maintenance,Low,complaint_triage,4,1
could we have a few more plants in the lobby area it s a bit stark at the moment and some greenery would make the maintenance office entrance look much more welcoming for the students,Maintenance,Low,complaint_triage,4,1
the stapler at the reception desk is always running out of pins it would be great if the maintenance staff could keep a small box of staples nearby so students don t have to keep asking around,Maintenance,Low,complaint_triage,4,1
the handrails in the stairwell are a bit sticky it seems like something was spilled on them recently a quick cleaning with some disinfectant would make them much more pleasant to use,Maintenance,Low,complaint_triage,4,1
the maintenance sign on the office door is slightly crooked it s a very minor aesthetic issue but leveling it out would give a better impression of the department s attention to detail,Maintenance,Low,complaint_triage,4,1
suggestion to add a suggestion box for infrastructure improvements we often have ideas for small things like better bike racks or extra benches and a box would be a great way to collect those thoughts,Maintenance,Low,complaint_triage,4,1
the water pressure in the water fountain near the gym is a bit low it s hard to fill up a large bottle quickly it s not a major problem but a small adjustment to the valve would be appreciated,Maintenance,Low,complaint_triage,4,1
the blinds in the computer lab have a small cord that is fraying they still work fine for now but the cord might snap in a few months it would be good to replace it before it becomes a real problem,Maintenance,Low,complaint_triage,4,1
the paint on the courtyard benches is starting to look a bit dull a fresh coat of varnish next semester would help protect the wood from the sun and keep them looking nice for the students,Maintenance,Low,complaint_triage,4,1
request for a few more mirrors in the common washrooms currently there is only one for four sinks which causes a bit of a queue in the morning adding two more would speed up our morning routine,Maintenance,Low,complaint_triage,4,1
the digital clock in the lobby has a very bright blue display that is a bit piercing at night if there s a way to dim it or switch it to a softer color like red or amber it would be much better,Maintenance,Low,complaint_triage,4,1
one of the tiles in the shower area has a small chip it s not sharp enough to cut anyone but it s a bit of an eyesore filling it with a bit of white grout would make the floor look perfect again,Maintenance,Low,complaint_triage,4,1
the doorstop in room 204 has come loose the rubber part fell off so the door hits the wall now it just needs to be screwed back in or replaced with a new one to prevent wall damage,Maintenance,Low,complaint_triage,4,1
could the maintenance team check the alignment of the lockers in block c some of them are slightly slanted which makes the whole row look a bit disorganized it s a very minor structural fix,Maintenance,Low,complaint_triage,4,1
the caution wet floor signs are looking a bit dirty since they are used in the main lobby it would be good to give them a scrub so they look professional and are clearly visible to everyone,Maintenance,Low,complaint_triage,4,1
request for a small rack for wet umbrellas at the entrance of the maintenance wing it would stop people from bringing dripping umbrellas inside and making the floor slippery for the staff,Maintenance,Low,complaint_triage,4,1
the lighting in the back corner of the study hall is a bit dim for reading textbooks replacing the 40w bulb with a 60w one would make it a much more usable space for late night sessions,Maintenance,Low,complaint_triage,4,1
the door to the storage room has a few old stickers on it that are half peeled removing them and cleaning the adhesive would make the hallway look much tidier and more official,Maintenance,Low,complaint_triage,4,1
suggestion to add a few more no smoking signs in the garden area some people are ignoring the current ones because they are small larger clearer signs would help enforce the campus policy,Maintenance,Low,complaint_triage,4,1
the sink in the pantry has a small scratch in the stainless steel it doesn t affect the function at all but using a bit of metal polish might help minimize the appearance of the mark,Maintenance,Low,complaint_triage,4,1
request for more frequent weeding of the small flower beds near the hostel entrance a few weeds are starting to poke through the mulch and it would look much nicer if they were pulled,Maintenance,Low,complaint_triage,4,1
the power outlets in the common room are a bit loose in the wall they work fine but they wiggle a bit when you plug in a charger tightening the faceplate screws would solve the issue,Maintenance,Low,complaint_triage,4,1
the exit sign over the side door is slightly dim it s still readable but it might need a new bulb soon to stay compliant with the safety regulations for the building,Maintenance,Low,complaint_triage,4,1
the library sign in the east wing has a slightly loose bracket it s not in danger of falling yet but it rattles a bit when the ac kicks in tightening the two screws on the side would make it perfectly stable again,Maintenance,Low,complaint_triage,4,1
request to reposition the trash bin in the common area by a few feet currently it s placed right under the light switch which makes it a bit awkward to reach for the button in the dark moving it to the corner would be a better layout,Maintenance,Low,complaint_triage,4,1
the whiteboards in the student lounge have some ghosting from old markers a standard cleaning spray doesn t seem to work could the maintenance staff provide a bottle of professional board restorer for us to use,Maintenance,Low,complaint_triage,4,1
the door to the faculty restroom has a coat of paint that is slightly uneven near the bottom it s a very minor aesthetic flaw that probably occurred during the last touch up re sanding and a quick thin coat would smooth it out,Maintenance,Low,complaint_triage,4,1
the morning shuttle at 8 30 am is always completely packed many students are forced to stand right next to the driver s seat or wait for the next one which makes them late for their first lecture it would be great if an extra bus could be added for this specific slot,Transport,Low,complaint_triage,5,1
i think it would be a good idea to put a bench at the north gate pickup point there is currently nowhere to sit while waiting for the loop bus which is a bit of a hassle when you re carrying heavy books or a laptop bag,Transport,Low,complaint_triage,5,1
the 9 00 pm shuttle driver was driving incredibly fast through the pedestrian zone near the library i almost got hit while crossing this kind of reckless behavior is terrifying and someone is going to get seriously hurt if this isn t addressed immediately,Transport,High,complaint_triage,5,2
i m currently stranded at the campus perimeter because the 5 00 pm bus never showed up and i have a final exam starting in 15 minutes there s no other way to get to the hall on time please help me get there before the doors close,Transport,High,complaint_triage,5,2
for the third day in a row the ac in bus number 12 isn t working it s nearly 40 degrees outside and the cabin is like an oven it s very difficult to focus on my notes when i m sweating through my clothes before i even reach the department,Transport,Medium,complaint_triage,5,0
my student id card isn t being recognized by the scanner on the blue route buses every time i board i have to explain the situation to the driver which holds up the line i ve already been to the admin office and they said the card is fine so it must be the bus scanners,Transport,Medium,complaint_triage,5,0
can we get a digital tracker for the shuttle sometimes the bus arrives five minutes early and we miss it and other times it s ten minutes late and we re just standing there wondering if it s coming at all,Transport,Low,complaint_triage,5,1
the stairs on the 42nd street bus are becoming loose and wobbly i saw a student trip and nearly fall off the vehicle this morning this needs to be fixed before the metal completely gives way,Transport,High,complaint_triage,5,2
i noticed that the bike racks on the front of the campus shuttles are often full maybe we could look into installing a few more racks so more people are encouraged to cycle instead of taking their cars,Transport,Low,complaint_triage,5,1
the evening route home is consistently skipping the stop near the engineering block we wait there for ages and watch the bus go by on the main road without turning in this has happened four times this week and it s very frustrating,Transport,Medium,complaint_triage,5,0
i left my blue umbrella on the 2 15 pm shuttle today i sat near the back if the driver found it could you let me know where i can go to pick it up,Transport,Low,complaint_triage,5,1
the shuttle driver was using his phone to watch videos while driving the highway stretch between campuses he was barely looking at the road and drifting between lanes i felt completely unsafe and had to get off early,Transport,High,complaint_triage,5,2
there s a strange burning smell coming from the engine of the morning bus that runs through the south campus it s been happening for a few days now and it makes me worried about the vehicle s maintenance,Transport,Medium,complaint_triage,5,0
the weekend shuttle schedule is very confusing the timings posted on the website don t match the actual times the bus arrives could the pdf be updated to reflect the current routes,Transport,Low,complaint_triage,5,1
during the rain yesterday the roof of the bus was leaking right over the middle seats my bag and laptop got soaked this is a basic maintenance issue that shouldn t be happening,Transport,Medium,complaint_triage,5,0
someone spilled coffee all over the back row of the 10 00 am shuttle and it s still there sticky and smelling bad it would be nice if the interiors were cleaned more frequently during the day,Transport,Low,complaint_triage,5,1
the driver of the midday loop was incredibly rude to an international student today he shouted at her because she didn t understand how the pass system worked it was very unprofessional and made everyone on the bus uncomfortable,Transport,Medium,complaint_triage,5,0
is there any way to extend the shuttle service by one hour on friday nights many of us stay late at the lab and having to walk back to the dorms in the dark feels unsafe,Transport,Low,complaint_triage,5,1
the brakes on the bus ending in plate 442 are screeching very loudly every time it stops it sounds like the pads are completely worn out and it s quite alarming to hear when the bus is full of people,Transport,High,complaint_triage,5,2
i ve noticed the shuttle stops aren t very well lit at night as a student who works late shifts at the library waiting at the north stop feels very sketchy installing even one small light would make a big difference for safety,Transport,High,complaint_triage,5,2
why does the bus driver always take a 20 minute break at the student center it s right in the middle of the route and it makes everyone late for their next class can the shift changes happen at the terminus instead,Transport,Low,complaint_triage,5,1
i lost my wallet on the bus this morning it s a brown leather one with my license and some cash if it s been turned in please let me know i really need those ids back for my internship interview tomorrow,Transport,Medium,complaint_triage,5,0
the 8 00 am bus simply didn t show up today a group of about 30 of us were left waiting and most of us missed our mid term presentations we need a more reliable service for morning peak hours,Transport,High,complaint_triage,5,2
the bus stop sign near the gymnasium has fallen over it s lying in the grass and new students don t know where to stand to catch the shuttle,Transport,Low,complaint_triage,5,1
there was a physical altercation between two students on the bus this afternoon and the driver didn t do anything to intervene or call security it was a very scary environment and i didn t feel safe staying on the vehicle,Transport,High,complaint_triage,5,2
the shuttle route is too long by the time it reaches the outskirts of the campus it s already 40 minutes into the trip maybe splitting it into two smaller loops would be more efficient for everyone,Transport,Low,complaint_triage,5,1
i noticed that the handicap ramp on the main campus bus is broken a student in a wheelchair couldn t board today and had to wait for the next bus which also had a faulty ramp this is a major accessibility issue,Transport,Medium,complaint_triage,5,0
i m very upset because the driver closed the doors right in my face even though he saw me running i was only two feet away now i m going to be late for my lab and my grade will be docked,Transport,Medium,complaint_triage,5,0
the bus windows are so dirty you can barely see out of them it s hard to know which stop we re at especially when it s dark outside a simple wash once a week would help,Transport,Low,complaint_triage,5,1
the 11 00 pm shuttle stop is located in a very isolated area with no cctv i saw someone suspicious hanging around there last night and i think the stop should be moved closer to the well lit main road for student safety,Transport,High,complaint_triage,5,2
every time the bus hits a pothole the entire overhead rack rattles like it s going to fall off it s very distracting when trying to read,Transport,Low,complaint_triage,5,1
the shuttle service keeps changing the route without updating the app i waited for an hour today at a stop that apparently isn t being used anymore please communicate these changes better,Transport,Medium,complaint_triage,5,0
there is a huge crack in the windshield of the bus that does the inter campus run it s right in the driver s line of sight and seems like a major safety hazard if a rock hits it,Transport,High,complaint_triage,5,2
could we have more frequent buses during finals week the library is packed 24 7 and the current shuttle frequency isn t enough to handle the number of students leaving at 2 00 am,Transport,Medium,complaint_triage,5,0
the driver was smoking inside the bus while waiting at the terminus the whole cabin smelled like cigarettes when we boarded which is gross and also against campus policy,Transport,Low,complaint_triage,5,1
the morning bus is consistently 15 minutes late if this continues i m going to have to start paying for ubers because i can t keep missing the start of my 9 00 am seminar,Transport,Medium,complaint_triage,5,0
i accidentally dropped my keys down the gap in the folding doors of the bus i need them to get into my apartment tonight is there any way for maintenance to check the door mechanism,Transport,Medium,complaint_triage,5,0
the bus was so overcrowded today that students were literally pressed against the doors if the driver had to brake suddenly those doors could have given way this is a disaster waiting to happen,Transport,High,complaint_triage,5,2
i d like to suggest adding a request stop button to the older buses right now you have to shout to the driver or pull a string that doesn t always work,Transport,Low,complaint_triage,5,1
the heater on the bus is stuck on full blast it s already warm outside and we re all suffocating in there the driver says he can t turn it off because the knob is broken,Transport,Medium,complaint_triage,5,0
i saw a group of non students using the shuttle to get across town this made the bus too full for actual students who pay for this service through their fees there should be an id check,Transport,Low,complaint_triage,5,1
the driver started driving before a student with crutches had a chance to sit down she fell over and hit her head we need drivers who are more mindful of students with mobility issues,Transport,High,complaint_triage,5,2
the 4 00 pm shuttle route takes a very long detour through the construction site it adds 15 minutes to the trip for no reason is there a more direct path available,Transport,Low,complaint_triage,5,1
my bus pass was overcharged this month i usually pay for the student discount rate but the system took the full faculty amount i need a refund of the difference,Transport,Medium,complaint_triage,5,0
i witnessed a student being harassed by a group of people on the late night shuttle the driver didn t notice because he had headphones in we need better monitoring on the night routes,Transport,High,complaint_triage,5,2
the seats in the back of the bus are ripped and the foam is coming out it looks terrible and makes the whole campus look bad to visitors,Transport,Low,complaint_triage,5,1
the bus driver refused to let me on with my project model even though it wasn t that big i had to walk 20 minutes in the wind and it got damaged i don t understand why there isn t a clearer policy on luggage,Transport,Medium,complaint_triage,5,0
i missed my flight home because the airport shuttle provided by the university broke down on the highway and no backup was sent for two hours i had to buy a new ticket which cost me 300,Transport,High,complaint_triage,5,2
can we have a lost and found section on the transport website it would be much easier than calling the office every time someone loses a hat or a glove,Transport,Low,complaint_triage,5,1
the bus driver was being very aggressive with his horn and yelling at other drivers in traffic it was very embarrassing and made the university look bad,Transport,Medium,complaint_triage,5,0
the shuttle at 7 30 am is always empty maybe that resource could be moved to the 10 00 am slot when the buses are overflowing,Transport,Low,complaint_triage,5,1
i think i left my phone on the seat of the green line bus it s a black iphone if anyone finds it please call the admin office i need it for my multi factor authentication for my exams,Transport,High,complaint_triage,5,2
the bus stop signs are fading and you can t read the route numbers anymore it would be helpful to have them repainted or replaced,Transport,Low,complaint_triage,5,1
the driver missed the turn for the east dorms and refused to go back he told us we had to walk from the next stop which is over a mile away in the dark,Transport,Medium,complaint_triage,5,0
i feel like the drivers need more training on how to operate the new electric buses they are very jerky with the brakes and it makes a lot of people feel motion sick,Transport,Medium,complaint_triage,5,0
the 3 00 pm shuttle is always 10 minutes late which means i miss my connection to the city bus could the schedule be adjusted to be more realistic,Transport,Low,complaint_triage,5,1
there was a large dog on the bus today that wasn t a service animal it was barking at people and made many students uncomfortable aren t pets supposed to be in carriers,Transport,Low,complaint_triage,5,1
i am writing to report a driver who was making inappropriate comments to female students as they boarded the bus this is a huge safety and harassment issue and needs to be handled immediately,Transport,High,complaint_triage,5,2
the bus schedule on the mobile app is completely different from the one printed at the bus stop which one are we supposed to follow,Transport,Low,complaint_triage,5,1
i had a flat tire on my bike and tried to use the bus but the bike rack was broken and wouldn t lock i had to leave my bike behind and now it s been stolen,Transport,Medium,complaint_triage,5,0
the 8 00 am bus broke down on the main bridge and we were stuck there for 45 minutes i missed my 8 30 am quiz which is 10 of my grade is there any way to get a formal note for my professor,Transport,High,complaint_triage,5,2
the floor of the bus is extremely slippery when it rains i saw several people almost wipe out today maybe some non slip mats could be installed near the doors,Transport,Medium,complaint_triage,5,0
i noticed that the shuttle doesn t run during the spring break some of us stay on campus to work or study and it s very hard to get around without the buses,Transport,Low,complaint_triage,5,1
the bus driver almost hit a cyclist because he didn t check his blind spot before turning into the campus gate he didn t even stop to see if the guy was okay,Transport,High,complaint_triage,5,2
there is a lot of litter on the night buses it would be great if there were small trash cans installed near the exits so people don t just leave their bottles on the floor,Transport,Low,complaint_triage,5,1
the bus driver keeps skipping the stop at the medical center he says no one is ever there but i ve been there twice this week and had to wave him down frantically just to get him to stop,Transport,Medium,complaint_triage,5,0
is there a way to track the shuttle s carbon emissions it would be a cool project for our environmental science class if that data was made public,Transport,Low,complaint_triage,5,1
the emergency exit handle on bus 309 looks like it s been tampered with it s hanging by a thread and might fall off which seems like a major safety violation,Transport,High,complaint_triage,5,2
the shuttle route is very bumpy near the construction site it s hard to write or work on a laptop during the commute could the path be rerouted slightly,Transport,Low,complaint_triage,5,1
i was overcharged for my parking permit this semester i was supposed to get the early bird discount but the system charged me the full price,Transport,Medium,complaint_triage,5,0
the driver was driving with the door open while the bus was moving a student was standing right there and could have easily fallen out this is a total disregard for safety,Transport,High,complaint_triage,5,2
the bus stop at the stadium doesn t have a roof when it s raining we all get soaked while waiting for the shuttle a simple shelter would be amazing,Transport,Low,complaint_triage,5,1
the bus driver told me i couldn t board because the bus was full but i could clearly see several empty seats in the back i think he just wanted to leave early,Transport,Medium,complaint_triage,5,0
someone left a bag of groceries on the bus there are perishables like milk and eggs in there it s been sitting there since the 11 00 am run,Transport,Low,complaint_triage,5,1
i missed my graduation ceremony because the special event shuttle never arrived at the designated parking lot i am beyond devastated and want to know why there was no backup plan,Transport,High,complaint_triage,5,2
the seats on the new buses are very narrow it s quite uncomfortable when the bus is full and you re squeezed in between two other people,Transport,Low,complaint_triage,5,1
my bus pass stopped working after i put it near my phone is there a way to get a replacement without paying the 20 fee since it s just a technical error,Transport,Medium,complaint_triage,5,0
the driver of the afternoon shuttle was yelling at a student for asking a simple question about the route it was very aggressive and uncalled for,Transport,Medium,complaint_triage,5,0
the bus stop at the north end is obscured by overgrown bushes drivers can t see students waiting there and often drive right past,Transport,Low,complaint_triage,5,1
there was a group of people drinking alcohol on the bus last night they were being loud and spilling drinks on the seats the driver didn t seem to care,Transport,High,complaint_triage,5,2
the shuttle frequency during the summer term is way too low waiting 40 minutes for a bus when it s 100 degrees outside is miserable,Transport,Medium,complaint_triage,5,0
i found a set of car keys on the 9 00 am bus they have a toyota keychain i gave them to the driver just letting the office know in case someone calls,Transport,Low,complaint_triage,5,1
the 5 30 pm bus is always late because of the traffic at the main intersection maybe the route could be changed to avoid that light,Transport,Low,complaint_triage,5,1
the driver didn t wait for me to get off the bus and closed the door on my arm i have a huge bruise and it really hurts this is incredibly dangerous,Transport,High,complaint_triage,5,2
i was waiting for the bus for 30 minutes and then two buses arrived at the exact same time this happens almost every day the spacing needs to be better,Transport,Medium,complaint_triage,5,0
the bus stop near the library is always full of trash it would be nice if there was a bigger bin there that got emptied more often,Transport,Low,complaint_triage,5,1
i saw a student s backpack get caught in the bus door as it was pulling away the driver didn t notice until we all started screaming we need better sensors on those doors,Transport,High,complaint_triage,5,2
the shuttle service to the off campus housing is very unreliable sometimes it comes sometimes it doesn t we pay a lot for this and expect better,Transport,Medium,complaint_triage,5,0
can we get some posters on the bus about basic etiquette like letting people off before boarding and not playing music without headphones,Transport,Low,complaint_triage,5,1
the bus driver was speeding in a school zone near the campus daycare there were kids everywhere and he was going at least 40 in a 20 zone,Transport,High,complaint_triage,5,2
the ac in the bus is so cold that i have to bring a jacket even when it s hot outside can the temperature be set to something more reasonable,Transport,Low,complaint_triage,5,1
the bus driver missed my stop even though i pulled the cord well in advance when i told him he just shrugged and told me to get off at the next one,Transport,Medium,complaint_triage,5,0
i left my lab notebook on the bus yesterday it has all my data for my thesis i am desperate to find it please let me know if it s in the lost and found,Transport,High,complaint_triage,5,2
the shuttle stop at the student union is always crowded and there s no clear line it s just a mass of people shoving to get on we need some railings to organize the queue,Transport,Low,complaint_triage,5,1
the 6 00 pm bus is consistently overcrowded people are standing in the stairwells which is a safety risk we need a larger bus for this time slot,Transport,Medium,complaint_triage,5,0
the bus driver was making very sharp turns and several people fell out of their seats he s driving like he s in a race not carrying students,Transport,High,complaint_triage,5,2
is there a way to get a shuttle to the train station on friday afternoons a lot of us go home for the weekend and it would be much easier than taking a taxi,Transport,Low,complaint_triage,5,1
the bus driver refused to lower the bus for an elderly visitor who was struggling to get up the steps it was very heartless and unnecessary,Transport,Medium,complaint_triage,5,0
the 7 00 am bus has a very loud engine noise that sounds like something is rattling around inside it s been like this for a month,Transport,Low,complaint_triage,5,1
i missed my final project submission because the bus driver took a wrong turn and got stuck in a dead end street for 30 minutes my professor won t accept the late work,Transport,High,complaint_triage,5,2
i noticed that the lock on the side door of the humanities building doesn t click shut properly anyone can just walk in without swiping their id card even after hours,Security / Discipline,Medium,complaint_triage,6,0
there is a group of people at the library entrance who are being very loud and making it hard to study they ve been there for two hours and don t seem to be students,Security / Discipline,Low,complaint_triage,6,1
help a fight just broke out in the courtyard between two guys and one of them looks like he s seriously hurt there is blood on the pavement and nobody is stepping in to stop it please send someone right now,Security / Discipline,High,complaint_triage,6,2
i think i left my wallet in the cafeteria around 12 30 pm it s a small black cardholder with my student id and some cash if anyone turned it in please let me know,Security / Discipline,Low,complaint_triage,6,1
someone has been following me from the lab to my dorm for the past three nights they stay about twenty feet back and hide whenever i turn around i m terrified to walk home alone tonight and i m currently hiding in the lobby,Security / Discipline,High,complaint_triage,6,2
my bike was stolen from the racks outside the science block i locked it at 9 00 am and when i came back at 3 00 pm the lock was cut and the bike was gone this is the second time this month i ve seen a cut lock there,Security / Discipline,Medium,complaint_triage,6,0
i d like to suggest putting more mirrors in the corners of the parking garage stairwells it s very hard to see if someone is coming around the bend and it feels a bit sketchy at night,Security / Discipline,Low,complaint_triage,6,1
someone is currently trying to kick down the door of my dorm room i m locked inside and i don t know who it is but they are screaming threats please get here fast i think the wood is starting to splinter,Security / Discipline,High,complaint_triage,6,2
there are students smoking in the non smoking zone near the gymnasium the smoke drifts right into the vents and makes the whole locker room smell it s a violation of the campus health code,Security / Discipline,Low,complaint_triage,6,1
i witnessed a student being harassed and bullied by a group near the fountain they were filming it and laughing while the person was crying it didn t look like a joke at all and felt very malicious,Security / Discipline,High,complaint_triage,6,2
my laptop was taken from my desk in the library when i went to the restroom for five minutes i have my final thesis on there and no backup is there any way to check the camera footage for that floor,Security / Discipline,Medium,complaint_triage,6,0
there is a very suspicious bag left unattended under the bench at the main bus stop it s been there for over an hour and i haven t seen anyone claim it given the current safety protocols i thought i should report it,Security / Discipline,High,complaint_triage,6,2
can we get more regular patrols around the back of the auditorium it s very dark back there and i ve seen people who don t look like students hanging out and drinking late at night,Security / Discipline,Medium,complaint_triage,6,0
i saw some graffiti on the wall of the new arts building it looks like it was done with permanent marker it would be good to get it cleaned off before more people add to it,Security / Discipline,Low,complaint_triage,6,1
i am trapped in the elevator in the engineering block the emergency button isn t working and it s starting to get really hot in here i ve been stuck for 20 minutes and i m starting to panic,Security / Discipline,High,complaint_triage,6,2
someone is selling what looks like exam answer keys in the student lounge they are charging fifty dollars and targeting freshmen this seems like a major breach of academic integrity,Security / Discipline,Medium,complaint_triage,6,0
the streetlights on the path leading to the north dorms are all flickering or completely out it s pitch black at night and i ve seen people tripping on the uneven pavement,Security / Discipline,Medium,complaint_triage,6,0
i found a set of keys near the sports field they have a class of 2024 keychain i ve left them with the front desk but wanted to make sure there s a record in case the owner calls,Security / Discipline,Low,complaint_triage,6,1
i just saw someone climb through a window on the first floor of the girls hostel they were wearing a hoodie and definitely didn t look like they lived there this happened about two minutes ago,Security / Discipline,High,complaint_triage,6,2
my roommate is bringing unauthorized guests into our room every single night and they stay until 4 00 am it s making it impossible for me to sleep or study and it s against our housing contract,Security / Discipline,Medium,complaint_triage,6,0
there s a drone flying very low near the dormitory windows it feels like a huge invasion of privacy as it s clearly recording inside the rooms can we have a policy on drone usage over living areas,Security / Discipline,Low,complaint_triage,6,1
i was just mugged at knifepoint behind the cafeteria the person took my phone and my bag and ran towards the woods i m shaken up but not physically injured please send help,Security / Discipline,High,complaint_triage,6,2
someone has been scratching cars in the faculty parking lot i found a long key mark on my passenger door this afternoon this is the third car i ve seen with similar damage this week,Security / Discipline,Medium,complaint_triage,6,0
i d like to report a broken window in the basement of the old library it looks like someone threw a rock through it it s a safety hazard because of the glass on the floor,Security / Discipline,Low,complaint_triage,6,1
there is a massive party happening in room 402 of block b there are at least 50 people in a room meant for four and they are throwing bottles off the balcony someone is going to get hit,Security / Discipline,High,complaint_triage,6,2
i suspect my lab partner is stealing chemicals from the supply closet i saw them putting glass vials into their backpack when they thought i wasn t looking this is dangerous and illegal,Security / Discipline,Medium,complaint_triage,6,0
the emergency blue light phone near the lake doesn t seem to be working i tried to test it because the light was out and there was no dial tone or response this is a major safety risk if someone is in trouble,Security / Discipline,High,complaint_triage,6,2
could we have a workshop on basic self defense for students with the recent increase in petty thefts around campus i think a lot of people would feel more confident if they knew some basic moves,Security / Discipline,Low,complaint_triage,6,1
someone is using a fake id to get into the campus bar i saw them showing it to the staff and it was clearly not them i don t want the university to get in trouble for underage drinking,Security / Discipline,Low,complaint_triage,6,1
i m being blackmailed by an ex partner who says they will release private photos of me on the university discord server if i don t give them money i don t know who to talk to about this,Security / Discipline,High,complaint_triage,6,2
the fire exit in the basement of the chemistry lab is blocked by a bunch of old crates and equipment if there was a fire we wouldn t be able to get out please clear this immediately,Security / Discipline,High,complaint_triage,6,2
i ve noticed a lot of non students using the campus gym lately they don t have badges and they are taking up all the equipment that we pay for with our tuition can we have stricter entrance checks,Security / Discipline,Low,complaint_triage,6,1
my locker in the gym was broken into today my watch and my wallet are gone i thought those lockers were supposed to be secure but the door was just pried open,Security / Discipline,Medium,complaint_triage,6,0
there is a stray dog on campus that looks very aggressive it s been growling at people walking to the dining hall and i m worried it might bite a student who isn t paying attention,Security / Discipline,Medium,complaint_triage,6,0
i m getting anonymous threatening emails to my student account they contain my home address and details about my daily schedule i feel like i m being stalked and i m scared to leave my room,Security / Discipline,High,complaint_triage,6,2
i d like to report that the vending machine in the student union has been tampered with the coin slot is jammed with something and it looks like someone tried to pry the front panel off,Security / Discipline,Low,complaint_triage,6,1
there s a strong smell of gas in the hallway of the physics building it s getting stronger and making people feel dizzy we need an evacuation and a check of the lines right now,Security / Discipline,High,complaint_triage,6,2
i saw someone trying to pick the lock on a parked scooter near the main gate when they saw me they tucked a tool into their pocket and walked away quickly toward the city side,Security / Discipline,Medium,complaint_triage,6,0
the back gate of the university is often left propped open with a rock so people can get in without their ids this completely defeats the purpose of having a fenced campus,Security / Discipline,Medium,complaint_triage,6,0
i lost my prescription glasses near the track field they are in a red case if they ve been found please let me know as i literally can t see my lectures without them,Security / Discipline,Low,complaint_triage,6,1
there is an intruder in our dorm building a man who doesn t live here is wandering the halls and knocking on doors asking for the girl in the photo he looks very agitated and is shouting,Security / Discipline,High,complaint_triage,6,2
some students are using the roof of the library as a hangout spot i saw them climbing up the fire escape earlier it s a long drop and they are sitting right on the edge,Security / Discipline,Medium,complaint_triage,6,0
i d like to report a case of identity theft someone is using my student credentials to access the lab equipment and i m getting billed for materials i never used i need my account locked,Security / Discipline,Medium,complaint_triage,6,0
i noticed that the cctv camera in the east parking lot has been spray painted over it s been like that for two days which means that whole area is currently unmonitored,Security / Discipline,Medium,complaint_triage,6,0
a student is being held against their will in a car in the south parking lot i saw them struggling and shouting for help as the car drove off the plate started with xyz please help,Security / Discipline,High,complaint_triage,6,2
the authorized personnel only door in the server room was left wide open today there was nobody inside and all the hardware was exposed this seems like a huge security oversight,Security / Discipline,Medium,complaint_triage,6,0
i think it would be a good idea to have more safe walk volunteers available during finals week the library stays open 24 7 but many people are afraid to walk back to their cars at 4 00 am,Security / Discipline,Low,complaint_triage,6,1
i saw a student handing out flyers for an illegal gambling ring happening in the basement of the dorms they are betting large amounts of money and things are getting tense between players,Security / Discipline,Medium,complaint_triage,6,0
there is an active fire in the trash bin behind the cafeteria the flames are reaching the wooden fence nearby we need a fire extinguisher and professional help immediately,Security / Discipline,High,complaint_triage,6,2
i witnessed a hit and run in the student parking lot a silver suv hit a parked motorcycle and just drove off without leaving a note i have a partial license plate number if you need it,Security / Discipline,Medium,complaint_triage,6,0
i lost my student id card somewhere between the gym and the library i ve already deactivated it but if someone finds it i d like to get it back so i don t have to pay for a new one,Security / Discipline,Low,complaint_triage,6,1
someone is throwing water balloons from the 5th floor of the dorms at people walking below it s annoying and someone s laptop almost got ruined can someone go up there and tell them to stop,Security / Discipline,Low,complaint_triage,6,1
my ex boyfriend is standing outside my classroom and won t let me leave he s yelling and making a scene i have a restraining order against him and he s not supposed to be on campus,Security / Discipline,High,complaint_triage,6,2
there s a group of people using the university s high speed internet to host an illegal file sharing server it s slowing down the connection for everyone else in the building,Security / Discipline,Low,complaint_triage,6,1
i saw a man taking photos of students through the windows of the locker rooms he ran away when he realized i saw him he was wearing a grey hoodie and carrying a professional camera,Security / Discipline,High,complaint_triage,6,2
the emergency exit sign in the auditorium is burnt out if there was a power outage it would be impossible to find the way out in the dark,Security / Discipline,Low,complaint_triage,6,1
someone stole the catalytic converter off my car while it was parked in the overnight lot the car is now making a deafening noise and i can t drive it home this is getting out of hand,Security / Discipline,Medium,complaint_triage,6,0
i noticed that the security guard at the front gate is often asleep during the night shift i ve walked past him three times this week and he didn t even notice i was there,Security / Discipline,Medium,complaint_triage,6,0
there is a person on the roof of the 10 story admin building and they are standing very close to the edge they look like they might jump please send a crisis team immediately,Security / Discipline,High,complaint_triage,6,2
a group of students is using the chemistry lab after hours without supervision to make some kind of homemade fireworks i m worried they are going to cause an explosion,Security / Discipline,High,complaint_triage,6,2
i found a suspicious usb drive plugged into one of the public computers in the library i didn t open it because i was afraid of malware but it looked intentionally hidden,Security / Discipline,Low,complaint_triage,6,1
someone is consistently stealing packages from the mailroom area my textbook was delivered yesterday but when i went to pick it up the box was gone many others are complaining too,Security / Discipline,Medium,complaint_triage,6,0
i was just threatened with a weapon in the park area near the campus entrance the guy told me to give him my watch or he d hurt me i managed to run away but he s still there,Security / Discipline,High,complaint_triage,6,2
the gate to the construction site is wide open and there are kids playing on the scaffolding it s really dangerous and someone is going to fall and get killed,Security / Discipline,High,complaint_triage,6,2
i d like to report a student for plagiarism but they are also threatening me if i tell the professor i feel unsafe and don t know how to handle the disciplinary side of this,Security / Discipline,Medium,complaint_triage,6,0
the panic button in my office isn t responding i tried to do a routine check and the light didn t come on can someone from the technical team come and fix it today,Security / Discipline,Medium,complaint_triage,6,0
there is a large group of people protesting outside the main hall and they are blocking the entrance so nobody can get to their exams things are starting to get heated between students and protesters,Security / Discipline,Medium,complaint_triage,6,0
i saw someone breaking the locks on the vending machines in the basement of the dorms they have a bag full of snacks and cash they are still there right now,Security / Discipline,Medium,complaint_triage,6,0
i am being stalked by a student in my major they follow me to every class and wait outside the bathroom for me i ve told them to stop but they won t i m starting to feel very unsafe,Security / Discipline,High,complaint_triage,6,2
someone spilled oil all over the stairs in the science building and didn t clean it up i saw two people slip and fall already it s a major hazard,Security / Discipline,Medium,complaint_triage,6,0
i d like to suggest more frequent bag checks at the entrance of the stadium for tonight s game there are rumors that some people are planning to bring in prohibited items,Security / Discipline,Low,complaint_triage,6,1
a student just collapsed in the hallway and is having a seizure there s no one around who knows first aid we need medical assistance at the west wing immediately,Security / Discipline,High,complaint_triage,6,2
someone is using the university s name and logo to run a scam on social media asking for tuition deposits via venmo several students have already lost money,Security / Discipline,Medium,complaint_triage,6,0
i witnessed a student being physically assaulted by their partner in the parking lot the person was being pushed against a car and looked like they were in a lot of pain,Security / Discipline,High,complaint_triage,6,2
the backup generator for the security lights in the dorms didn t kick in during the brief power flicker today if the power goes out for real we will be in total darkness,Security / Discipline,Medium,complaint_triage,6,0
there is a drone hovering outside my third story window and it s been there for ten minutes this is a massive breach of my privacy and i want it stopped,Security / Discipline,Medium,complaint_triage,6,0
i found a knife hidden in the bushes near the daycare center i haven t touched it it looks like it was ditched there recently,Security / Discipline,High,complaint_triage,6,2
my roommate has a cat in our dorm room which is strictly against the rules because i have a severe allergy i ve asked them to move it but they refuse i can t breathe in my own room,Security / Discipline,Medium,complaint_triage,6,0
i d like to report a faulty lock on the equipment shed near the athletic fields it s very easy to just pull the door open without a key,Security / Discipline,Low,complaint_triage,6,1
someone is trying to break into the pharmacy in the health center i can hear glass breaking and there are shadows moving inside it s 2 00 am and the center is closed,Security / Discipline,High,complaint_triage,6,2
there is a lot of broken glass in the sand at the campus volleyball court it s very dangerous for people playing barefoot can it be cleaned up,Security / Discipline,Low,complaint_triage,6,1
i received a physical letter in my campus mailbox that contains a death threat it s made of cut out magazine letters i m at the security desk now but it s empty,Security / Discipline,High,complaint_triage,6,2
someone is operating an unauthorized food stall in the quad they aren t wearing gloves and the food doesn t look like it s being kept at the right temperature,Security / Discipline,Low,complaint_triage,6,1
i saw a group of people jumping the fence into the campus pool after it was closed they were drinking and pushing each other into the deep end there s no lifeguard on duty,Security / Discipline,Medium,complaint_triage,6,0
i was just involved in a fender bender near the main gate the other driver is being very aggressive and refusing to show me their insurance i feel threatened by their behavior,Security / Discipline,Medium,complaint_triage,6,0
there s a person in the computer lab who is looking at very disturbing and violent imagery it s making everyone around them feel extremely uncomfortable and unsafe,Security / Discipline,Medium,complaint_triage,6,0
i noticed that the fire extinguishers in the old dorm building are all expired the inspection tags say they were last checked three years ago,Security / Discipline,Medium,complaint_triage,6,0
a student is being bullied in the group chat for our course the messages have turned into threats of physical violence i have screenshots if you need to see them,Security / Discipline,Medium,complaint_triage,6,0
i think someone is living in the basement of the library i found a sleeping bag some food wrappers and personal items tucked behind the old archives,Security / Discipline,Low,complaint_triage,6,1
there is an unattended pressure cooker sitting in the middle of the hallway in the physics department it looks very suspicious and nobody knows who it belongs to,Security / Discipline,High,complaint_triage,6,2
i d like to report a student for using a stolen credit card at the campus bookstore i saw the name on the card and it definitely didn t match their id,Security / Discipline,Low,complaint_triage,6,1
someone is shining a high powered laser pointer into the eyes of drivers entering the campus this is incredibly dangerous and could cause a major accident,Security / Discipline,High,complaint_triage,6,2
i found a backpack full of expensive camera gear in the park i ve brought it to the lost and found but i wanted to make sure it was logged,Security / Discipline,Low,complaint_triage,6,1
my dorm room was ransacked while i was at dinner my jewelry and my passport are missing the door was locked so i don t know how they got in,Security / Discipline,High,complaint_triage,6,2
there is a tree branch that has partially fallen and is hanging over the main walking path it looks like it could fall the rest of the way at any moment,Security / Discipline,Medium,complaint_triage,6,0
i saw someone trying to sell drugs behind the basketball courts they were showing a small bag of pills to a group of younger students,Security / Discipline,High,complaint_triage,6,2
the card reader at the entrance of the girls dorm is broken we have to leave the door propped open so people can get in which means anyone can enter the building,Security / Discipline,High,complaint_triage,6,2
i d like to report a case of harassment by a faculty member they have been sending me inappropriate messages and implying that my grade depends on me meeting them outside of school,Security / Discipline,High,complaint_triage,6,2
someone is using the emergency exit as a regular door in the science building and the alarm keeps going off every five minutes it s making it impossible to focus on the lecture,Security / Discipline,Low,complaint_triage,6,1
i witnessed a student being forced into a van near the edge of campus the van was white and had no plates it happened very fast and they were screaming,Security / Discipline,High,complaint_triage,6,2
i ve been trying to pay my semester tuition for three days now but the portal keeps giving me a server error 500 the payment deadline is today at 5 00 pm and if i don t pay i ll lose my enrollment and my scholarship please i need a manual way to pay or an extension immediately,Administration,High,complaint_triage,7,2
my name is spelled incorrectly on the official graduation list it says jonathon instead of jonathan i ve already submitted the correction form twice but it still hasn t been updated on the portal,Administration,Low,complaint_triage,7,1
i urgently need my official transcript for a visa interview that is happening tomorrow morning i requested it two weeks ago and was told it would be ready by today but the office says it s still in process without this document my study abroad plans are ruined,Administration,High,complaint_triage,7,2
i d like to suggest that the administration office stays open until 6 00 pm on wednesdays many of us have labs all day and can never make it before you close at 4 30 pm,Administration,Low,complaint_triage,7,1
my student portal shows that i owe a 500 library fee but i haven t checked out a single book all year i went to the library and they confirmed i owe nothing so this must be an administrative error on my account,Administration,Medium,complaint_triage,7,0
i m trying to register for my final year electives but the system says i haven t completed the prerequisites for advanced ai even though i passed the introductory course last semester with an a the registration window closes in two hours and the class is almost full,Administration,High,complaint_triage,7,2
i submitted my application for the work study program over a month ago and haven t heard anything back most of my friends already have their assignments could someone please check if my application was even received,Administration,Medium,complaint_triage,7,0
the contact us form on the university website is broken every time i hit submit the page just refreshes and clears all my text it s very frustrating when trying to reach out for help,Administration,Low,complaint_triage,7,1
i was told my scholarship would be disbursed by the first week of the month it s now the third week and i don t have enough money to pay my rent or buy groceries i need to know exactly when the funds will be released,Administration,High,complaint_triage,7,2
i ve noticed that the degree audit tool in the portal is very confusing it says i m missing a core credit that doesn t exist in my curriculum handbook a simple guide on how to read the audit would be very helpful,Administration,Low,complaint_triage,7,1
my student id card has been blocked for administrative reasons but nobody can tell me why i can t get into the lab the library or the dining hall i feel like i m being locked out of the university i pay for,Administration,Medium,complaint_triage,7,0
i just received an email saying i ve been withdrawn from the university for non attendance but i have attended every single lecture there must be a massive mistake in the digital roll call system please fix this before my parents see the notification,Administration,High,complaint_triage,7,2
the printer in the self service admin kiosk is out of ink again i m trying to print my enrollment certificate for a bank loan and i can t wait until monday for a refill,Administration,Low,complaint_triage,7,1
i ve been waiting in the queue at the registrar s office for three hours there is only one person working at the desk while five others are visible in the back just chatting this is a total lack of respect for student time,Administration,Medium,complaint_triage,7,0
my transfer credits from my previous university still haven t appeared on my record after four months this is preventing me from enrolling in upper level courses i ve sent the syllabus three times now,Administration,Medium,complaint_triage,7,0
i m an international student and my i 20 form has a mistake in the funding section i have my flight in two days and i cannot clear customs with an incorrect document this is a critical error that needs to be fixed today,Administration,High,complaint_triage,7,2
can we get a digital version of the student handbook the physical copies are heavy and most of us just end up losing them anyway,Administration,Low,complaint_triage,7,1
the refund for my canceled housing contract hasn t been processed yet it s been 60 days and the policy says it should take 30 i really need that money back for my current living expenses,Administration,Medium,complaint_triage,7,0
i witnessed a staff member at the front desk being extremely dismissive and rude to a student who was struggling with a language barrier it was very unprofessional and didn t reflect well on our campus values,Administration,Medium,complaint_triage,7,0
is there a way to update my emergency contact information online currently the portal says i have to come to the office in person which seems a bit outdated for 2026,Administration,Low,complaint_triage,7,1
my minor in psychology is not showing up on my graduation application i have completed all the requirements but the system only lists my major i don t want to graduate with an incomplete degree,Administration,Medium,complaint_triage,7,0
i am receiving a hold on my account for a medical immunization record that i already uploaded three times i can t register for classes until this hold is removed,Administration,Medium,complaint_triage,7,0
i m trying to change my major from biology to chemistry but the advisor says the admin department hasn t processed the paperwork i signed two months ago now the chemistry classes are all full,Administration,Medium,complaint_triage,7,0
i think the deadline for the late drop should be extended with the flu going around many of us missed the original date because we were too sick to even get out of bed,Administration,Low,complaint_triage,7,1
i just found out that my financial aid was reduced by 50 without any prior notice i can t afford the remaining balance and i ll have to drop out this week if this isn t corrected,Administration,High,complaint_triage,7,2
the university calendar says that monday is a holiday but my professor says we have an exam who is right there is zero consistency in the communications we are getting,Administration,Medium,complaint_triage,7,0
i need a letter confirming my student status for my health insurance provider is there an automated way to generate this or do i have to wait for someone to type it up manually,Administration,Low,complaint_triage,7,1
my student email has been deactivated without warning i have all my project files and communication with recruiters in that inbox i need access restored immediately,Administration,High,complaint_triage,7,2
there is a mistake in the grading for my senior project the professor says they submitted a b but the portal shows a d he told me it s an admin entry error and that i need to talk to you,Administration,Medium,complaint_triage,7,0
i d like to request a change of my student advisor my current one never replies to emails and has missed our last three scheduled zoom appointments,Administration,Low,complaint_triage,7,1
i accidentally paid my fees twice because the website froze and i refreshed the page now i have a negative balance of 4 000 i need this money back in my bank account as soon as possible,Administration,High,complaint_triage,7,2
the queue system in the admin building is broken the numbers on the screen don t match the tickets people are holding and everyone is just shouting over each other,Administration,Medium,complaint_triage,7,0
can the university start accepting apple pay for on campus admin fees carrying around exact change for transcript copies is very inconvenient,Administration,Low,complaint_triage,7,1
i was overcharged for my graduation gown rental i returned it on time but the system says i was three days late and charged me a 100 penalty,Administration,Low,complaint_triage,7,1
i need to report a breach of confidentiality my private medical records were accidentally emailed to the entire student body listserv by an admin assistant this is a massive violation of my privacy,Administration,High,complaint_triage,7,2
the online portal for study abroad applications is incredibly slow it takes five minutes to load a single page and then it often times out and loses all my progress,Administration,Low,complaint_triage,7,1
i m trying to apply for a student loan but the bank says the university hasn t verified my enrollment status despite multiple requests from their side the deadline for the loan is tomorrow,Administration,High,complaint_triage,7,2
i ve been waiting for my replacement student id for three weeks i have to get a temporary pass every single morning which is a waste of time for both me and the security guards,Administration,Medium,complaint_triage,7,0
the policy regarding incomplete grades is very vague can someone please clarify if i have one semester or one year to finish the work before it turns into an f,Administration,Low,complaint_triage,7,1
i just found out my name isn t on the list for the upcoming career fair even though i registered and paid the entrance fee i have an interview scheduled there and i need to be let in,Administration,High,complaint_triage,7,2
my parent s access to the gusest portal isn t working they are trying to help me with my financial planning but they can t see the billing statements,Administration,Low,complaint_triage,7,1
i m being charged for a meal plan that i specifically opted out of during registration i have the confirmation email proving i chose the no meal plan option,Administration,Medium,complaint_triage,7,0
the dean s list certificates were mailed to my old address even though i updated my current one on the portal months ago now my documents are lost in the mail,Administration,Low,complaint_triage,7,1
i m an athlete and i need my eligibility certificate by noon today to play in the tournament tonight admin said they would sign it yesterday but it s still sitting on someone s desk,Administration,High,complaint_triage,7,2
there are several typos in the official university commencement program it s very embarrassing to have misspelled names and titles for such a formal event,Administration,Low,complaint_triage,7,1
i received an academic probation warning but my gpa is 3 8 there is clearly a glitch in the data processing for the faculty of engineering this is causing me a lot of unnecessary stress,Administration,High,complaint_triage,7,2
can we get a clearer map of the administrative building finding the student accounts window is like trying to navigate a maze,Administration,Low,complaint_triage,7,1
the wi fi in the admin lobby is non existent since we have to wait there for hours it would be nice to at least be able to do some homework while we sit,Administration,Low,complaint_triage,7,1
i missed the deadline to apply for my teaching assistantship because the portal was down for maintenance the entire final day this wasn t announced beforehand,Administration,Medium,complaint_triage,7,0
my change of address hasn t been processed so my tax forms were sent to a house i moved out of a year ago i am very worried about my social security number being exposed,Administration,High,complaint_triage,7,2
i d like to know if there are any grants available for students who are attending international conferences the website mentions funding but the link is dead,Administration,Low,complaint_triage,7,1
my diploma arrived in the mail today and it is bent and creased because it was shoved into a small envelope i paid 50 for this and expected it to be handled with care,Administration,Medium,complaint_triage,7,0
i am currently in the registrar s office and they are refusing to let me speak to a supervisor even though the clerk has made a major error on my file i m not leaving until this is resolved,Administration,Medium,complaint_triage,7,0
the system won t let me register for my capstone project because it says i m not a senior but i have 95 credits i need someone to manualy override my status so i can graduate on time,Administration,High,complaint_triage,7,2
why is there a fee for transcript verification most other universities provide this for free as part of their student services it feels like we are being nickel and dimed for everything,Administration,Low,complaint_triage,7,1
i was dropped from my nursing clinicals because the admin office lost my cpr certification card i gave them the original and now they say they never saw it i can t finish my degree without those hours,Administration,High,complaint_triage,7,2
i d like to suggest that the university uses a more modern platform for course registration the current 90s style interface is incredibly hard to use on mobile devices,Administration,Low,complaint_triage,7,1
my financial aid counselor has been changed four times this semester every time i get a new one i have to re explain my entire financial situation from scratch it s exhausting,Administration,Medium,complaint_triage,7,0
i accidentally clicked withdraw from university instead of withdraw from course i need this undone immediately before my visa is revoked and i m forced to leave the country,Administration,High,complaint_triage,7,2
the course catalog for next year still isn t available and we are supposed to start picking our classes next week how are we supposed to plan our schedules,Administration,Medium,complaint_triage,7,0
i found a bug in the student portal that allows me to see other people s grades this is a huge security flaw and needs to be fixed before someone with bad intentions finds it,Administration,High,complaint_triage,7,2
i m trying to apply for the hardship fund but the application requires a signature from a person who is currently on sabbatical is there an alternative signer,Administration,Medium,complaint_triage,7,0
i d like to report that the admin office is frequently closing 15 minutes earlier than the posted time i got there at 4 15 yesterday and the doors were already locked,Administration,Low,complaint_triage,7,1
my parking permit was mailed to the wrong dorm someone else now has a permit that i paid 200 for and i m getting tickets for parking without one,Administration,Medium,complaint_triage,7,0
i ve been trying to call the financial aid office for two hours and the line is just busy do you only have one phone line for 20 000 students,Administration,Low,complaint_triage,7,1
i m a veteran and my gi bill benefits haven t been certified by the university yet the va says they are waiting on you if this isn t done by friday i won t get my housing allowance,Administration,High,complaint_triage,7,2
there is a mistake in the room assignment for my mid term exam the portal says room 302 but the professor says room 105 half the class is going to go to the wrong place,Administration,Medium,complaint_triage,7,0
i d like to request a formal letter of recommendation from the dean s office for a prestigious internship what is the standard procedure for this,Administration,Low,complaint_triage,7,1
my statement of account is completely unreadable it s just a list of codes like fee 01 and ad 99 with no explanation of what i m actually paying for,Administration,Low,complaint_triage,7,1
i am trapped in a loop between the department head and the admin office each says the other is responsible for signing my overload request my class starts in an hour and i m not on the list,Administration,High,complaint_triage,7,2
i was charged a late registration fee even though i registered on the very first day the system time stamp is clearly wrong,Administration,Low,complaint_triage,7,1
i need a copy of my 1098 t form for my taxes the portal says it s available but when i click the link nothing happens my tax deadline is this weekend,Administration,Medium,complaint_triage,7,0
i suspect that my scholarship was revoked by mistake i still meet all the gpa and credit requirements but my account shows i m now paying the out of state rate,Administration,High,complaint_triage,7,2
can the university provide a more detailed breakdown of where our general student fee goes it s a lot of money and we don t see much benefit from it,Administration,Low,complaint_triage,7,1
my student email is being flooded with admin notifications for events i never signed up for is there a way to opt out of these mass emails,Administration,Low,complaint_triage,7,1
i was promised a tuition waiver for my research assistant position but i just got a bill for the full amount my supervisor is out of the country and i can t reach them to verify,Administration,High,complaint_triage,7,2
the student success portal is anything but it has crashed three times while i was trying to upload my mandatory advising worksheet,Administration,Low,complaint_triage,7,1
i need to change my legal name in the system following my marriage i have all the court documents ready can i do this via email or do i have to come in,Administration,Low,complaint_triage,7,1
i missed my chance to study abroad in japan because the admin office took six weeks to sign a simple good standing form by the time i got it the program was full i am extremely disappointed,Administration,High,complaint_triage,7,2
my transcript shows an f for a class i dropped during the add drop period i have the confirmation number from the day i dropped it this is going to ruin my grad school applications,Administration,High,complaint_triage,7,2
the forgot password link on the student portal isn t sending any emails i ve checked my spam and my alternate email i m locked out of my homework assignments,Administration,Medium,complaint_triage,7,0
i d like to suggest that the university uses a more eco friendly paper for its mass mailings or better yet stop mailing us physical letters for things that could be an email,Administration,Low,complaint_triage,7,1
i m being blocked from graduation because of a 5 late fee from three years ago that i was never told about this is ridiculous i ve already paid 80 000 in tuition,Administration,Medium,complaint_triage,7,0
my letter of completion has the wrong graduation date on it my employer needs the correct date to start my contract next week please re issue it today,Administration,High,complaint_triage,7,2
the staff at the records office are taking their lunch break all at the same time leaving the desk unattended for an hour there is a huge line forming,Administration,Low,complaint_triage,7,1
i applied for a course waiver based on my professional experience it s been three months and i still don t have an answer i need to know if i have to take this class or not,Administration,Medium,complaint_triage,7,0
my pell grant disappeared from my financial aid package overnight i haven t changed my status or my income i need to know what happened to my funding,Administration,High,complaint_triage,7,2
is there a way to get my student id photo changed the one i have is from four years ago and i don t even look like that person anymore,Administration,Low,complaint_triage,7,1
i received a bill for damaged property in my dorm but i haven t lived in that dorm for two years the admin office has clearly mixed up my student id with someone else s,Administration,Medium,complaint_triage,7,0
i am being charged in state tuition even though i am an international student i don t want to get in trouble later for a mistake the university made so i m reporting it now,Administration,Medium,complaint_triage,7,0
i need an emergency loan to cover my medical bills after a car accident i saw there is an emergency fund on the website who is the specific admin person i need to speak to,Administration,High,complaint_triage,7,2
the class schedule search tool is down and i need to find the room number for my 9 00 am class it s 8 50 am and i m just standing in the quad lost,Administration,Medium,complaint_triage,7,0
my work study paycheck was short by 10 hours this week my supervisor says he approved all my hours so the error must be in the payroll processing,Administration,Medium,complaint_triage,7,0
i was overcharged for my orientation fee i m a transfer student and i was told the fee would be waived but it was still added to my bill,Administration,Low,complaint_triage,7,1
i need a certificate of english proficiency for an internship in the uk does the administration provide this based on our grades or do i have to take an external test,Administration,Low,complaint_triage,7,1
my enrollment verification was sent to the wrong insurance company now my health coverage is being canceled because they think i m no longer a student,Administration,High,complaint_triage,7,2
the graduation fee is 150 can someone explain why it costs so much just to get a piece of paper that we already earned,Administration,Low,complaint_triage,7,1
i m trying to add a second major but the system says i ve exceeded the maximum credit limit i need an administrative override to continue my studies,Administration,Medium,complaint_triage,7,0
i lost my financial aid award letter and i need it for a housing application today can i come by and get a stamped copy immediately,Administration,Medium,complaint_triage,7,0
my degree was mailed to my parents house and the mailman left it in the rain it s completely ruined since this was an admin choice to mail it without protection will i get a free replacement,Administration,Medium,complaint_triage,7,0
lms is not allowing assignment upload,Academics,Medium,query_test,2,0
how to reset my university portal password,Academics,Medium,query_test,2,0
i cannot download my hall ticket for tomorrow s exam,Academics,High,query_test,2,2
fee payment deadline is today but portal is not working,Library,High,query_test,8,2
my admit card has incorrect details,Academics,High,query_test,2,2
please share syllabus for data science course,Academics,Low,query_test,2,1
i want to change my elective subject,Academics,Medium,query_test,2,0
my exam form is not submitted and tomorrow is the last date,Academics,High,query_test,2,2
how to join student clubs,Academics,Low,query_test,2,1
i have not received my scholarship amount,Academics,High,query_test,2,2
request for internship approval letter,Academics,Medium,query_test,2,0
what is the hostel application procedure,Academics,Low,query_test,2,1
i need a bonafide certificate,Academics,Medium,query_test,2,0
what are university working hours,Academics,Low,query_test,2,1
when will the library issue new id cards,Academics,Low,query_test,2,1
